gene_name,family,species_label,container,n_samples,mean_rel_exp,median_rel_exp,max_rel_exp
ABCB1,ABC,Human,BloodCells,498,0.03964935331900994,0.02969243928105319,0.32273332689950324
ABCB1,ABC,Human,Bone,15,0.04372350425640702,0.04307817017399652,0.08917863403241157
ABCB1,ABC,Human,Brain,1616,0.06714228268771733,0.051410695338542645,0.9146155177862778
ABCB1,ABC,Human,Breasts,41,0.04636388760248815,0.034911368053799095,0.15328240905635904
ABCB1,ABC,Human,Caecum,41,0.21215304732972298,0.05788834688787526,1
ABCB1,ABC,Human,Cartilage,13,0.031077582840658733,0.025742933833999046,0.06036418793480233
ABCB1,ABC,Human,ColonAscendens,41,0.21215304732972298,0.05788834688787526,1
ABCB1,ABC,Human,ColonDescendens,41,0.21215304732972298,0.05788834688787526,1
ABCB1,ABC,Human,ColonSigmoid,150,0.07411597216814579,0.01880783155639853,1
ABCB1,ABC,Human,ColonTransversum,163,0.10820650333989515,0.054453832158731875,1
ABCB1,ABC,Human,Duodenum,28,0.1888327376172885,0.06181462615615113,0.6765004932017042
ABCB1,ABC,Human,Embryo,49,0.03313137854817067,0.02736077778836095,0.10289662669258294
ABCB1,ABC,Human,Endometrium,161,0.060874577815692804,0.0409686725819172,0.3504252293503378
ABCB1,ABC,Human,Esophagus,20,0.0332571362521032,0.03198979453785995,0.05765094788173118
ABCB1,ABC,Human,Eye,47,0.12530798533999726,0.051971018416581846,0.40029678131584817
ABCB1,ABC,Human,Fat,770,0.020060072430043097,0.01585436544812498,0.16500293969319993
ABCB1,ABC,Human,GallBladder,7,0.20786545125180583,0.20206133586909691,0.2679400382422958
ABCB1,ABC,Human,Gonads,385,0.042619767944154334,0.0327876911560431,0.3921157058937663
ABCB1,ABC,Human,Heart,305,0.007235381572317228,0.005203843715332143,0.09757643808945751
ABCB1,ABC,Human,Kidney,105,0.17080444742207002,0.07147023325233272,0.7894448380843921
ABCB1,ABC,Human,LargeIntestine,281,0.07570010756431404,0.029108715485703214,1
ABCB1,ABC,Human,LowerIleum,24,0.19306981624848799,0.055701868769205,0.6765004932017042
ABCB1,ABC,Human,LowerJejunum,24,0.19306981624848799,0.055701868769205,0.6765004932017042
ABCB1,ABC,Human,Lung,67,0.04148675895942779,0.031664130954732424,0.31480700151347507
ABCB1,ABC,Human,LymphNode,103,0.17820464297597743,0.14572681619125563,0.5711355447641062
ABCB1,ABC,Human,Muscle,379,0.002854318022885103,0.0012786063504101723,0.2345874943939251
ABCB1,ABC,Human,Myometrium,58,0.08548552732163639,0.04222985156619355,0.6651545969785404
ABCB1,ABC,Human,Pancreas,141,0.061031399781763564,0.02387869619032506,0.33345429976996527
ABCB1,ABC,Human,Pericentral,133,0.048325062855545206,0.034327116521765386,0.24422091833983817
ABCB1,ABC,Human,Periportal,133,0.048325062855545206,0.034327116521765386,0.24422091833983817
ABCB1,ABC,Human,Placenta,10,0.04726743916031317,0.04643293586029122,0.07604093533185059
ABCB1,ABC,Human,Plasma,314,0.008773489663554243,0.007187138661343342,0.1213484756334392
ABCB1,ABC,Human,Rectum,40,0.23809352914862042,0.07512967749124887,1
ABCB1,ABC,Human,SalivaryGland,53,0.01502901476597166,0.013527268560948052,0.07399503288518207
ABCB1,ABC,Human,Skin,441,0.012638592107421964,0.009925825674634538,0.19517054823701915
ABCB1,ABC,Human,SmallIntestine,28,0.1888327376172885,0.06181462615615113,0.6765004932017042
ABCB1,ABC,Human,Spleen,88,0.05137942341749708,0.04527283470285677,0.14612206291167168
ABCB1,ABC,Human,Stomach,143,0.014067012639841133,0.011005735204056604,0.08190589103987889
ABCB1,ABC,Human,Thyroid,202,0.036092689349312763,0.03089382116472417,0.16627091671349906
ABCB1,ABC,Human,Undefined,319,0.05163784868030526,0.04555733362218862,0.21923123960764385
ABCB1,ABC,Human,UpperIleum,24,0.19306981624848799,0.055701868769205,0.6765004932017042
ABCB1,ABC,Human,UpperJejunum,24,0.19306981624848799,0.055701868769205,0.6765004932017042
ABCB1,ABC,Macaque,BloodCells,2,0.02477554335431273,0.02477554335431273,0.027268975207539504
ABCB1,ABC,Macaque,Brain,634,0.04056356479920055,0.03276730141520852,0.37993204922801455
ABCB1,ABC,Macaque,Caecum,3,0.3340709415771328,0.29899404932768897,0.5691039453494106
ABCB1,ABC,Macaque,ColonAscendens,3,0.3340709415771328,0.29899404932768897,0.5691039453494106
ABCB1,ABC,Macaque,ColonDescendens,3,0.3340709415771328,0.29899404932768897,0.5691039453494106
ABCB1,ABC,Macaque,ColonSigmoid,3,0.3340709415771328,0.29899404932768897,0.5691039453494106
ABCB1,ABC,Macaque,ColonTransversum,3,0.3340709415771328,0.29899404932768897,0.5691039453494106
ABCB1,ABC,Macaque,Eye,12,0.027013922367055847,0.027729523399067466,0.0461522303921879
ABCB1,ABC,Macaque,Fat,1,0.0014613016118617736,0.0014613016118617736,0.0014613016118617736
ABCB1,ABC,Macaque,Fibroblast,10,0.3294748045210312,0.35130306400218636,0.5329195893291712
ABCB1,ABC,Macaque,Gonads,48,0.06100721114389039,0.045832592735102595,0.3001919296694643
ABCB1,ABC,Macaque,Heart,46,0.015921057689031144,0.008234997037277248,0.18447264956008028
ABCB1,ABC,Macaque,Kidney,58,0.04656997431528402,0.03671666182921015,0.23424573270481536
ABCB1,ABC,Macaque,LargeIntestine,3,0.3340709415771328,0.29899404932768897,0.5691039453494106
ABCB1,ABC,Macaque,LowerIleum,1,0.19103886027404782,0.19103886027404782,0.19103886027404782
ABCB1,ABC,Macaque,Lung,11,0.12180083367193995,0.09933969540737421,0.255288814751099
ABCB1,ABC,Macaque,Muscle,16,0.01603850294860315,0.01288832372133792,0.044739726192978134
ABCB1,ABC,Macaque,Pericentral,85,0.2364585358141097,0.19589396312512183,1
ABCB1,ABC,Macaque,Periportal,85,0.2364585358141097,0.19589396312512183,1
ABCB1,ABC,Macaque,Rectum,3,0.3340709415771328,0.29899404932768897,0.5691039453494106
ABCB1,ABC,Macaque,SmallIntestine,1,0.19103886027404782,0.19103886027404782,0.19103886027404782
ABCB1,ABC,Macaque,Spleen,7,0.11869169228509173,0.11405721750217696,0.24854342028632076
ABCB1,ABC,Macaque,Undefined,32,0.03002764254763629,0.0245609930688358,0.07498111061629362
ABCB1,ABC,Macaque,UpperIleum,1,0.19103886027404782,0.19103886027404782,0.19103886027404782
ABCB1,ABC,Dog,BloodCells,1,0.006618802346652822,0.006618802346652822,0.006618802346652822
ABCB1,ABC,Dog,Bone,1,0.003985708528721648,0.003985708528721648,0.003985708528721648
ABCB1,ABC,Dog,Brain,43,0.0454729848290501,0.031177035689358878,0.12987845323295455
ABCB1,ABC,Dog,Breasts,2,0.011209461914656755,0.011209461914656755,0.01755728062462113
ABCB1,ABC,Dog,Caecum,13,0.04712078851529565,0.013911810870636724,0.2536882092405053
ABCB1,ABC,Dog,Cartilage,1,0.01006183422539399,0.01006183422539399,0.01006183422539399
ABCB1,ABC,Dog,ColonAscendens,13,0.04712078851529565,0.013911810870636724,0.2536882092405053
ABCB1,ABC,Dog,ColonDescendens,13,0.04712078851529565,0.013911810870636724,0.2536882092405053
ABCB1,ABC,Dog,ColonSigmoid,13,0.04712078851529565,0.013911810870636724,0.2536882092405053
ABCB1,ABC,Dog,ColonTransversum,13,0.04712078851529565,0.013911810870636724,0.2536882092405053
ABCB1,ABC,Dog,Duodenum,2,0.05219541645787279,0.05219541645787279,0.09300512709790394
ABCB1,ABC,Dog,Embryo,1,0.026953290865007896,0.026953290865007896,0.026953290865007896
ABCB1,ABC,Dog,Eye,1,0.15758714489503647,0.15758714489503647,0.15758714489503647
ABCB1,ABC,Dog,Fat,9,0.010643813051121467,0.008318709258604416,0.023207616441801467
ABCB1,ABC,Dog,Gonads,23,0.01944310821756442,0.01651783089061416,0.04209388659356393
ABCB1,ABC,Dog,Heart,23,0.0023829902562977835,0.0019545380115799154,0.00801649524862113
ABCB1,ABC,Dog,Kidney,13,0.03537247594879058,0.013793331314377934,0.10591581615126215
ABCB1,ABC,Dog,LargeIntestine,13,0.04712078851529565,0.013911810870636724,0.2536882092405053
ABCB1,ABC,Dog,LowerIleum,2,0.05219541645787279,0.05219541645787279,0.09300512709790394
ABCB1,ABC,Dog,LowerJejunum,3,0.18578345478173536,0.09300512709790394,0.4529595314294605
ABCB1,ABC,Dog,Lung,15,0.01402723395668775,0.012111321523672077,0.024537070986897763
ABCB1,ABC,Dog,LymphNode,4,0.037053135723217785,0.03676564863164091,0.04074613570104185
ABCB1,ABC,Dog,Muscle,11,0.0018476404298548802,6.297585097099034e-4,0.012211981160269754
ABCB1,ABC,Dog,Pancreas,3,0.007293879033193119,0.0072336979257553325,0.008169900827299782
ABCB1,ABC,Dog,Pericentral,28,0.10685924857431817,0.10238476935303686,0.2936062988322156
ABCB1,ABC,Dog,Periportal,28,0.10685924857431817,0.10238476935303686,0.2936062988322156
ABCB1,ABC,Dog,Placenta,1,0.010070601621012544,0.010070601621012544,0.010070601621012544
ABCB1,ABC,Dog,Rectum,13,0.04712078851529565,0.013911810870636724,0.2536882092405053
ABCB1,ABC,Dog,SalivaryGland,1,0.009371169899734924,0.009371169899734924,0.009371169899734924
ABCB1,ABC,Dog,Skin,15,0.011238330651188982,0.003827762716968877,0.0891232063496857
ABCB1,ABC,Dog,SmallIntestine,3,0.18578345478173536,0.09300512709790394,0.4529595314294605
ABCB1,ABC,Dog,Spleen,12,0.05197507723867073,0.04692051394426519,0.1258952644816967
ABCB1,ABC,Dog,Stomach,2,0.029907617157604753,0.029907617157604753,0.05381637610310503
ABCB1,ABC,Dog,Thymus,1,0.004683656831740094,0.004683656831740094,0.004683656831740094
ABCB1,ABC,Dog,Thyroid,6,0.21348651423733167,0.06118283123425166,1
ABCB1,ABC,Dog,Tongue,1,8.703854368909812e-4,8.703854368909812e-4,8.703854368909812e-4
ABCB1,ABC,Dog,Undefined,10,0.01044070974154635,0.009711450754718937,0.02191512797067763
ABCB1,ABC,Dog,UpperIleum,2,0.05219541645787279,0.05219541645787279,0.09300512709790394
ABCB1,ABC,Dog,UpperJejunum,3,0.18578345478173536,0.09300512709790394,0.4529595314294605
ABCB1,ABC,Rat,Brain,314,0.029077713900876222,0.021544043772279746,0.09854915425480837
ABCB1,ABC,Rat,Caecum,18,0.09940993711253278,0.06887260937646031,0.42610654810041837
ABCB1,ABC,Rat,ColonAscendens,18,0.09940993711253278,0.06887260937646031,0.42610654810041837
ABCB1,ABC,Rat,ColonDescendens,18,0.09940993711253278,0.06887260937646031,0.42610654810041837
ABCB1,ABC,Rat,ColonSigmoid,18,0.09940993711253278,0.06887260937646031,0.42610654810041837
ABCB1,ABC,Rat,ColonTransversum,18,0.09940993711253278,0.06887260937646031,0.42610654810041837
ABCB1,ABC,Rat,Duodenum,3,0.019198888000323804,0.02352389808778955,0.026679250042986213
ABCB1,ABC,Rat,Esophagus,3,0.011766632373825437,0.01101657448140452,0.013301677268678912
ABCB1,ABC,Rat,Eye,6,0.014742438073724624,0.0143703505943261,0.017871307071455834
ABCB1,ABC,Rat,Fat,7,0.018384495588105797,0.00560933170168902,0.09599699854468256
ABCB1,ABC,Rat,Gonads,99,0.022366647729366525,0.00888956344936462,0.39458689973536615
ABCB1,ABC,Rat,Heart,104,0.017290578050379233,0.0101187886605335,0.06280897321309266
ABCB1,ABC,Rat,Kidney,104,0.023870981366317257,0.00989083402989592,0.15193546229185126
ABCB1,ABC,Rat,LargeIntestine,18,0.09940993711253278,0.06887260937646031,0.42610654810041837
ABCB1,ABC,Rat,LowerIleum,3,0.1715090280495405,0.1770557637907854,0.3001744708502332
ABCB1,ABC,Rat,LowerJejunum,3,0.2449796129366469,0.07092668732298432,0.6020549479306948
ABCB1,ABC,Rat,Lung,42,0.14617678214122135,0.14056162851203696,0.3241662178928915
ABCB1,ABC,Rat,Muscle,164,0.014026096233945492,0.011041133212087672,0.04108644703837715
ABCB1,ABC,Rat,Myometrium,16,0.20624431731448642,0.10253924568319098,1
ABCB1,ABC,Rat,Pancreas,2,0.004742225630714371,0.004742225630714371,0.0061165012259905725
ABCB1,ABC,Rat,Pericentral,145,0.0929547068641443,0.08682890195992143,0.3152748613240926
ABCB1,ABC,Rat,Periportal,145,0.0929547068641443,0.08682890195992143,0.3152748613240926
ABCB1,ABC,Rat,Rectum,18,0.09940993711253278,0.06887260937646031,0.42610654810041837
ABCB1,ABC,Rat,Skin,8,0.009016474039718319,0.007576127398839054,0.019488363992765094
ABCB1,ABC,Rat,SmallIntestine,9,0.14522917632883708,0.061957203556261616,0.6020549479306948
ABCB1,ABC,Rat,Spleen,42,0.19670092529680216,0.20797827476100234,0.34115500492523554
ABCB1,ABC,Rat,Stomach,3,0.0066121749841713375,0.006864870683912881,0.007447089574278805
ABCB1,ABC,Rat,Thymus,35,0.04852095960410131,0.04809018358693677,0.09715853494310137
ABCB1,ABC,Rat,Thyroid,6,0.003617587676307629,0.003436122737320872,0.00562518352894008
ABCB1,ABC,Rat,Undefined,12,0.016106613449296602,0.015147858997990055,0.029323999786316172
ABCB1,ABC,Rat,UpperIleum,3,0.1715090280495405,0.1770557637907854,0.3001744708502332
ABCB1,ABC,Rat,UpperJejunum,3,0.2449796129366469,0.07092668732298432,0.6020549479306948
ABCB1,ABC,Mouse,BloodCells,68,0.01129745158464341,0.007573337724065368,0.04798369946992618
ABCB1,ABC,Mouse,Bone,216,0.1011599895055624,0.07506225460070182,0.6129376185987991
ABCB1,ABC,Mouse,Brain,416,0.012367474554758406,0.006480510643370518,0.11415811210643932
ABCB1,ABC,Mouse,Breasts,2,0.006867737917030912,0.006867737917030912,0.0069107392545171955
ABCB1,ABC,Mouse,Caecum,36,0.00462223886362681,0.0037750812441489628,0.010551896093159686
ABCB1,ABC,Mouse,ColonAscendens,36,0.00462223886362681,0.0037750812441489628,0.010551896093159686
ABCB1,ABC,Mouse,ColonDescendens,36,0.00462223886362681,0.0037750812441489628,0.010551896093159686
ABCB1,ABC,Mouse,ColonSigmoid,38,0.004524097716283637,0.0037750812441489628,0.010551896093159686
ABCB1,ABC,Mouse,ColonTransversum,36,0.00462223886362681,0.0037750812441489628,0.010551896093159686
ABCB1,ABC,Mouse,Duodenum,127,0.007488971482928788,0.0037512145060695458,0.14292233841882432
ABCB1,ABC,Mouse,Egg,6,0.5573494655704527,0.5458056568672804,0.6248561859019224
ABCB1,ABC,Mouse,Embryo,75,0.01993159591325508,0.005488379419059188,0.351783716024953
ABCB1,ABC,Mouse,Esophagus,3,0.018474631561166546,0.018561645327598728,0.023455049165922087
ABCB1,ABC,Mouse,Eye,18,0.010617018035163754,0.007814241361088272,0.025846321877101626
ABCB1,ABC,Mouse,Fat,232,0.046519677093774935,0.04199705775012148,0.12283105352192436
ABCB1,ABC,Mouse,Gonads,206,0.04102559442759723,0.029981042272538422,0.5946488455539793
ABCB1,ABC,Mouse,Heart,240,0.008940083880883545,0.00763815694539807,0.04783666962816735
ABCB1,ABC,Mouse,Kidney,225,0.009505760103485332,0.006371675750756638,0.05534132957953854
ABCB1,ABC,Mouse,LargeIntestine,38,0.004524097716283637,0.0037750812441489628,0.010551896093159686
ABCB1,ABC,Mouse,LowerIleum,123,0.007734562321116531,0.004071157535716532,0.14292233841882432
ABCB1,ABC,Mouse,LowerJejunum,123,0.007733348983712359,0.004092099644319471,0.14292233841882432
ABCB1,ABC,Mouse,Lung,158,0.031298940007396185,0.02961284754706225,0.1309780251567693
ABCB1,ABC,Mouse,Muscle,286,0.007964527754983602,0.007547937411402448,0.03538628831879698
ABCB1,ABC,Mouse,Myometrium,2,0.13161702692788974,0.13161702692788974,0.1329638703389297
ABCB1,ABC,Mouse,Pancreas,102,0.09916542172006419,0.0556066712786744,0.7644650256522704
ABCB1,ABC,Mouse,Pericentral,302,0.0027425776163907223,0.0018254767717358442,0.03586951845942274
ABCB1,ABC,Mouse,Periportal,302,0.0027425776163907223,0.0018254767717358442,0.03586951845942274
ABCB1,ABC,Mouse,Placenta,13,0.1298784076614221,0.09792350741562704,0.3245553439482154
ABCB1,ABC,Mouse,Plasma,10,0.02821088155007806,0.026506235242834332,0.042865944635777656
ABCB1,ABC,Mouse,Rectum,36,0.00462223886362681,0.0037750812441489628,0.010551896093159686
ABCB1,ABC,Mouse,Skin,241,0.05070803509832518,0.020506462423184015,0.3045392225668633
ABCB1,ABC,Mouse,SmallIntestine,133,0.007367597298254186,0.003936700415577017,0.14292233841882432
ABCB1,ABC,Mouse,Spleen,136,0.06741183303871594,0.05365500759250234,1
ABCB1,ABC,Mouse,Stomach,15,0.00451283499661091,0.00426604640958288,0.011051317863563241
ABCB1,ABC,Mouse,Thymus,18,0.02083582892704288,0.01674360234649969,0.04899193356686343
ABCB1,ABC,Mouse,Thyroid,6,0.00455364841936322,0.003899465838576798,0.007777128785093746
ABCB1,ABC,Mouse,Undefined,67,0.007768568689724044,0.004559993177201558,0.08957639783203016
ABCB1,ABC,Mouse,UpperIleum,123,0.007734562321116531,0.004071157535716532,0.14292233841882432
ABCB1,ABC,Mouse,UpperJejunum,123,0.007733348983712359,0.004092099644319471,0.14292233841882432
ABCB11,ABC,Human,BloodCells,196,0.006648378020522855,0.004435415579593097,0.04677811288693224
ABCB11,ABC,Human,Bone,3,0.006147257883402505,0.004637642454572882,0.011090755678030619
ABCB11,ABC,Human,Brain,919,0.006872317848450849,0.0030763949038575844,0.10778064461937331
ABCB11,ABC,Human,Breasts,34,0.011715009952220032,0.005836234266116841,0.061104219861308186
ABCB11,ABC,Human,Caecum,24,0.021814255791392272,0.0073067541566516365,0.2266678667860681
ABCB11,ABC,Human,Cartilage,2,0.07787164763124715,0.07787164763124715,0.08876760185711734
ABCB11,ABC,Human,ColonAscendens,24,0.021814255791392272,0.0073067541566516365,0.2266678667860681
ABCB11,ABC,Human,ColonDescendens,24,0.021814255791392272,0.0073067541566516365,0.2266678667860681
ABCB11,ABC,Human,ColonSigmoid,97,0.009318095503300755,0.002987106739019499,0.2266678667860681
ABCB11,ABC,Human,ColonTransversum,132,0.026338936236014573,0.017627478877706167,0.2266678667860681
ABCB11,ABC,Human,Duodenum,10,0.00917602047348424,0.0073067541566516365,0.032246184892141816
ABCB11,ABC,Human,Embryo,35,0.02050979475790985,0.015853436550212197,0.09568964393380369
ABCB11,ABC,Human,Endometrium,70,0.005094333612912873,0.0035615958620509496,0.02688815063919885
ABCB11,ABC,Human,Esophagus,8,0.011465040376307505,0.004121921318277205,0.0556486513187771
ABCB11,ABC,Human,Eye,31,0.00476673457927134,0.0037702585259225606,0.015232539557365948
ABCB11,ABC,Human,Fat,744,0.019794601584843405,0.009509586115846,0.24611673806957654
ABCB11,ABC,Human,GallBladder,4,0.0042543530710028804,0.004386502794321087,0.007029847932947531
ABCB11,ABC,Human,Gonads,282,0.05951072474242696,0.04363773242264492,0.6106628557919943
ABCB11,ABC,Human,Heart,172,0.0021731022877668916,0.0011147896625235106,0.08709909950399379
ABCB11,ABC,Human,Kidney,22,0.0035206360640321717,0.0018114365435677798,0.013809824880748157
ABCB11,ABC,Human,LargeIntestine,211,0.01839916612741549,0.008211114840081628,0.2266678667860681
ABCB11,ABC,Human,LowerIleum,9,0.009885811201145601,0.007660419787286697,0.032246184892141816
ABCB11,ABC,Human,LowerJejunum,9,0.009885811201145601,0.007660419787286697,0.032246184892141816
ABCB11,ABC,Human,Lung,32,0.0062813974340741275,0.004789044288812317,0.021958899639189466
ABCB11,ABC,Human,LymphNode,76,0.0037822552504409085,0.0023508395262140935,0.03024527377636282
ABCB11,ABC,Human,Muscle,234,0.003248821852807191,0.0020434966828877044,0.013879140428130618
ABCB11,ABC,Human,Myometrium,13,0.005847773663463095,0.00462345821108112,0.016560254021874804
ABCB11,ABC,Human,Pancreas,93,0.00820558474964854,0.004396706216044725,0.16705687760886767
ABCB11,ABC,Human,Pericentral,132,0.16108727008513377,0.15034143413332124,1
ABCB11,ABC,Human,Periportal,132,0.16108727008513377,0.15034143413332124,1
ABCB11,ABC,Human,Placenta,4,0.00306794639757501,0.003195265295996598,0.0036575106912122186
ABCB11,ABC,Human,Plasma,216,0.007361773667932265,0.005853704961535321,0.03766281705440687
ABCB11,ABC,Human,Rectum,27,0.019780564198768325,0.006559857446613154,0.2266678667860681
ABCB11,ABC,Human,SalivaryGland,35,0.00318847763585033,0.0025163579156499702,0.009080145597164585
ABCB11,ABC,Human,Skin,424,0.011275628558617488,0.007477015703420424,0.5378524909098927
ABCB11,ABC,Human,SmallIntestine,10,0.00917602047348424,0.0073067541566516365,0.032246184892141816
ABCB11,ABC,Human,Spleen,55,0.006183218971536625,0.0036855145845498295,0.07437468333330283
ABCB11,ABC,Human,Stomach,65,0.0038756465228423375,0.0018343953841259246,0.030202365736091082
ABCB11,ABC,Human,Thyroid,102,0.004062938094732605,0.0032559147462766294,0.01087324008725979
ABCB11,ABC,Human,Undefined,199,0.00538053250755154,0.0036024932727004117,0.03500246089464438
ABCB11,ABC,Human,UpperIleum,9,0.009885811201145601,0.007660419787286697,0.032246184892141816
ABCB11,ABC,Human,UpperJejunum,9,0.009885811201145601,0.007660419787286697,0.032246184892141816
ABCB11,ABC,Macaque,Brain,5,0.0032997636430593274,0.0028346676093191927,0.006566285771869095
ABCB11,ABC,Macaque,Caecum,3,0.010589036052923032,0.009221448329942965,0.014217799095438124
ABCB11,ABC,Macaque,ColonAscendens,3,0.010589036052923032,0.009221448329942965,0.014217799095438124
ABCB11,ABC,Macaque,ColonDescendens,3,0.010589036052923032,0.009221448329942965,0.014217799095438124
ABCB11,ABC,Macaque,ColonSigmoid,3,0.010589036052923032,0.009221448329942965,0.014217799095438124
ABCB11,ABC,Macaque,ColonTransversum,3,0.010589036052923032,0.009221448329942965,0.014217799095438124
ABCB11,ABC,Macaque,Eye,12,0.09698158386119006,0.0906504670518138,0.17477391497531897
ABCB11,ABC,Macaque,Gonads,30,0.10902626267382115,0.11235492195455743,0.35164340988049236
ABCB11,ABC,Macaque,Heart,14,0.0012363314630799808,4.858020644651494e-4,0.005380469812720487
ABCB11,ABC,Macaque,Kidney,9,0.007267220683590908,0.0021442215305236783,0.04897236503715646
ABCB11,ABC,Macaque,LargeIntestine,3,0.010589036052923032,0.009221448329942965,0.014217799095438124
ABCB11,ABC,Macaque,LowerIleum,1,0.00620200740894818,0.00620200740894818,0.00620200740894818
ABCB11,ABC,Macaque,Lung,2,0.012457088993808499,0.012457088993808499,0.016894187168540187
ABCB11,ABC,Macaque,Muscle,2,7.937805490013981e-4,7.937805490013981e-4,8.565223408866868e-4
ABCB11,ABC,Macaque,Pericentral,85,0.2795782765425599,0.2156324026283786,1
ABCB11,ABC,Macaque,Periportal,85,0.2795782765425599,0.2156324026283786,1
ABCB11,ABC,Macaque,Rectum,3,0.010589036052923032,0.009221448329942965,0.014217799095438124
ABCB11,ABC,Macaque,SmallIntestine,1,0.00620200740894818,0.00620200740894818,0.00620200740894818
ABCB11,ABC,Macaque,Undefined,3,0.0014199024679141523,0.0015018035829068462,0.0015091740274135895
ABCB11,ABC,Macaque,UpperIleum,1,0.00620200740894818,0.00620200740894818,0.00620200740894818
ABCB11,ABC,Dog,BloodCells,1,0.006520950106211898,0.006520950106211898,0.006520950106211898
ABCB11,ABC,Dog,Brain,22,0.005276491524995446,0.0037589621433969846,0.02999520435634378
ABCB11,ABC,Dog,Breasts,2,0.002679854294957441,0.002679854294957441,0.0028750154761412383
ABCB11,ABC,Dog,Caecum,2,0.0014033244239243996,0.0014033244239243996,0.0017729434170951658
ABCB11,ABC,Dog,ColonAscendens,2,0.0014033244239243996,0.0014033244239243996,0.0017729434170951658
ABCB11,ABC,Dog,ColonDescendens,2,0.0014033244239243996,0.0014033244239243996,0.0017729434170951658
ABCB11,ABC,Dog,ColonSigmoid,2,0.0014033244239243996,0.0014033244239243996,0.0017729434170951658
ABCB11,ABC,Dog,ColonTransversum,2,0.0014033244239243996,0.0014033244239243996,0.0017729434170951658
ABCB11,ABC,Dog,Duodenum,1,0.003559199614108212,0.003559199614108212,0.003559199614108212
ABCB11,ABC,Dog,Fat,10,0.010650231778340988,0.0059582368687056495,0.030653275183394998
ABCB11,ABC,Dog,Heart,4,8.233260417414847e-4,7.472392252551132e-4,0.0012558540480534556
ABCB11,ABC,Dog,LargeIntestine,2,0.0014033244239243996,0.0014033244239243996,0.0017729434170951658
ABCB11,ABC,Dog,LowerIleum,1,0.003559199614108212,0.003559199614108212,0.003559199614108212
ABCB11,ABC,Dog,LowerJejunum,2,0.007320623723042718,0.007320623723042718,0.011082047831977224
ABCB11,ABC,Dog,LymphNode,1,0.0024034586973578536,0.0024034586973578536,0.0024034586973578536
ABCB11,ABC,Dog,Pancreas,1,0.0023049610254258844,0.0023049610254258844,0.0023049610254258844
ABCB11,ABC,Dog,Pericentral,28,0.31848409288723606,0.22002872258829542,1
ABCB11,ABC,Dog,Periportal,28,0.31848409288723606,0.22002872258829542,1
ABCB11,ABC,Dog,Rectum,2,0.0014033244239243996,0.0014033244239243996,0.0017729434170951658
ABCB11,ABC,Dog,Skin,19,0.05690991566203165,0.04655435954312313,0.19355221598666966
ABCB11,ABC,Dog,SmallIntestine,2,0.007320623723042718,0.007320623723042718,0.011082047831977224
ABCB11,ABC,Dog,UpperIleum,1,0.003559199614108212,0.003559199614108212,0.003559199614108212
ABCB11,ABC,Dog,UpperJejunum,2,0.007320623723042718,0.007320623723042718,0.011082047831977224
ABCB11,ABC,Rat,Brain,1,0.0014396960598908994,0.0014396960598908994,0.0014396960598908994
ABCB11,ABC,Rat,Caecum,2,0.005447970951541128,0.005447970951541128,0.007123533344051352
ABCB11,ABC,Rat,ColonAscendens,2,0.005447970951541128,0.005447970951541128,0.007123533344051352
ABCB11,ABC,Rat,ColonDescendens,2,0.005447970951541128,0.005447970951541128,0.007123533344051352
ABCB11,ABC,Rat,ColonSigmoid,2,0.005447970951541128,0.005447970951541128,0.007123533344051352
ABCB11,ABC,Rat,ColonTransversum,2,0.005447970951541128,0.005447970951541128,0.007123533344051352
ABCB11,ABC,Rat,Duodenum,3,0.0012286702566686669,0.0010017874077844864,0.0018678187897422744
ABCB11,ABC,Rat,Esophagus,1,0.0016638048102277261,0.0016638048102277261,0.0016638048102277261
ABCB11,ABC,Rat,Fat,1,0.005252639343603971,0.005252639343603971,0.005252639343603971
ABCB11,ABC,Rat,Gonads,3,0.002461033553039389,0.0023973203469608343,0.002700210904173169
ABCB11,ABC,Rat,Kidney,34,0.005396130803710997,0.0014356460726584397,0.08316930788632564
ABCB11,ABC,Rat,LargeIntestine,2,0.005447970951541128,0.005447970951541128,0.007123533344051352
ABCB11,ABC,Rat,LowerIleum,2,0.004228166311278492,0.004228166311278492,0.005783591713468867
ABCB11,ABC,Rat,LowerJejunum,3,0.001546229405280184,0.001249066591951215,0.002432654486922703
ABCB11,ABC,Rat,Lung,6,0.10084520572294206,0.05565938368937447,0.38828299130134936
ABCB11,ABC,Rat,Muscle,5,0.002897616893874129,0.0017615407475129003,0.008346004272814993
ABCB11,ABC,Rat,Myometrium,2,0.06880880340879662,0.06880880340879662,0.07314064547093431
ABCB11,ABC,Rat,Pancreas,1,0.003137336486873626,0.003137336486873626,0.003137336486873626
ABCB11,ABC,Rat,Pericentral,137,0.3720852854611633,0.3779374446198395,1
ABCB11,ABC,Rat,Periportal,137,0.3720852854611633,0.3779374446198395,1
ABCB11,ABC,Rat,Rectum,2,0.005447970951541128,0.005447970951541128,0.007123533344051352
ABCB11,ABC,Rat,Skin,1,0.00219394081702333,0.00219394081702333,0.00219394081702333
ABCB11,ABC,Rat,SmallIntestine,8,0.002097628951050442,0.0015584426908467448,0.005783591713468867
ABCB11,ABC,Rat,Spleen,35,0.0256923139804231,0.02791536739541622,0.06642965706514399
ABCB11,ABC,Rat,Thymus,11,0.04205548271188741,0.04931186075398978,0.0699644665913137
ABCB11,ABC,Rat,Thyroid,1,0.004749489490271184,0.004749489490271184,0.004749489490271184
ABCB11,ABC,Rat,Undefined,12,0.002868814131781103,0.0021749177639449647,0.005899360454274352
ABCB11,ABC,Rat,UpperIleum,2,0.004228166311278492,0.004228166311278492,0.005783591713468867
ABCB11,ABC,Rat,UpperJejunum,3,0.001546229405280184,0.001249066591951215,0.002432654486922703
ABCB11,ABC,Mouse,BloodCells,1,8.315266275931751e-4,8.315266275931751e-4,8.315266275931751e-4
ABCB11,ABC,Mouse,Bone,25,0.016290946542606793,0.013596860652612558,0.06298182853370289
ABCB11,ABC,Mouse,Brain,35,0.0037252779042211835,0.002769201536463091,0.019960251427935363
ABCB11,ABC,Mouse,Breasts,1,7.537143920729696e-4,7.537143920729696e-4,7.537143920729696e-4
ABCB11,ABC,Mouse,Caecum,8,0.003636934497639448,0.00292144801370075,0.01127484309081273
ABCB11,ABC,Mouse,ColonAscendens,8,0.003636934497639448,0.00292144801370075,0.01127484309081273
ABCB11,ABC,Mouse,ColonDescendens,8,0.003636934497639448,0.00292144801370075,0.01127484309081273
ABCB11,ABC,Mouse,ColonSigmoid,8,0.003636934497639448,0.00292144801370075,0.01127484309081273
ABCB11,ABC,Mouse,ColonTransversum,8,0.003636934497639448,0.00292144801370075,0.01127484309081273
ABCB11,ABC,Mouse,Duodenum,10,0.0034170460435422032,0.00292144801370075,0.01127484309081273
ABCB11,ABC,Mouse,Egg,1,0.0023499707210679513,0.0023499707210679513,0.0023499707210679513
ABCB11,ABC,Mouse,Embryo,20,0.011849110854211628,0.005098819991522484,0.05278528298241935
ABCB11,ABC,Mouse,Esophagus,3,8.335542197856728e-4,0.001054134605398616,0.001140163394060075
ABCB11,ABC,Mouse,Eye,3,0.0019186900009460558,0.001872715036460575,0.002177448151661907
ABCB11,ABC,Mouse,Fat,37,0.0049200303998840015,0.003542202673250887,0.016995559300087917
ABCB11,ABC,Mouse,Gonads,79,0.0038926280639329887,0.0033613297291333493,0.031796474551085606
ABCB11,ABC,Mouse,Heart,27,0.0011369823676644726,0.0011704590442082068,0.0024490181786866643
ABCB11,ABC,Mouse,Kidney,35,0.0015942394669094875,5.823707826238495e-4,0.031241346757817843
ABCB11,ABC,Mouse,LargeIntestine,8,0.003636934497639448,0.00292144801370075,0.01127484309081273
ABCB11,ABC,Mouse,LowerIleum,9,0.003662877745333301,0.0032011302399621027,0.01127484309081273
ABCB11,ABC,Mouse,LowerJejunum,8,0.004070762216972023,0.003396947158897725,0.01127484309081273
ABCB11,ABC,Mouse,Lung,27,0.013959132657949494,0.0033444680301549304,0.15227837652307874
ABCB11,ABC,Mouse,Muscle,36,7.102306173658552e-4,5.662722311542427e-4,0.0028964452688157545
ABCB11,ABC,Mouse,Pancreas,16,0.01809159350964771,0.007942267807179604,0.0941946358763993
ABCB11,ABC,Mouse,Pericentral,319,0.1692687491405795,0.16154559979091612,1
ABCB11,ABC,Mouse,Periportal,319,0.1692687491405795,0.16154559979091612,1
ABCB11,ABC,Mouse,Placenta,7,0.002812914365669474,0.0015038603954098098,0.010078191973732479
ABCB11,ABC,Mouse,Plasma,4,3.8508010477532556e-4,3.8975396965988164e-4,5.104890872940388e-4
ABCB11,ABC,Mouse,Rectum,8,0.003636934497639448,0.00292144801370075,0.01127484309081273
ABCB11,ABC,Mouse,Skin,30,0.009952424384454487,0.002371852223407837,0.05834357549365537
ABCB11,ABC,Mouse,SmallIntestine,11,0.0031427511279677775,0.0026417657874393975,0.01127484309081273
ABCB11,ABC,Mouse,Spleen,6,0.01871369100704009,0.002739681586041211,0.09156107462643437
ABCB11,ABC,Mouse,Stomach,10,0.001262017899686507,0.001296590521098586,0.0019922287897488618
ABCB11,ABC,Mouse,Thymus,2,0.0011995078607463,0.0011995078607463,0.0017809389375294127
ABCB11,ABC,Mouse,Undefined,17,0.0015379117148962686,0.001319257676803092,0.0047075074795344335
ABCB11,ABC,Mouse,UpperIleum,9,0.003662877745333301,0.0032011302399621027,0.01127484309081273
ABCB11,ABC,Mouse,UpperJejunum,8,0.004070762216972023,0.003396947158897725,0.01127484309081273
ABCC2,ABC,Human,BloodCells,498,0.03288913314736374,0.02364497534251455,0.25398499274268554
ABCC2,ABC,Human,Bone,15,0.03964263098845146,0.03450290008450983,0.11777160387649353
ABCC2,ABC,Human,Brain,1240,0.0036148196097877945,0.0019473179539867013,0.38436201684234317
ABCC2,ABC,Human,Breasts,37,0.012336719046420364,0.010308219490962646,0.03513157744970409
ABCC2,ABC,Human,Caecum,34,0.11314074575182174,0.01774854099602735,0.4733719014540849
ABCC2,ABC,Human,Cartilage,12,0.03489265885219247,0.023829606495871243,0.12084093327319097
ABCC2,ABC,Human,ColonAscendens,34,0.11314074575182174,0.01774854099602735,0.4733719014540849
ABCC2,ABC,Human,ColonDescendens,34,0.11314074575182174,0.01774854099602735,0.4733719014540849
ABCC2,ABC,Human,ColonSigmoid,143,0.03150900442617911,0.005877870758943023,0.4733719014540849
ABCC2,ABC,Human,ColonTransversum,156,0.028851840936186104,0.005197497764909822,0.4733719014540849
ABCC2,ABC,Human,Duodenum,23,0.24209581574760985,0.19851330426807914,0.7995409657256496
ABCC2,ABC,Human,Embryo,46,0.01899410629435144,0.010644183127988361,0.13931983478794552
ABCC2,ABC,Human,Endometrium,156,0.007178174669751409,0.005863214895491452,0.046161587589283876
ABCC2,ABC,Human,Esophagus,12,0.00737218314329264,0.005402086985334273,0.0285178231920595
ABCC2,ABC,Human,Eye,47,0.048810205296147297,0.030295612232404494,0.24067790174746415
ABCC2,ABC,Human,Fat,770,0.02955264829486804,0.021229523481861898,0.3923738565350232
ABCC2,ABC,Human,GallBladder,7,0.41189407122167254,0.36873721188380687,0.767564093961142
ABCC2,ABC,Human,Gonads,380,0.016738970553366712,0.01389902621511828,0.19734822637792265
ABCC2,ABC,Human,Heart,296,0.0028293420740484955,0.0010992825976619588,0.21692228431344227
ABCC2,ABC,Human,Kidney,104,0.12029742283564512,0.0423954288906903,0.5753696559037992
ABCC2,ABC,Human,LargeIntestine,274,0.019403922124998,0.005334437357404423,0.4733719014540849
ABCC2,ABC,Human,LowerIleum,19,0.22313936640626764,0.1869874737062212,0.7995409657256496
ABCC2,ABC,Human,LowerJejunum,19,0.22313936640626764,0.1869874737062212,0.7995409657256496
ABCC2,ABC,Human,Lung,62,0.009374114479441944,0.00871355509712328,0.028191261729600063
ABCC2,ABC,Human,LymphNode,103,0.05065696577389451,0.03363763737681338,0.20243967831344806
ABCC2,ABC,Human,Muscle,396,0.004349571213650725,0.0032872153052321837,0.041069761951121456
ABCC2,ABC,Human,Myometrium,57,0.006762172606684802,0.006409585340203736,0.015751064937831447
ABCC2,ABC,Human,Pancreas,141,0.010871939415520001,0.01010440384601519,0.04166978237812297
ABCC2,ABC,Human,Pericentral,133,0.2773419041539749,0.2471627388659552,0.7633869666478801
ABCC2,ABC,Human,Periportal,133,0.2773419041539749,0.2471627388659552,0.7633869666478801
ABCC2,ABC,Human,Placenta,10,0.008827326061286745,0.007386540997554529,0.020986619240927876
ABCC2,ABC,Human,Plasma,315,0.013426459402115587,0.008733488421827938,0.1532247361379444
ABCC2,ABC,Human,Rectum,37,0.1043320083964703,0.010071459040136397,0.4733719014540849
ABCC2,ABC,Human,SalivaryGland,53,0.008564909505297015,0.007754215019783545,0.029344743460649813
ABCC2,ABC,Human,Skin,439,0.015382440901413354,0.013380086840216467,0.07159409881891998
ABCC2,ABC,Human,SmallIntestine,23,0.24209581574760985,0.19851330426807914,0.7995409657256496
ABCC2,ABC,Human,Spleen,88,0.025511537225291703,0.02268081813904118,0.15124307500397757
ABCC2,ABC,Human,Stomach,137,0.007807055137198079,0.006051717469948822,0.10041134827777186
ABCC2,ABC,Human,Thyroid,201,0.009563746497316429,0.007856379882898284,0.043286148698531854
ABCC2,ABC,Human,Undefined,315,0.054305270142216935,0.024953762838591135,1
ABCC2,ABC,Human,UpperIleum,19,0.22313936640626764,0.1869874737062212,0.7995409657256496
ABCC2,ABC,Human,UpperJejunum,19,0.22313936640626764,0.1869874737062212,0.7995409657256496
ABCC2,ABC,Macaque,Brain,453,0.00989329133289328,0.007483282012913426,0.07144700279810566
ABCC2,ABC,Macaque,Caecum,1,0.0041671180494414735,0.0041671180494414735,0.0041671180494414735
ABCC2,ABC,Macaque,ColonAscendens,1,0.0041671180494414735,0.0041671180494414735,0.0041671180494414735
ABCC2,ABC,Macaque,ColonDescendens,1,0.0041671180494414735,0.0041671180494414735,0.0041671180494414735
ABCC2,ABC,Macaque,ColonSigmoid,1,0.0041671180494414735,0.0041671180494414735,0.0041671180494414735
ABCC2,ABC,Macaque,ColonTransversum,1,0.0041671180494414735,0.0041671180494414735,0.0041671180494414735
ABCC2,ABC,Macaque,Eye,12,0.040302293618161095,0.03436832765758428,0.06871056558819535
ABCC2,ABC,Macaque,Fat,1,0.0010104773014753795,0.0010104773014753795,0.0010104773014753795
ABCC2,ABC,Macaque,Gonads,29,0.015519443126345117,0.01055161831302964,0.05279173080591723
ABCC2,ABC,Macaque,Heart,37,0.0031608098570065565,0.002117298829852626,0.01610278982912794
ABCC2,ABC,Macaque,Kidney,58,0.09669550423008891,0.08672193943727168,0.36165783346152675
ABCC2,ABC,Macaque,LargeIntestine,1,0.0041671180494414735,0.0041671180494414735,0.0041671180494414735
ABCC2,ABC,Macaque,LowerIleum,1,0.011428845325586991,0.011428845325586991,0.011428845325586991
ABCC2,ABC,Macaque,Lung,11,0.025478192970203557,0.024623642135931982,0.0591137575215156
ABCC2,ABC,Macaque,Muscle,16,0.009557806196917894,0.005515648874499304,0.040582320330549614
ABCC2,ABC,Macaque,Pericentral,85,0.3654830699683267,0.2552677133906788,1
ABCC2,ABC,Macaque,Periportal,85,0.3654830699683267,0.2552677133906788,1
ABCC2,ABC,Macaque,Rectum,1,0.0041671180494414735,0.0041671180494414735,0.0041671180494414735
ABCC2,ABC,Macaque,SmallIntestine,1,0.011428845325586991,0.011428845325586991,0.011428845325586991
ABCC2,ABC,Macaque,Spleen,7,0.014997761709596597,0.014530177199544489,0.03117128341261279
ABCC2,ABC,Macaque,Undefined,16,0.009276529769176856,0.008074524816009874,0.015587908584951807
ABCC2,ABC,Macaque,UpperIleum,1,0.011428845325586991,0.011428845325586991,0.011428845325586991
ABCC2,ABC,Dog,Brain,5,0.011992397450358646,0.011138152097518395,0.01674389710703999
ABCC2,ABC,Dog,Caecum,3,0.004333049778598634,0.0044315667665018755,0.004752708476042819
ABCC2,ABC,Dog,ColonAscendens,3,0.004333049778598634,0.0044315667665018755,0.004752708476042819
ABCC2,ABC,Dog,ColonDescendens,3,0.004333049778598634,0.0044315667665018755,0.004752708476042819
ABCC2,ABC,Dog,ColonSigmoid,3,0.004333049778598634,0.0044315667665018755,0.004752708476042819
ABCC2,ABC,Dog,ColonTransversum,3,0.004333049778598634,0.0044315667665018755,0.004752708476042819
ABCC2,ABC,Dog,Duodenum,2,0.15547450167673388,0.15547450167673388,0.3063948862595358
ABCC2,ABC,Dog,Embryo,1,0.19210843359368102,0.19210843359368102,0.19210843359368102
ABCC2,ABC,Dog,Gonads,18,0.061689050954280074,0.07039586404197651,0.10317396236714084
ABCC2,ABC,Dog,Kidney,13,0.23407641019862357,0.19163172727510716,0.6140484074234455
ABCC2,ABC,Dog,LargeIntestine,3,0.004333049778598634,0.0044315667665018755,0.004752708476042819
ABCC2,ABC,Dog,LowerIleum,2,0.15547450167673388,0.15547450167673388,0.3063948862595358
ABCC2,ABC,Dog,LowerJejunum,3,0.2794691979533828,0.3063948862595358,0.5274585905066808
ABCC2,ABC,Dog,Muscle,3,0.013604942376770835,0.007787581905856189,0.025295672062279537
ABCC2,ABC,Dog,Pancreas,2,0.006484058270337455,0.006484058270337455,0.00916111491696479
ABCC2,ABC,Dog,Pericentral,28,0.4062963333009428,0.257352612419843,1
ABCC2,ABC,Dog,Periportal,28,0.4062963333009428,0.257352612419843,1
ABCC2,ABC,Dog,Placenta,1,0.04520962316422909,0.04520962316422909,0.04520962316422909
ABCC2,ABC,Dog,Rectum,3,0.004333049778598634,0.0044315667665018755,0.004752708476042819
ABCC2,ABC,Dog,SmallIntestine,3,0.2794691979533828,0.3063948862595358,0.5274585905066808
ABCC2,ABC,Dog,UpperIleum,2,0.15547450167673388,0.15547450167673388,0.3063948862595358
ABCC2,ABC,Dog,UpperJejunum,3,0.2794691979533828,0.3063948862595358,0.5274585905066808
ABCC2,ABC,Rat,Brain,218,0.004379579560459611,0.004182500193471511,0.014750912053779713
ABCC2,ABC,Rat,Caecum,6,0.003288394377702558,0.0029093148949162835,0.008296369336595808
ABCC2,ABC,Rat,ColonAscendens,6,0.003288394377702558,0.0029093148949162835,0.008296369336595808
ABCC2,ABC,Rat,ColonDescendens,6,0.003288394377702558,0.0029093148949162835,0.008296369336595808
ABCC2,ABC,Rat,ColonSigmoid,6,0.003288394377702558,0.0029093148949162835,0.008296369336595808
ABCC2,ABC,Rat,ColonTransversum,6,0.003288394377702558,0.0029093148949162835,0.008296369336595808
ABCC2,ABC,Rat,Duodenum,3,0.12752272036774046,0.10981156493434262,0.2528243140317652
ABCC2,ABC,Rat,Esophagus,1,0.0014783570959262403,0.0014783570959262403,0.0014783570959262403
ABCC2,ABC,Rat,Fat,2,0.0016833411237465665,0.0016833411237465665,0.0018774942938683912
ABCC2,ABC,Rat,Gonads,11,0.003196370184293076,0.00287212824400307,0.007561886263944074
ABCC2,ABC,Rat,Heart,18,0.0011113410624172108,5.019993280846286e-4,0.005504210605342234
ABCC2,ABC,Rat,Kidney,95,0.02254064357282561,0.013190500812133354,0.06806844918238313
ABCC2,ABC,Rat,LargeIntestine,6,0.003288394377702558,0.0029093148949162835,0.008296369336595808
ABCC2,ABC,Rat,LowerIleum,2,0.054403732537479405,0.054403732537479405,0.09559710014886952
ABCC2,ABC,Rat,LowerJejunum,3,0.07323476901348258,0.04737443223826561,0.13247342814900376
ABCC2,ABC,Rat,Lung,4,0.11140678222465011,0.05389607989192449,0.29031036671708277
ABCC2,ABC,Rat,Muscle,40,5.527344065133168e-4,3.60354620694119e-4,0.004422826832826257
ABCC2,ABC,Rat,Myometrium,2,0.04800273948932966,0.04800273948932966,0.056028885245480366
ABCC2,ABC,Rat,Pancreas,2,0.00329517308598165,0.00329517308598165,0.003348837825602874
ABCC2,ABC,Rat,Pericentral,145,0.31306865580268634,0.2412735000387877,1
ABCC2,ABC,Rat,Periportal,145,0.31306865580268634,0.2412735000387877,1
ABCC2,ABC,Rat,Rectum,6,0.003288394377702558,0.0029093148949162835,0.008296369336595808
ABCC2,ABC,Rat,Skin,1,0.003351711446478387,0.003351711446478387,0.003351711446478387
ABCC2,ABC,Rat,SmallIntestine,8,0.0888849916523285,0.07148576619356756,0.2528243140317652
ABCC2,ABC,Rat,Spleen,1,0.04132791494904722,0.04132791494904722,0.04132791494904722
ABCC2,ABC,Rat,Stomach,1,0.0010922848679468004,0.0010922848679468004,0.0010922848679468004
ABCC2,ABC,Rat,Thymus,27,0.029944716121739264,0.028641739768023398,0.05799325101600347
ABCC2,ABC,Rat,Thyroid,2,0.0045464418596711095,0.0045464418596711095,0.006490461900166951
ABCC2,ABC,Rat,UpperIleum,2,0.054403732537479405,0.054403732537479405,0.09559710014886952
ABCC2,ABC,Rat,UpperJejunum,3,0.07323476901348258,0.04737443223826561,0.13247342814900376
ABCC2,ABC,Mouse,BloodCells,12,0.0011649609352354477,0.0011786282534951157,0.0018439056774803547
ABCC2,ABC,Mouse,Bone,208,0.009658328706480732,0.006257347903075226,0.06568087935393008
ABCC2,ABC,Mouse,Brain,151,0.001616465214233864,0.0011272722109021492,0.006774564597129404
ABCC2,ABC,Mouse,Breasts,2,1.2517502805266045e-4,1.2517502805266045e-4,1.2961255371309036e-4
ABCC2,ABC,Mouse,Caecum,30,0.007653231964027576,4.987672148842422e-4,0.07513841141021411
ABCC2,ABC,Mouse,ColonAscendens,30,0.007653231964027576,4.987672148842422e-4,0.07513841141021411
ABCC2,ABC,Mouse,ColonDescendens,30,0.007653231964027576,4.987672148842422e-4,0.07513841141021411
ABCC2,ABC,Mouse,ColonSigmoid,32,0.00718217345541618,4.7598872057243115e-4,0.07513841141021411
ABCC2,ABC,Mouse,ColonTransversum,30,0.007653231964027576,4.987672148842422e-4,0.07513841141021411
ABCC2,ABC,Mouse,Duodenum,137,0.026002049378353115,0.02545899982249037,0.0894724295870298
ABCC2,ABC,Mouse,Egg,2,3.397384328538198e-4,3.397384328538198e-4,3.6405500920685827e-4
ABCC2,ABC,Mouse,Embryo,43,0.0033249432853046804,0.0019638590089505453,0.01158567936522246
ABCC2,ABC,Mouse,Esophagus,1,5.802131842098087e-5,5.802131842098087e-5,5.802131842098087e-5
ABCC2,ABC,Mouse,Eye,8,4.20018066214727e-4,3.129767616731864e-4,8.839532885016756e-4
ABCC2,ABC,Mouse,Fat,216,0.001998050924247085,0.0015475607721266065,0.00827499303030968
ABCC2,ABC,Mouse,Gonads,161,8.479077209575395e-4,4.5234027282258106e-4,0.015137452890192603
ABCC2,ABC,Mouse,Heart,103,6.765065524219033e-4,4.894944004949626e-4,0.002499978911165991
ABCC2,ABC,Mouse,Kidney,224,0.007789347790367797,0.007602357055380906,0.029850770722805373
ABCC2,ABC,Mouse,LargeIntestine,32,0.00718217345541618,4.7598872057243115e-4,0.07513841141021411
ABCC2,ABC,Mouse,LowerIleum,133,0.02606214642501044,0.02548929155403295,0.0894724295870298
ABCC2,ABC,Mouse,LowerJejunum,133,0.026360153720775277,0.02548929155403295,0.0894724295870298
ABCC2,ABC,Mouse,Lung,114,0.0027378290946722017,0.0023104676400080267,0.010931963239895471
ABCC2,ABC,Mouse,Muscle,98,1.7301027751167515e-4,1.006922382397146e-4,0.0012833207354620325
ABCC2,ABC,Mouse,Pancreas,44,0.01165966358834851,0.003353162856697614,0.10293781477609198
ABCC2,ABC,Mouse,Pericentral,324,0.03816342285143278,0.013277105225422851,1
ABCC2,ABC,Mouse,Periportal,324,0.03816342285143278,0.013277105225422851,1
ABCC2,ABC,Mouse,Placenta,12,0.001643006197954058,4.0450724490207976e-4,0.00886545472650348
ABCC2,ABC,Mouse,Plasma,2,1.0209262658133319e-4,1.0209262658133319e-4,1.521392772350914e-4
ABCC2,ABC,Mouse,Rectum,30,0.007653231964027576,4.987672148842422e-4,0.07513841141021411
ABCC2,ABC,Mouse,Skin,164,0.004674899310529189,9.266928449554778e-4,0.023811917706347368
ABCC2,ABC,Mouse,SmallIntestine,143,0.025239785761977485,0.024369852213899874,0.0894724295870298
ABCC2,ABC,Mouse,Spleen,88,0.00302670767611208,0.0015230800910152043,0.036023718749357496
ABCC2,ABC,Mouse,Stomach,10,4.0044551210905105e-4,1.0460704590195018e-4,0.001622243846137525
ABCC2,ABC,Mouse,Thymus,9,0.0010000743922550168,3.154779921579543e-4,0.004887440471809535
ABCC2,ABC,Mouse,Thyroid,2,6.358354003645146e-5,6.358354003645146e-5,7.754255303632494e-5
ABCC2,ABC,Mouse,Undefined,14,7.397542213087903e-4,1.0616492395630874e-4,0.00871693005970624
ABCC2,ABC,Mouse,UpperIleum,133,0.02606214642501044,0.02548929155403295,0.0894724295870298
ABCC2,ABC,Mouse,UpperJejunum,133,0.026360153720775277,0.02548929155403295,0.0894724295870298
ABCC3,ABC,Human,BloodCells,499,0.016454645900227775,0.012609898629416317,0.13586286048482824
ABCC3,ABC,Human,Bone,17,0.009040749241106637,0.005907055024131483,0.026259567083659036
ABCC3,ABC,Human,Brain,1534,0.001408350679266277,6.518643618554805e-4,0.12450340529417415
ABCC3,ABC,Human,Breasts,41,0.0262214522454726,0.014983548393408598,0.09217815999149186
ABCC3,ABC,Human,Caecum,40,0.05919634355046388,0.030134447953429688,1
ABCC3,ABC,Human,Cartilage,12,0.005829373946436489,0.0046337335477698235,0.015169791474907015
ABCC3,ABC,Human,ColonAscendens,40,0.05919634355046388,0.030134447953429688,1
ABCC3,ABC,Human,ColonDescendens,40,0.05919634355046388,0.030134447953429688,1
ABCC3,ABC,Human,ColonSigmoid,149,0.024133400540958142,0.0033135960696237016,1
ABCC3,ABC,Human,ColonTransversum,162,0.079736500655283,0.07926539188939641,1
ABCC3,ABC,Human,Duodenum,28,0.044352861109276574,0.023381871204842756,0.5559335496822575
ABCC3,ABC,Human,Embryo,35,0.006544014665726312,0.002063684864139622,0.037938477159842804
ABCC3,ABC,Human,Endometrium,157,0.015497629867455094,0.005527676822493517,0.16637636669314287
ABCC3,ABC,Human,Esophagus,20,0.02989948878481905,0.02560602587494326,0.1370742952331932
ABCC3,ABC,Human,Eye,45,0.0025017073877582137,0.0016337936697358114,0.013640541367609874
ABCC3,ABC,Human,Fat,770,0.008498178738747105,0.006287955225324365,0.07620515565921916
ABCC3,ABC,Human,GallBladder,7,0.11160161855710464,0.11052007635928822,0.17698076470964064
ABCC3,ABC,Human,Gonads,387,0.01822081164471751,0.009467328283318054,0.25683098821203065
ABCC3,ABC,Human,Heart,299,0.002663029609642341,5.671496222425157e-4,0.09398195315095104
ABCC3,ABC,Human,Kidney,105,0.01486724036454792,0.005413880842217924,0.11831282912942383
ABCC3,ABC,Human,LargeIntestine,280,0.051761982708803625,0.0192068798219633,1
ABCC3,ABC,Human,LowerIleum,24,0.041586490309802666,0.015667948758592336,0.5559335496822575
ABCC3,ABC,Human,LowerJejunum,24,0.041586490309802666,0.015667948758592336,0.5559335496822575
ABCC3,ABC,Human,Lung,69,0.02786541748957198,0.025268158227910894,0.09380987540327904
ABCC3,ABC,Human,LymphNode,104,0.04407532650206793,0.04613072430501512,0.15883510666098077
ABCC3,ABC,Human,Muscle,327,4.887111950986892e-4,2.5084390462366e-4,0.01810726801056802
ABCC3,ABC,Human,Myometrium,58,0.008945749183010073,0.0066560816176041175,0.06733575532518668
ABCC3,ABC,Human,Pancreas,144,0.07039726931156119,0.06405639544095282,0.35999977124247695
ABCC3,ABC,Human,Pericentral,134,0.03187213549692933,0.02432632771664306,0.22293416537973623
ABCC3,ABC,Human,Periportal,134,0.03187213549692933,0.02432632771664306,0.22293416537973623
ABCC3,ABC,Human,Placenta,10,0.008676170642232632,0.008803650178836567,0.017542079591196736
ABCC3,ABC,Human,Plasma,315,0.02629822702223941,0.012730640795291622,0.22811351419015924
ABCC3,ABC,Human,Rectum,39,0.06256499774490777,0.03377549719210108,1
ABCC3,ABC,Human,SalivaryGland,53,0.03003514851665036,0.02869724962337,0.10543700068333034
ABCC3,ABC,Human,Skin,443,0.02780530871108585,0.02589008033857004,0.21010547506013763
ABCC3,ABC,Human,SmallIntestine,28,0.044352861109276574,0.023381871204842756,0.5559335496822575
ABCC3,ABC,Human,Spleen,88,0.0266085342955536,0.02546969298578506,0.048521208949783776
ABCC3,ABC,Human,Stomach,148,0.060183854996019644,0.04963798056123751,0.30061870703178295
ABCC3,ABC,Human,Thyroid,203,0.03740021172290281,0.025281956935508013,0.19430768321809633
ABCC3,ABC,Human,Undefined,312,0.004525992325790831,0.003097789731965261,0.04785874668239094
ABCC3,ABC,Human,UpperIleum,24,0.041586490309802666,0.015667948758592336,0.5559335496822575
ABCC3,ABC,Human,UpperJejunum,24,0.041586490309802666,0.015667948758592336,0.5559335496822575
ABCC3,ABC,Macaque,Brain,564,0.012879488974236946,0.009782685939017974,0.08684791970561616
ABCC3,ABC,Macaque,Caecum,3,0.7125235834662819,0.673089797711429,0.8845826316807565
ABCC3,ABC,Macaque,ColonAscendens,3,0.7125235834662819,0.673089797711429,0.8845826316807565
ABCC3,ABC,Macaque,ColonDescendens,3,0.7125235834662819,0.673089797711429,0.8845826316807565
ABCC3,ABC,Macaque,ColonSigmoid,3,0.7125235834662819,0.673089797711429,0.8845826316807565
ABCC3,ABC,Macaque,ColonTransversum,3,0.7125235834662819,0.673089797711429,0.8845826316807565
ABCC3,ABC,Macaque,Fat,1,0.002519571358025645,0.002519571358025645,0.002519571358025645
ABCC3,ABC,Macaque,Fibroblast,8,0.010901390738329858,0.006444886765663042,0.03151786898664603
ABCC3,ABC,Macaque,Gonads,38,0.013030803013518121,0.010990728008027247,0.0393636337542679
ABCC3,ABC,Macaque,Heart,46,0.0029806359121903564,0.0025525271804114234,0.009576424178771166
ABCC3,ABC,Macaque,Kidney,58,0.01647220618118946,0.012167341238216984,0.06204474205689488
ABCC3,ABC,Macaque,LargeIntestine,3,0.7125235834662819,0.673089797711429,0.8845826316807565
ABCC3,ABC,Macaque,LowerIleum,1,0.07019788335802368,0.07019788335802368,0.07019788335802368
ABCC3,ABC,Macaque,Lung,11,0.2012655160999206,0.27291498626504435,0.3143975043664799
ABCC3,ABC,Macaque,Muscle,17,0.008754880315711757,0.00506610260474386,0.047077374475722356
ABCC3,ABC,Macaque,Pericentral,85,0.08421097007303084,0.06308474779638772,0.27112467477412355
ABCC3,ABC,Macaque,Periportal,85,0.08421097007303084,0.06308474779638772,0.27112467477412355
ABCC3,ABC,Macaque,Rectum,3,0.7125235834662819,0.673089797711429,0.8845826316807565
ABCC3,ABC,Macaque,SmallIntestine,1,0.07019788335802368,0.07019788335802368,0.07019788335802368
ABCC3,ABC,Macaque,Spleen,7,0.31050766489097853,0.03960360319477886,1
ABCC3,ABC,Macaque,Undefined,32,0.05145983053411951,0.04811150887840773,0.13388406667599398
ABCC3,ABC,Macaque,UpperIleum,1,0.07019788335802368,0.07019788335802368,0.07019788335802368
ABCC3,ABC,Dog,BloodCells,1,0.08884411833248201,0.08884411833248201,0.08884411833248201
ABCC3,ABC,Dog,Bone,1,0.07022266681919659,0.07022266681919659,0.07022266681919659
ABCC3,ABC,Dog,Brain,36,0.07062117489050393,0.035762168237361766,0.24948875117070607
ABCC3,ABC,Dog,Breasts,2,0.04733982067782326,0.04733982067782326,0.06494771265886977
ABCC3,ABC,Dog,Caecum,9,0.3040988726314045,0.18911410080816268,1
ABCC3,ABC,Dog,Cartilage,1,0.2105898274080205,0.2105898274080205,0.2105898274080205
ABCC3,ABC,Dog,ColonAscendens,9,0.3040988726314045,0.18911410080816268,1
ABCC3,ABC,Dog,ColonDescendens,9,0.3040988726314045,0.18911410080816268,1
ABCC3,ABC,Dog,ColonSigmoid,9,0.3040988726314045,0.18911410080816268,1
ABCC3,ABC,Dog,ColonTransversum,9,0.3040988726314045,0.18911410080816268,1
ABCC3,ABC,Dog,Duodenum,2,0.23797197182496707,0.23797197182496707,0.45410951096862834
ABCC3,ABC,Dog,Embryo,1,0.09349636326281133,0.09349636326281133,0.09349636326281133
ABCC3,ABC,Dog,Eye,1,0.17781433695009835,0.17781433695009835,0.17781433695009835
ABCC3,ABC,Dog,Fat,10,0.04890804297332069,0.027291729563447355,0.1768143787866903
ABCC3,ABC,Dog,Gonads,24,0.21288164862779824,0.22173856832029398,0.4063899127664963
ABCC3,ABC,Dog,Heart,12,0.0056357969329579455,0.0027862842453388794,0.01951879757733543
ABCC3,ABC,Dog,Kidney,12,0.09400299940979112,0.08079890825201347,0.22822642532300708
ABCC3,ABC,Dog,LargeIntestine,9,0.3040988726314045,0.18911410080816268,1
ABCC3,ABC,Dog,LowerIleum,2,0.23797197182496707,0.23797197182496707,0.45410951096862834
ABCC3,ABC,Dog,LowerJejunum,3,0.19068651972687717,0.09611561553069733,0.45410951096862834
ABCC3,ABC,Dog,Lung,11,0.2428005557674236,0.2546146649473645,0.41008115470412315
ABCC3,ABC,Dog,LymphNode,1,0.03815252997640999,0.03815252997640999,0.03815252997640999
ABCC3,ABC,Dog,Muscle,5,0.015702704054824837,0.008753141193785282,0.053500009876215136
ABCC3,ABC,Dog,Pancreas,3,0.10402117056985632,0.09783862047540863,0.1352350406492489
ABCC3,ABC,Dog,Pericentral,28,0.10872857004622169,0.07241541792933671,0.3815943402903996
ABCC3,ABC,Dog,Periportal,28,0.10872857004622169,0.07241541792933671,0.3815943402903996
ABCC3,ABC,Dog,Placenta,1,0.007739995757113893,0.007739995757113893,0.007739995757113893
ABCC3,ABC,Dog,Rectum,9,0.3040988726314045,0.18911410080816268,1
ABCC3,ABC,Dog,Skin,13,0.022653559201360546,0.024432921880515004,0.03914118666844978
ABCC3,ABC,Dog,SmallIntestine,3,0.19068651972687717,0.09611561553069733,0.45410951096862834
ABCC3,ABC,Dog,Spleen,12,0.08236252754438442,0.06018860846034091,0.18213307174015053
ABCC3,ABC,Dog,Stomach,2,0.11990067320000512,0.11990067320000512,0.1287046048775129
ABCC3,ABC,Dog,Thymus,1,0.14623702344129147,0.14623702344129147,0.14623702344129147
ABCC3,ABC,Dog,Thyroid,4,0.02114658145465781,0.01803380400903281,0.036940700076405146
ABCC3,ABC,Dog,Tongue,1,0.003082135768392549,0.003082135768392549,0.003082135768392549
ABCC3,ABC,Dog,Undefined,6,0.03413171178615196,0.019738886992919417,0.09212651232485321
ABCC3,ABC,Dog,UpperIleum,2,0.23797197182496707,0.23797197182496707,0.45410951096862834
ABCC3,ABC,Dog,UpperJejunum,3,0.19068651972687717,0.09611561553069733,0.45410951096862834
ABCC3,ABC,Rat,Brain,248,0.018780422793817808,0.008421557841512743,0.22851470847762825
ABCC3,ABC,Rat,Caecum,18,0.3455210983923658,0.3073928139594141,1
ABCC3,ABC,Rat,ColonAscendens,18,0.3455210983923658,0.3073928139594141,1
ABCC3,ABC,Rat,ColonDescendens,18,0.3455210983923658,0.3073928139594141,1
ABCC3,ABC,Rat,ColonSigmoid,18,0.3455210983923658,0.3073928139594141,1
ABCC3,ABC,Rat,ColonTransversum,18,0.3455210983923658,0.3073928139594141,1
ABCC3,ABC,Rat,Duodenum,3,0.08806692158174018,0.09530523318396426,0.11887101291212183
ABCC3,ABC,Rat,Esophagus,3,0.07353767379466333,0.06625057255032751,0.09862452035138593
ABCC3,ABC,Rat,Eye,6,0.04321846680025243,0.03823522758995053,0.06296640179796797
ABCC3,ABC,Rat,Fat,7,0.08262361469055692,0.08479386183428685,0.11294837742349097
ABCC3,ABC,Rat,Gonads,88,0.10134588919630812,0.08955551443480848,0.4061452282901577
ABCC3,ABC,Rat,Heart,110,0.032365550731158245,0.03331834241426193,0.057637998899986054
ABCC3,ABC,Rat,Kidney,104,0.06116292481180751,0.05920290920133079,0.16219397977317215
ABCC3,ABC,Rat,LargeIntestine,18,0.3455210983923658,0.3073928139594141,1
ABCC3,ABC,Rat,LowerIleum,3,0.12407457713153089,0.07780597618650321,0.23956402437561453
ABCC3,ABC,Rat,LowerJejunum,3,0.12895631591981435,0.10597726936128243,0.20891951049720697
ABCC3,ABC,Rat,Lung,42,0.17706914975503069,0.19083055872329624,0.28389279853562144
ABCC3,ABC,Rat,Muscle,162,0.006067075720961022,0.004421736454278056,0.03700248565501828
ABCC3,ABC,Rat,Myometrium,16,0.3073955640075822,0.30586854435259375,0.48801810833631964
ABCC3,ABC,Rat,Pancreas,2,0.047677641417656624,0.047677641417656624,0.06175628232753198
ABCC3,ABC,Rat,Pericentral,143,0.04150829540007582,0.025276315031334092,0.19072507915344566
ABCC3,ABC,Rat,Periportal,143,0.04150829540007582,0.025276315031334092,0.19072507915344566
ABCC3,ABC,Rat,Rectum,18,0.3455210983923658,0.3073928139594141,1
ABCC3,ABC,Rat,Skin,8,0.039933890524499256,0.0187288793219638,0.10798701847537205
ABCC3,ABC,Rat,SmallIntestine,9,0.11369927154436181,0.09530523318396426,0.23956402437561453
ABCC3,ABC,Rat,Spleen,42,0.225303176668649,0.2404597472312402,0.3750960758233022
ABCC3,ABC,Rat,Stomach,3,0.0672727047341952,0.061141532130342985,0.08398475954990621
ABCC3,ABC,Rat,Thymus,28,0.0676747523473773,0.060638753948652285,0.1290607375379996
ABCC3,ABC,Rat,Thyroid,6,0.04088416265325311,0.04324659779311968,0.049067581853728864
ABCC3,ABC,Rat,Undefined,14,0.06515196970341111,0.06974187326611839,0.24923254232813088
ABCC3,ABC,Rat,UpperIleum,3,0.12407457713153089,0.07780597618650321,0.23956402437561453
ABCC3,ABC,Rat,UpperJejunum,3,0.12895631591981435,0.10597726936128243,0.20891951049720697
ABCC3,ABC,Mouse,BloodCells,86,0.02207748595626883,0.01897933860640541,0.055022394464259196
ABCC3,ABC,Mouse,Bone,194,0.060746261800852484,0.0459436816699854,0.22087735003970368
ABCC3,ABC,Mouse,Brain,383,0.004654349812535481,0.0027291633602264205,0.03940099557070912
ABCC3,ABC,Mouse,Breasts,2,0.05299939296071681,0.05299939296071681,0.0603952327716163
ABCC3,ABC,Mouse,Caecum,36,0.11082210489088144,0.007954142106487795,0.7512877635750657
ABCC3,ABC,Mouse,ColonAscendens,36,0.11082210489088144,0.007954142106487795,0.7512877635750657
ABCC3,ABC,Mouse,ColonDescendens,36,0.11082210489088144,0.007954142106487795,0.7512877635750657
ABCC3,ABC,Mouse,ColonSigmoid,38,0.10845914479562768,0.007954142106487795,0.7512877635750657
ABCC3,ABC,Mouse,ColonTransversum,36,0.11082210489088144,0.007954142106487795,0.7512877635750657
ABCC3,ABC,Mouse,Duodenum,137,0.10256963834568399,0.10740418128700616,0.8130741112097019
ABCC3,ABC,Mouse,Egg,6,0.10177080274618149,0.098476684231807,0.14856897245931147
ABCC3,ABC,Mouse,Embryo,72,0.010044667016323006,0.005627971159500162,0.08719990685082912
ABCC3,ABC,Mouse,Esophagus,3,0.03991861145124014,0.03936910831463843,0.053052572946977156
ABCC3,ABC,Mouse,Eye,9,0.003086416651355564,0.003136516077737479,0.006167876123463172
ABCC3,ABC,Mouse,Fat,232,0.027908676659103158,0.023803909497800618,0.17360838497154502
ABCC3,ABC,Mouse,Gonads,239,0.08853857800995729,0.03292835657741988,0.8684482158840034
ABCC3,ABC,Mouse,Heart,231,0.0032959061730515344,0.0023327884059106884,0.022399146804206026
ABCC3,ABC,Mouse,Kidney,223,0.01838129993530218,0.0048184334102408044,0.11487564671478472
ABCC3,ABC,Mouse,LargeIntestine,38,0.10845914479562768,0.007954142106487795,0.7512877635750657
ABCC3,ABC,Mouse,LowerIleum,133,0.09727145087525484,0.10637307222073365,0.8130741112097019
ABCC3,ABC,Mouse,LowerJejunum,133,0.09742627120432588,0.10637307222073365,0.8130741112097019
ABCC3,ABC,Mouse,Lung,159,0.08849346997123597,0.08922490915380735,0.2216767606832003
ABCC3,ABC,Mouse,Muscle,200,8.716412824755778e-4,5.02585511916037e-4,0.01430611529117298
ABCC3,ABC,Mouse,Myometrium,2,0.05945231797545611,0.05945231797545611,0.05990214850732717
ABCC3,ABC,Mouse,Pancreas,101,0.04531532400284638,0.0330249203267672,0.2561539962705311
ABCC3,ABC,Mouse,Pericentral,323,0.08488809234670074,0.08617439405949272,0.3647342770129661
ABCC3,ABC,Mouse,Periportal,323,0.08488809234670074,0.08617439405949272,0.3647342770129661
ABCC3,ABC,Mouse,Placenta,13,0.005603369719406936,0.003194823001318355,0.014384517424005209
ABCC3,ABC,Mouse,Plasma,10,0.003220259158430867,0.002995121409269127,0.007073062434517025
ABCC3,ABC,Mouse,Rectum,36,0.11082210489088144,0.007954142106487795,0.7512877635750657
ABCC3,ABC,Mouse,Skin,206,0.018653769098409764,0.008930301814987277,0.10565945577117754
ABCC3,ABC,Mouse,SmallIntestine,143,0.10174759115746336,0.10672441122042464,0.8130741112097019
ABCC3,ABC,Mouse,Spleen,136,0.12286828821964728,0.11673745573923366,0.44621315529845834
ABCC3,ABC,Mouse,Stomach,15,0.2038484349564748,0.048314834697383985,1
ABCC3,ABC,Mouse,Thymus,17,0.04353280157855969,0.02960382212843418,0.13750252554662432
ABCC3,ABC,Mouse,Thyroid,6,0.010513050385709665,0.009063966081184212,0.017153904469889826
ABCC3,ABC,Mouse,Undefined,64,0.0161790629017666,0.003993693119652779,0.10290508136442135
ABCC3,ABC,Mouse,UpperIleum,133,0.09727145087525484,0.10637307222073365,0.8130741112097019
ABCC3,ABC,Mouse,UpperJejunum,133,0.09742627120432588,0.10637307222073365,0.8130741112097019
ABCG2,ABC,Human,BloodCells,415,0.015163191062595125,0.00579137493322993,0.16288173930064373
ABCG2,ABC,Human,Bone,17,0.05408452617072295,0.036068244946983484,0.14845857186498398
ABCG2,ABC,Human,Brain,1613,0.06520410816757559,0.048424408127217634,1
ABCG2,ABC,Human,Breasts,41,0.018732286469377083,0.011199726681701388,0.08976137694089333
ABCG2,ABC,Human,Caecum,37,0.144545446593236,0.06599543386813495,0.7686081890038791
ABCG2,ABC,Human,ColonAscendens,37,0.144545446593236,0.06599543386813495,0.7686081890038791
ABCG2,ABC,Human,ColonDescendens,37,0.144545446593236,0.06599543386813495,0.7686081890038791
ABCG2,ABC,Human,ColonSigmoid,146,0.0427263531287682,0.0056633287735940955,0.7686081890038791
ABCG2,ABC,Human,ColonTransversum,159,0.06409285137419765,0.027520213491346774,0.7686081890038791
ABCG2,ABC,Human,Duodenum,29,0.20642569196317515,0.07312113299588305,0.6856788049406839
ABCG2,ABC,Human,Embryo,53,0.05153038148640942,0.031080166277434356,0.24220187535149518
ABCG2,ABC,Human,Endometrium,163,0.06806839381370554,0.036936964602120245,0.48667850781843325
ABCG2,ABC,Human,Esophagus,19,0.014567162022005975,0.013950714067379452,0.025261980781011138
ABCG2,ABC,Human,Eye,47,0.04982027055591479,0.028547950870605125,0.1950421801265427
ABCG2,ABC,Human,Fat,770,0.012294608999231989,0.009930716563328106,0.10212305748342983
ABCG2,ABC,Human,GallBladder,7,0.05942881777932197,0.041928518380478175,0.09958188296765562
ABCG2,ABC,Human,Gonads,387,0.028868155790699686,0.019252855080585253,0.19083839910647762
ABCG2,ABC,Human,Heart,305,0.005581889484714601,0.0020771994236738487,0.0860802091322836
ABCG2,ABC,Human,Kidney,102,0.022588852054377277,0.015257406021371111,0.12883128529034377
ABCG2,ABC,Human,LargeIntestine,277,0.0411254491664059,0.00841376104996669,0.7686081890038791
ABCG2,ABC,Human,LowerIleum,25,0.19926105476412573,0.052800693139611575,0.6856788049406839
ABCG2,ABC,Human,LowerJejunum,25,0.19926105476412573,0.052800693139611575,0.6856788049406839
ABCG2,ABC,Human,Lung,67,0.03232881565622704,0.02324256960131353,0.14410250295027313
ABCG2,ABC,Human,LymphNode,103,0.06562670467315972,0.03813836887799703,0.23941275713393587
ABCG2,ABC,Human,Muscle,354,0.0028658436728341307,6.506354829193591e-4,0.522328378860007
ABCG2,ABC,Human,Myometrium,58,0.0790049925869169,0.05036812524069248,0.5512577122875539
ABCG2,ABC,Human,Pancreas,133,0.006378271617727552,0.003573707457041658,0.034980756458102225
ABCG2,ABC,Human,Pericentral,131,0.031534185305844405,0.027645509040511322,0.1095719762664233
ABCG2,ABC,Human,Periportal,131,0.031534185305844405,0.027645509040511322,0.1095719762664233
ABCG2,ABC,Human,Placenta,10,0.105601554928801,0.09809828926039031,0.1570244304385534
ABCG2,ABC,Human,Plasma,313,0.006254942861358229,0.0056688813153733374,0.02482902258280957
ABCG2,ABC,Human,Rectum,37,0.15495318427756527,0.07898515598993656,0.7686081890038791
ABCG2,ABC,Human,SalivaryGland,53,0.010164780022647698,0.0062549896756034645,0.05576232128256253
ABCG2,ABC,Human,Skin,435,0.0043284414696056215,0.003613640484040456,0.02436543334173236
ABCG2,ABC,Human,SmallIntestine,29,0.20642569196317515,0.07312113299588305,0.6856788049406839
ABCG2,ABC,Human,Spleen,88,0.004767347440897185,0.0037234410525185937,0.023875769648116257
ABCG2,ABC,Human,Stomach,142,0.008459311473216803,0.0035418695337100124,0.09732395547359386
ABCG2,ABC,Human,Thyroid,203,0.033076465151655486,0.025745899365560633,0.20610936334511912
ABCG2,ABC,Human,Undefined,317,0.018465598964994997,0.016396296425139324,0.07485141195188744
ABCG2,ABC,Human,UpperIleum,25,0.19926105476412573,0.052800693139611575,0.6856788049406839
ABCG2,ABC,Human,UpperJejunum,25,0.19926105476412573,0.052800693139611575,0.6856788049406839
ABCG2,ABC,Macaque,BloodCells,2,0.3829346939538706,0.3829346939538706,0.4086309172750985
ABCG2,ABC,Macaque,Brain,634,0.15403990946081003,0.12509859813212032,1
ABCG2,ABC,Macaque,Caecum,3,0.04666874873461877,0.046656466443012905,0.05450333656272133
ABCG2,ABC,Macaque,ColonAscendens,3,0.04666874873461877,0.046656466443012905,0.05450333656272133
ABCG2,ABC,Macaque,ColonDescendens,3,0.04666874873461877,0.046656466443012905,0.05450333656272133
ABCG2,ABC,Macaque,ColonSigmoid,3,0.04666874873461877,0.046656466443012905,0.05450333656272133
ABCG2,ABC,Macaque,ColonTransversum,3,0.04666874873461877,0.046656466443012905,0.05450333656272133
ABCG2,ABC,Macaque,Eye,12,0.08902290602703865,0.08802899461779265,0.11560251701449951
ABCG2,ABC,Macaque,Fat,1,0.0037446262352441614,0.0037446262352441614,0.0037446262352441614
ABCG2,ABC,Macaque,Fibroblast,10,0.008123496707365648,0.007283754214939051,0.016827223479009387
ABCG2,ABC,Macaque,Gonads,48,0.17160208346856154,0.14130326044302738,0.6625531500045465
ABCG2,ABC,Macaque,Heart,46,0.05750628876070587,0.03077872202136346,0.3165939767380995
ABCG2,ABC,Macaque,Kidney,57,0.020608462366345837,0.014568457819732032,0.08626297296330734
ABCG2,ABC,Macaque,LargeIntestine,3,0.04666874873461877,0.046656466443012905,0.05450333656272133
ABCG2,ABC,Macaque,LowerIleum,1,0.056326906595469156,0.056326906595469156,0.056326906595469156
ABCG2,ABC,Macaque,Lung,11,0.2482658324190601,0.261784778845103,0.47856823515651237
ABCG2,ABC,Macaque,Muscle,17,0.04130834262915528,0.017697387866699155,0.13298091242920526
ABCG2,ABC,Macaque,Pericentral,85,0.07713004206992792,0.06713003087821356,0.22545199785492337
ABCG2,ABC,Macaque,Periportal,85,0.07713004206992792,0.06713003087821356,0.22545199785492337
ABCG2,ABC,Macaque,Rectum,3,0.04666874873461877,0.046656466443012905,0.05450333656272133
ABCG2,ABC,Macaque,SmallIntestine,1,0.056326906595469156,0.056326906595469156,0.056326906595469156
ABCG2,ABC,Macaque,Spleen,7,0.2673074870225399,0.25527498585056085,0.5182083425763805
ABCG2,ABC,Macaque,Undefined,32,0.10843394785514876,0.09348107281135379,0.27095319546260865
ABCG2,ABC,Macaque,UpperIleum,1,0.056326906595469156,0.056326906595469156,0.056326906595469156
ABCG2,ABC,Dog,BloodCells,1,0.05794536693651301,0.05794536693651301,0.05794536693651301
ABCG2,ABC,Dog,Bone,1,0.12427122076133136,0.12427122076133136,0.12427122076133136
ABCG2,ABC,Dog,Brain,44,0.06755805534697776,0.06114100351583358,0.31188235312945345
ABCG2,ABC,Dog,Breasts,2,0.08764300906806642,0.08764300906806642,0.09457256369302132
ABCG2,ABC,Dog,Caecum,13,0.09211126827949855,0.045430791342510116,0.5293257286488126
ABCG2,ABC,Dog,Cartilage,1,0.048699098137542474,0.048699098137542474,0.048699098137542474
ABCG2,ABC,Dog,ColonAscendens,13,0.09211126827949855,0.045430791342510116,0.5293257286488126
ABCG2,ABC,Dog,ColonDescendens,13,0.09211126827949855,0.045430791342510116,0.5293257286488126
ABCG2,ABC,Dog,ColonSigmoid,13,0.09211126827949855,0.045430791342510116,0.5293257286488126
ABCG2,ABC,Dog,ColonTransversum,13,0.09211126827949855,0.045430791342510116,0.5293257286488126
ABCG2,ABC,Dog,Duodenum,2,0.4385504184607743,0.4385504184607743,0.7959069549718039
ABCG2,ABC,Dog,Embryo,1,0.01010310240248317,0.01010310240248317,0.01010310240248317
ABCG2,ABC,Dog,Eye,1,0.19169157132468984,0.19169157132468984,0.19169157132468984
ABCG2,ABC,Dog,Fat,10,0.15928317850368337,0.0947279366530093,0.4445012186528197
ABCG2,ABC,Dog,Gonads,23,0.031590463840134315,0.028070550079668258,0.07097731455432564
ABCG2,ABC,Dog,Heart,24,0.02476756881309661,0.014289279659329492,0.0754141916502988
ABCG2,ABC,Dog,Kidney,12,0.02125417015503503,0.011352714481967303,0.0519961358597076
ABCG2,ABC,Dog,LargeIntestine,13,0.09211126827949855,0.045430791342510116,0.5293257286488126
ABCG2,ABC,Dog,LowerIleum,2,0.4385504184607743,0.4385504184607743,0.7959069549718039
ABCG2,ABC,Dog,LowerJejunum,3,0.6257002789738495,0.7959069549718039,1
ABCG2,ABC,Dog,Lung,15,0.142559904832991,0.10821023334299466,0.3415330395657608
ABCG2,ABC,Dog,LymphNode,4,0.10180900449056232,0.07157564173094119,0.2305512175627297
ABCG2,ABC,Dog,Muscle,15,0.018792696023752185,0.007424651364155424,0.07668821548660532
ABCG2,ABC,Dog,Pancreas,3,0.02233701792721497,0.01960155299282088,0.03161744059871902
ABCG2,ABC,Dog,Pericentral,28,0.2882010679218076,0.22515103290141725,0.6969063573918093
ABCG2,ABC,Dog,Periportal,28,0.2882010679218076,0.22515103290141725,0.6969063573918093
ABCG2,ABC,Dog,Placenta,1,0.4616594082713357,0.4616594082713357,0.4616594082713357
ABCG2,ABC,Dog,Rectum,13,0.09211126827949855,0.045430791342510116,0.5293257286488126
ABCG2,ABC,Dog,SalivaryGland,1,0.013132015017501922,0.013132015017501922,0.013132015017501922
ABCG2,ABC,Dog,Skin,21,0.10096844876028854,0.05332434175318957,0.9976318094935753
ABCG2,ABC,Dog,SmallIntestine,3,0.6257002789738495,0.7959069549718039,1
ABCG2,ABC,Dog,Spleen,12,0.13798105791699294,0.08373866020659071,0.3992719886856706
ABCG2,ABC,Dog,Stomach,2,0.06612484327836896,0.06612484327836896,0.11624889915224078
ABCG2,ABC,Dog,Thymus,1,0.15420046022445238,0.15420046022445238,0.15420046022445238
ABCG2,ABC,Dog,Thyroid,6,0.055556120289362375,0.0583736331869157,0.0745860520733033
ABCG2,ABC,Dog,Tongue,1,0.011175162210574187,0.011175162210574187,0.011175162210574187
ABCG2,ABC,Dog,Undefined,10,0.03270402760340208,0.027619683623123052,0.08163024368352188
ABCG2,ABC,Dog,UpperIleum,2,0.4385504184607743,0.4385504184607743,0.7959069549718039
ABCG2,ABC,Dog,UpperJejunum,3,0.6257002789738495,0.7959069549718039,1
ABCG2,ABC,Mouse,BloodCells,105,0.02800473262933116,0.023445893710852077,0.0936369189942041
ABCG2,ABC,Mouse,Bone,205,0.08059703562045131,0.07456555879708397,0.2005985981343441
ABCG2,ABC,Mouse,Brain,181,0.004463862017461001,0.002299092881184657,0.019945281397998
ABCG2,ABC,Mouse,Breasts,2,0.01297531828599911,0.01297531828599911,0.014156672665535575
ABCG2,ABC,Mouse,Caecum,36,0.007062346547545688,0.006530517730305734,0.021660356396168656
ABCG2,ABC,Mouse,ColonAscendens,36,0.007062346547545688,0.006530517730305734,0.021660356396168656
ABCG2,ABC,Mouse,ColonDescendens,36,0.007062346547545688,0.006530517730305734,0.021660356396168656
ABCG2,ABC,Mouse,ColonSigmoid,38,0.007078117005800573,0.006530517730305734,0.021660356396168656
ABCG2,ABC,Mouse,ColonTransversum,36,0.007062346547545688,0.006530517730305734,0.021660356396168656
ABCG2,ABC,Mouse,Duodenum,135,0.016336666800008292,0.015853880364963484,0.06525849200950351
ABCG2,ABC,Mouse,Egg,3,0.006323846559777279,0.00722877870820247,0.007242622197336414
ABCG2,ABC,Mouse,Embryo,44,0.0075986112297037915,0.004956736228272179,0.021314835310794606
ABCG2,ABC,Mouse,Esophagus,3,0.003354850624405819,0.0034521872393982853,0.003810374489346075
ABCG2,ABC,Mouse,Eye,5,0.004787153454009289,0.005011040081979164,0.005558856273937884
ABCG2,ABC,Mouse,Fat,230,0.02330609971704758,0.01750586103824095,0.25282338070703986
ABCG2,ABC,Mouse,Gonads,192,0.011673393242079092,0.00971761538440486,0.054499312913517506
ABCG2,ABC,Mouse,Heart,202,0.002294407822603703,0.001682419594632442,0.0110289106809285
ABCG2,ABC,Mouse,Kidney,202,0.002680254428980697,0.0023609876158195895,0.008127686325907152
ABCG2,ABC,Mouse,LargeIntestine,38,0.007078117005800573,0.006530517730305734,0.021660356396168656
ABCG2,ABC,Mouse,LowerIleum,131,0.016766666808892543,0.016019600430067317,0.06525849200950351
ABCG2,ABC,Mouse,LowerJejunum,131,0.01685911259852619,0.016019600430067317,0.06525849200950351
ABCG2,ABC,Mouse,Lung,158,0.04168405926706561,0.04164552747934744,0.11881210913743405
ABCG2,ABC,Mouse,Muscle,209,0.0011122787262995476,7.436289960106868e-4,0.014158397820987725
ABCG2,ABC,Mouse,Myometrium,2,0.01708753061805648,0.01708753061805648,0.02190818130994485
ABCG2,ABC,Mouse,Pancreas,53,0.05308759525059392,0.024691722951982863,0.3115870448953025
ABCG2,ABC,Mouse,Pericentral,316,0.011774522236152492,0.007016667661196072,0.1661494223195264
ABCG2,ABC,Mouse,Periportal,316,0.011774522236152492,0.007016667661196072,0.1661494223195264
ABCG2,ABC,Mouse,Placenta,4,0.0022786965531186435,0.001868705159484819,0.0036886858704630087
ABCG2,ABC,Mouse,Plasma,10,0.002697313713793706,0.002581137321227998,0.006045923143966683
ABCG2,ABC,Mouse,Rectum,36,0.007062346547545688,0.006530517730305734,0.021660356396168656
ABCG2,ABC,Mouse,Skin,176,0.013503606088709045,0.004430593089454777,0.06482857259620751
ABCG2,ABC,Mouse,SmallIntestine,141,0.01636926165420623,0.01587818646328897,0.06525849200950351
ABCG2,ABC,Mouse,Spleen,136,0.5425300620151277,0.5837663200922942,1
ABCG2,ABC,Mouse,Stomach,13,0.005736471538209823,0.004722632066074299,0.012037955684434904
ABCG2,ABC,Mouse,Thymus,19,0.23147144005114273,0.24352650734916953,0.41980861885664017
ABCG2,ABC,Mouse,Thyroid,6,0.002777775148534752,0.0023842415447825407,0.004055204286955815
ABCG2,ABC,Mouse,Undefined,46,0.005709867564936918,0.0025076641282079292,0.05530684950860729
ABCG2,ABC,Mouse,UpperIleum,131,0.016766666808892543,0.016019600430067317,0.06525849200950351
ABCG2,ABC,Mouse,UpperJejunum,131,0.01685911259852619,0.016019600430067317,0.06525849200950351
CYP1A1,CYP,Human,BloodCells,253,0.0014373874803682422,6.69265864622563e-4,0.05849161808322839
CYP1A1,CYP,Human,Brain,1162,9.283810076520942e-4,4.381527768052354e-4,0.0460218343178839
CYP1A1,CYP,Human,Breasts,34,0.027305124016610907,0.0068212572247358105,0.1939008727130202
CYP1A1,CYP,Human,Caecum,18,0.00848140556272927,5.522273948840091e-4,0.07346225183900397
CYP1A1,CYP,Human,Cartilage,2,0.0035735379347017543,0.0035735379347017543,0.004381022970265423
CYP1A1,CYP,Human,ColonAscendens,18,0.00848140556272927,5.522273948840091e-4,0.07346225183900397
CYP1A1,CYP,Human,ColonDescendens,18,0.00848140556272927,5.522273948840091e-4,0.07346225183900397
CYP1A1,CYP,Human,ColonSigmoid,107,0.003398262498254054,5.485299724676182e-4,0.07808037476237642
CYP1A1,CYP,Human,ColonTransversum,117,0.00238410200876162,5.4103146032107e-4,0.07346225183900397
CYP1A1,CYP,Human,Duodenum,16,0.015877980401700686,0.0019344848482972703,0.070142736556466
CYP1A1,CYP,Human,Embryo,11,0.010385331936206336,0.001271887627810927,0.05330094781800936
CYP1A1,CYP,Human,Endometrium,59,0.004219372837369669,8.625370948354213e-4,0.06345842489676531
CYP1A1,CYP,Human,Esophagus,15,0.005677279562646599,0.002433119317403472,0.02223180744424059
CYP1A1,CYP,Human,Eye,30,4.855278322727903e-4,4.0249908282660686e-4,0.0014473132789843681
CYP1A1,CYP,Human,Fat,591,0.01668919951742756,0.0013425202533974597,0.4095096623400423
CYP1A1,CYP,Human,GallBladder,5,0.002167928092989022,9.179999443395236e-4,0.004494979472875158
CYP1A1,CYP,Human,Gonads,218,0.0017650982692445699,6.316367755223168e-4,0.038108006253605074
CYP1A1,CYP,Human,Heart,230,0.004245383916465614,1.7812246668965053e-4,0.24736673171749265
CYP1A1,CYP,Human,Kidney,58,0.015269934258320225,4.872955891509201e-4,0.8212499297595973
CYP1A1,CYP,Human,LargeIntestine,210,0.002335171060170227,5.044892787574862e-4,0.07808037476237642
CYP1A1,CYP,Human,LowerIleum,12,0.020895936553314023,0.0112262226852952,0.070142736556466
CYP1A1,CYP,Human,LowerJejunum,12,0.020895936553314023,0.0112262226852952,0.070142736556466
CYP1A1,CYP,Human,Lung,54,0.04387506587198475,9.523298647133315e-4,1
CYP1A1,CYP,Human,LymphNode,61,0.001433979227941735,4.067075802977095e-4,0.02084592157283733
CYP1A1,CYP,Human,Muscle,288,0.0016462422701120573,2.0392753577104403e-4,0.04607224191206621
CYP1A1,CYP,Human,Myometrium,40,0.0016329809723929557,5.891575925809531e-4,0.015568902162480617
CYP1A1,CYP,Human,Pancreas,92,0.03773849150608275,0.011426396846083115,0.4212788787152491
CYP1A1,CYP,Human,Pericentral,124,0.009646509827564162,0.002538095434126338,0.13453129660214191
CYP1A1,CYP,Human,Periportal,124,0.009646509827564162,0.002538095434126338,0.13453129660214191
CYP1A1,CYP,Human,Placenta,8,9.44911831558137e-4,5.607229878273965e-4,0.0037853424206778746
CYP1A1,CYP,Human,Plasma,265,0.012252708114864954,0.0020550189148375517,0.5873292883381672
CYP1A1,CYP,Human,Rectum,16,0.001937630197446186,4.678440694024233e-4,0.013010360845711255
CYP1A1,CYP,Human,SalivaryGland,42,0.00399678152056651,8.576661984830706e-4,0.07327459055996134
CYP1A1,CYP,Human,Skin,427,0.01462245193358346,0.005081811821740637,0.456018699883817
CYP1A1,CYP,Human,SmallIntestine,16,0.015877980401700686,0.0019344848482972703,0.070142736556466
CYP1A1,CYP,Human,Spleen,36,5.667865122469534e-4,3.167973010971926e-4,0.0022538743112750616
CYP1A1,CYP,Human,Stomach,101,0.0023774712416748996,2.479570140116304e-4,0.07418285790152293
CYP1A1,CYP,Human,Thyroid,154,0.0062721702775385075,8.367294002927172e-4,0.1591455938897104
CYP1A1,CYP,Human,Undefined,240,0.004903331530412306,0.0014007762668910675,0.10092277274692808
CYP1A1,CYP,Human,UpperIleum,12,0.020895936553314023,0.0112262226852952,0.070142736556466
CYP1A1,CYP,Human,UpperJejunum,12,0.020895936553314023,0.0112262226852952,0.070142736556466
CYP1A1,CYP,Macaque,Brain,59,5.321214330732228e-4,3.484201157555874e-4,0.0036977188692472415
CYP1A1,CYP,Macaque,Caecum,1,2.3859984815466695e-4,2.3859984815466695e-4,2.3859984815466695e-4
CYP1A1,CYP,Macaque,ColonAscendens,1,2.3859984815466695e-4,2.3859984815466695e-4,2.3859984815466695e-4
CYP1A1,CYP,Macaque,ColonDescendens,1,2.3859984815466695e-4,2.3859984815466695e-4,2.3859984815466695e-4
CYP1A1,CYP,Macaque,ColonSigmoid,1,2.3859984815466695e-4,2.3859984815466695e-4,2.3859984815466695e-4
CYP1A1,CYP,Macaque,ColonTransversum,1,2.3859984815466695e-4,2.3859984815466695e-4,2.3859984815466695e-4
CYP1A1,CYP,Macaque,Fat,1,1.0236383802912164e-5,1.0236383802912164e-5,1.0236383802912164e-5
CYP1A1,CYP,Macaque,Fibroblast,2,2.2124370745318052e-5,2.2124370745318052e-5,2.342241492924644e-5
CYP1A1,CYP,Macaque,Gonads,16,8.656049879028138e-4,4.931980258408781e-4,0.004946617556925949
CYP1A1,CYP,Macaque,Heart,24,0.0010845513474803253,2.1280664854395672e-4,0.010704040471684141
CYP1A1,CYP,Macaque,Kidney,31,0.0043797668750623865,0.0011746799195596572,0.03616133749946839
CYP1A1,CYP,Macaque,LargeIntestine,1,2.3859984815466695e-4,2.3859984815466695e-4,2.3859984815466695e-4
CYP1A1,CYP,Macaque,LowerIleum,1,0.005108225286552287,0.005108225286552287,0.005108225286552287
CYP1A1,CYP,Macaque,Lung,9,0.0033348288823418564,0.0011927992527022639,0.010266015953216603
CYP1A1,CYP,Macaque,Muscle,9,0.0018075874503132282,1.3013776103032278e-4,0.009491061897672811
CYP1A1,CYP,Macaque,Pericentral,80,0.08725843761406803,0.008274992935550295,1
CYP1A1,CYP,Macaque,Periportal,80,0.08725843761406803,0.008274992935550295,1
CYP1A1,CYP,Macaque,Rectum,1,2.3859984815466695e-4,2.3859984815466695e-4,2.3859984815466695e-4
CYP1A1,CYP,Macaque,SmallIntestine,1,0.005108225286552287,0.005108225286552287,0.005108225286552287
CYP1A1,CYP,Macaque,UpperIleum,1,0.005108225286552287,0.005108225286552287,0.005108225286552287
CYP1A1,CYP,Dog,Bone,1,0.001403541656634421,0.001403541656634421,0.001403541656634421
CYP1A1,CYP,Dog,Brain,1,0.03209063196614448,0.03209063196614448,0.03209063196614448
CYP1A1,CYP,Dog,Breasts,1,0.0025787081752936454,0.0025787081752936454,0.0025787081752936454
CYP1A1,CYP,Dog,Caecum,13,0.004669729837074617,0.0012654827923475284,0.03557491999842374
CYP1A1,CYP,Dog,ColonAscendens,13,0.004669729837074617,0.0012654827923475284,0.03557491999842374
CYP1A1,CYP,Dog,ColonDescendens,13,0.004669729837074617,0.0012654827923475284,0.03557491999842374
CYP1A1,CYP,Dog,ColonSigmoid,13,0.004669729837074617,0.0012654827923475284,0.03557491999842374
CYP1A1,CYP,Dog,ColonTransversum,13,0.004669729837074617,0.0012654827923475284,0.03557491999842374
CYP1A1,CYP,Dog,Duodenum,2,0.07043993466732734,0.07043993466732734,0.13987773015664565
CYP1A1,CYP,Dog,Embryo,1,1.940833981203039e-4,1.940833981203039e-4,1.940833981203039e-4
CYP1A1,CYP,Dog,Fat,10,0.034421395606832744,0.03479578708759529,0.06335402914226174
CYP1A1,CYP,Dog,Gonads,5,0.0024972315800824165,0.0023535732846504584,0.003369407989575674
CYP1A1,CYP,Dog,Heart,20,0.001135885374954526,0.001013507735222211,0.0027029323921800423
CYP1A1,CYP,Dog,Kidney,8,4.2242150410959475e-4,2.788399604625542e-4,0.0010478698192441596
CYP1A1,CYP,Dog,LargeIntestine,13,0.004669729837074617,0.0012654827923475284,0.03557491999842374
CYP1A1,CYP,Dog,LowerIleum,2,0.07043993466732734,0.07043993466732734,0.13987773015664565
CYP1A1,CYP,Dog,LowerJejunum,3,0.08205724458625945,0.10529186442412364,0.13987773015664565
CYP1A1,CYP,Dog,Lung,11,0.0757797436310381,0.05030855910849713,0.280085057306254
CYP1A1,CYP,Dog,LymphNode,1,0.0010325968906565693,0.0010325968906565693,0.0010325968906565693
CYP1A1,CYP,Dog,Muscle,15,0.0016721551899989836,8.165104591986764e-4,0.006695470216313288
CYP1A1,CYP,Dog,Pancreas,2,3.4982206114510944e-4,3.4982206114510944e-4,3.5096580757063576e-4
CYP1A1,CYP,Dog,Pericentral,26,0.0064410255333922795,0.005075509795668514,0.02847760545070435
CYP1A1,CYP,Dog,Periportal,26,0.0064410255333922795,0.005075509795668514,0.02847760545070435
CYP1A1,CYP,Dog,Placenta,1,1.9996411157128632e-4,1.9996411157128632e-4,1.9996411157128632e-4
CYP1A1,CYP,Dog,Rectum,13,0.004669729837074617,0.0012654827923475284,0.03557491999842374
CYP1A1,CYP,Dog,SalivaryGland,1,3.6707317565940964e-4,3.6707317565940964e-4,3.6707317565940964e-4
CYP1A1,CYP,Dog,Skin,21,0.06907616128962829,0.007626223872868658,1
CYP1A1,CYP,Dog,SmallIntestine,3,0.08205724458625945,0.10529186442412364,0.13987773015664565
CYP1A1,CYP,Dog,Spleen,12,0.0054778020328750615,0.005323419225579542,0.00964098813748892
CYP1A1,CYP,Dog,Stomach,2,0.014330869479606746,0.014330869479606746,0.02791843961076691
CYP1A1,CYP,Dog,Thyroid,1,5.877663655155045e-4,5.877663655155045e-4,5.877663655155045e-4
CYP1A1,CYP,Dog,Tongue,1,0.0017675144151384,0.0017675144151384,0.0017675144151384
CYP1A1,CYP,Dog,Undefined,3,0.008647745929877423,0.01146939487634213,0.014229881700830496
CYP1A1,CYP,Dog,UpperIleum,2,0.07043993466732734,0.07043993466732734,0.13987773015664565
CYP1A1,CYP,Dog,UpperJejunum,3,0.08205724458625945,0.10529186442412364,0.13987773015664565
CYP1A1,CYP,Rat,Brain,9,0.02814586632566818,0.011192117782917928,0.09029458734620535
CYP1A1,CYP,Rat,Caecum,4,0.04458860754412264,0.027985057998273687,0.11839881711277457
CYP1A1,CYP,Rat,ColonAscendens,4,0.04458860754412264,0.027985057998273687,0.11839881711277457
CYP1A1,CYP,Rat,ColonDescendens,4,0.04458860754412264,0.027985057998273687,0.11839881711277457
CYP1A1,CYP,Rat,ColonSigmoid,4,0.04458860754412264,0.027985057998273687,0.11839881711277457
CYP1A1,CYP,Rat,ColonTransversum,4,0.04458860754412264,0.027985057998273687,0.11839881711277457
CYP1A1,CYP,Rat,Duodenum,3,0.28265994646251597,0.29208482102030614,0.3330668885704662
CYP1A1,CYP,Rat,Esophagus,3,0.011917362593329511,0.005093620532447039,0.026564517460189622
CYP1A1,CYP,Rat,Heart,4,0.01609930439022359,0.01017684214299404,0.039412682992162065
CYP1A1,CYP,Rat,Kidney,60,0.12506759268221862,0.07302691702562482,0.7719043042606325
CYP1A1,CYP,Rat,LargeIntestine,4,0.04458860754412264,0.027985057998273687,0.11839881711277457
CYP1A1,CYP,Rat,LowerIleum,2,0.14209456122190192,0.14209456122190192,0.20166133051723145
CYP1A1,CYP,Rat,LowerJejunum,3,0.2879380025566153,0.3230034358128471,0.46022372696703107
CYP1A1,CYP,Rat,Lung,31,0.3611196721591953,0.1838992077747937,1
CYP1A1,CYP,Rat,Muscle,77,0.0030803837719267004,0.0019601779711725105,0.016955070328939368
CYP1A1,CYP,Rat,Myometrium,4,0.1355945916379838,0.13313958649945734,0.17052729950365714
CYP1A1,CYP,Rat,Pericentral,71,0.023335361380545313,0.010695633111748294,0.16593640126320955
CYP1A1,CYP,Rat,Periportal,71,0.023335361380545313,0.010695633111748294,0.16593640126320955
CYP1A1,CYP,Rat,Rectum,4,0.04458860754412264,0.027985057998273687,0.11839881711277457
CYP1A1,CYP,Rat,Skin,8,0.06060446563012381,0.061035814995504326,0.07732825359875312
CYP1A1,CYP,Rat,SmallIntestine,8,0.2494978711876497,0.2574564754085409,0.46022372696703107
CYP1A1,CYP,Rat,Stomach,1,0.014176115640706416,0.014176115640706416,0.014176115640706416
CYP1A1,CYP,Rat,Thymus,4,0.06423932552388176,0.06445287016764603,0.0737957491723254
CYP1A1,CYP,Rat,Undefined,13,0.06247211104175444,0.058037617799544784,0.11303497607073534
CYP1A1,CYP,Rat,UpperIleum,2,0.14209456122190192,0.14209456122190192,0.20166133051723145
CYP1A1,CYP,Rat,UpperJejunum,3,0.2879380025566153,0.3230034358128471,0.46022372696703107
CYP1A1,CYP,Mouse,BloodCells,7,0.005740892002102417,0.0059759040627660074,0.00845283363617737
CYP1A1,CYP,Mouse,Bone,4,0.0263668449719261,0.0272310745437285,0.02936292713842026
CYP1A1,CYP,Mouse,Brain,15,0.0017768302321459516,0.0014541100620805232,0.008809961743366788
CYP1A1,CYP,Mouse,Breasts,2,0.0033031987590725264,0.0033031987590725264,0.0033852237156937006
CYP1A1,CYP,Mouse,Caecum,14,0.0766226120632166,9.596203336443849e-4,0.6573653582214697
CYP1A1,CYP,Mouse,ColonAscendens,14,0.0766226120632166,9.596203336443849e-4,0.6573653582214697
CYP1A1,CYP,Mouse,ColonDescendens,14,0.0766226120632166,9.596203336443849e-4,0.6573653582214697
CYP1A1,CYP,Mouse,ColonSigmoid,14,0.0766226120632166,9.596203336443849e-4,0.6573653582214697
CYP1A1,CYP,Mouse,ColonTransversum,14,0.0766226120632166,9.596203336443849e-4,0.6573653582214697
CYP1A1,CYP,Mouse,Duodenum,123,0.12188816826491038,0.11425936760757872,0.45463539456948915
CYP1A1,CYP,Mouse,Embryo,5,0.0013156557039011938,0.0014830606723891912,0.001969865561106565
CYP1A1,CYP,Mouse,Esophagus,3,0.003572000717000974,0.0020483157246543237,0.007765775112165555
CYP1A1,CYP,Mouse,Fat,207,0.03378411372971809,0.029859964760580313,0.08667546660497749
CYP1A1,CYP,Mouse,Gonads,97,0.013278510423464701,0.009319945719426322,0.05584486064751199
CYP1A1,CYP,Mouse,Heart,87,0.006088013785435681,0.004534564715031629,0.03319927751928473
CYP1A1,CYP,Mouse,Kidney,149,0.0018577361014358946,0.0016820088111686154,0.00538878749258119
CYP1A1,CYP,Mouse,LargeIntestine,14,0.0766226120632166,9.596203336443849e-4,0.6573653582214697
CYP1A1,CYP,Mouse,LowerIleum,119,0.12086093344695706,0.11152446948896126,0.45463539456948915
CYP1A1,CYP,Mouse,LowerJejunum,118,0.1222460243736165,0.11289191854826999,0.45463539456948915
CYP1A1,CYP,Mouse,Lung,151,0.12988003779931231,0.07055438025378909,1
CYP1A1,CYP,Mouse,Muscle,226,0.0020387128849355166,0.001168512408450647,0.014031975833481144
CYP1A1,CYP,Mouse,Pancreas,54,0.028102954719953624,0.023199538251298574,0.10760827306946001
CYP1A1,CYP,Mouse,Pericentral,230,0.0016123022470810957,0.0012553016033400289,0.018496588830388783
CYP1A1,CYP,Mouse,Periportal,230,0.0016123022470810957,0.0012553016033400289,0.018496588830388783
CYP1A1,CYP,Mouse,Placenta,10,0.0055793988314564065,0.003986035945130826,0.01829995824608716
CYP1A1,CYP,Mouse,Plasma,3,0.0012186992396535723,7.66685846123433e-4,0.0021231507349357952
CYP1A1,CYP,Mouse,Rectum,14,0.0766226120632166,9.596203336443849e-4,0.6573653582214697
CYP1A1,CYP,Mouse,Skin,199,0.03769598792945406,0.032322287119749334,0.18633877835400223
CYP1A1,CYP,Mouse,SmallIntestine,128,0.11752837136903829,0.10960412854007187,0.45463539456948915
CYP1A1,CYP,Mouse,Spleen,10,0.008032488933481196,0.009141675660773646,0.014860591343407961
CYP1A1,CYP,Mouse,Stomach,5,0.0024459055088546073,0.0025079366340608196,0.0037281816904954006
CYP1A1,CYP,Mouse,Thymus,3,0.007682150433123259,0.0063074114694352725,0.010910662291472592
CYP1A1,CYP,Mouse,Thyroid,6,0.005576925311305658,0.0046229144120314165,0.013861918770250064
CYP1A1,CYP,Mouse,Undefined,18,0.049145021134737656,0.00452518272731723,0.1912628446912231
CYP1A1,CYP,Mouse,UpperIleum,119,0.12086093344695706,0.11152446948896126,0.45463539456948915
CYP1A1,CYP,Mouse,UpperJejunum,118,0.1222460243736165,0.11289191854826999,0.45463539456948915
CYP1A2,CYP,Human,BloodCells,170,0.001047099414266214,7.122497593738564e-4,0.0072364561416859855
CYP1A2,CYP,Human,Bone,6,0.002961992777874951,7.19222511592505e-4,0.014328613124359218
CYP1A2,CYP,Human,Brain,39,3.6605004314823887e-4,2.4624697100448535e-4,0.002332287395360539
CYP1A2,CYP,Human,Breasts,9,2.295706444004805e-4,2.4024198648179282e-4,3.5801746969465857e-4
CYP1A2,CYP,Human,Caecum,4,0.001242874992860131,0.0015479951513252465,0.001706039359800119
CYP1A2,CYP,Human,ColonAscendens,4,0.001242874992860131,0.0015479951513252465,0.001706039359800119
CYP1A2,CYP,Human,ColonDescendens,4,0.001242874992860131,0.0015479951513252465,0.001706039359800119
CYP1A2,CYP,Human,ColonSigmoid,19,4.2156718787496843e-4,2.3472650798873242e-4,0.001706039359800119
CYP1A2,CYP,Human,ColonTransversum,25,3.429851923097257e-4,1.6962977660604653e-4,0.001706039359800119
CYP1A2,CYP,Human,Duodenum,7,8.157606856878817e-4,3.133432230771632e-4,0.001706039359800119
CYP1A2,CYP,Human,Embryo,11,8.611747114257265e-4,8.990873650646346e-4,0.0029193547332932693
CYP1A2,CYP,Human,Endometrium,37,4.035512988056814e-4,3.9103437743701785e-4,7.635671433643863e-4
CYP1A2,CYP,Human,Esophagus,5,7.465160935364652e-4,1.6009675600807847e-4,0.003136375483869855
CYP1A2,CYP,Human,Eye,1,2.5157895576579926e-4,2.5157895576579926e-4,2.5157895576579926e-4
CYP1A2,CYP,Human,Fat,198,3.0502547608732554e-4,2.1549444976233522e-4,0.006612341105050921
CYP1A2,CYP,Human,GallBladder,2,3.3974815243284474e-4,3.3974815243284474e-4,4.2508565743991567e-4
CYP1A2,CYP,Human,Gonads,45,6.010822185044456e-4,3.0918224972032793e-4,0.008913727027293258
CYP1A2,CYP,Human,Heart,54,2.9933695258188347e-4,8.168515602521488e-5,0.005656175448867018
CYP1A2,CYP,Human,Kidney,39,7.161984824424721e-4,5.25817008224603e-4,0.00263640341903572
CYP1A2,CYP,Human,LargeIntestine,42,2.928892774575453e-4,1.792611993275775e-4,0.001706039359800119
CYP1A2,CYP,Human,LowerIleum,5,0.001047453434218403,0.0014019390854801276,0.001706039359800119
CYP1A2,CYP,Human,LowerJejunum,5,0.001047453434218403,0.0014019390854801276,0.001706039359800119
CYP1A2,CYP,Human,Lung,41,0.0018293650983794946,6.24672735636478e-4,0.01384081668624282
CYP1A2,CYP,Human,LymphNode,18,3.617886426046628e-4,3.323581666882961e-4,8.146895504965858e-4
CYP1A2,CYP,Human,Muscle,68,1.268123940042055e-4,8.748125745824427e-5,0.001754443129072118
CYP1A2,CYP,Human,Myometrium,4,3.569207700458699e-4,3.560724468880315e-4,4.1990002814160804e-4
CYP1A2,CYP,Human,Pancreas,32,4.115770892133099e-4,2.6140867478778986e-4,0.0036598658081385895
CYP1A2,CYP,Human,Pericentral,105,0.12988623254409448,0.06546247070929198,1
CYP1A2,CYP,Human,Periportal,105,0.12988623254409448,0.06546247070929198,1
CYP1A2,CYP,Human,Placenta,8,0.0014042410873849258,5.856925733580892e-4,0.004131889683777521
CYP1A2,CYP,Human,Plasma,57,2.7667881589186826e-4,2.2377719804377388e-4,0.001127887024419634
CYP1A2,CYP,Human,Rectum,5,0.0010421004130534931,0.0014019390854801276,0.001706039359800119
CYP1A2,CYP,Human,SalivaryGland,9,2.791480145103215e-4,2.549092098038382e-4,5.882890460778671e-4
CYP1A2,CYP,Human,Skin,272,0.0016592003472972914,6.92084426848645e-4,0.027775211148370896
CYP1A2,CYP,Human,SmallIntestine,7,8.157606856878817e-4,3.133432230771632e-4,0.001706039359800119
CYP1A2,CYP,Human,Spleen,15,0.0017752329855702307,4.144235034626426e-4,0.01984259548380546
CYP1A2,CYP,Human,Stomach,39,1.928227132445614e-4,1.7061612055367084e-4,3.6932050696178643e-4
CYP1A2,CYP,Human,Thyroid,198,0.0036522192713421644,0.0028523960273321683,0.011395911221769474
CYP1A2,CYP,Human,Undefined,51,3.561988676154922e-4,2.9261275598670714e-4,0.002652501246756175
CYP1A2,CYP,Human,UpperIleum,5,0.001047453434218403,0.0014019390854801276,0.001706039359800119
CYP1A2,CYP,Human,UpperJejunum,5,0.001047453434218403,0.0014019390854801276,0.001706039359800119
CYP1A2,CYP,Macaque,Brain,47,3.9059243212166364e-4,3.2808122878579275e-4,0.0017572328952161532
CYP1A2,CYP,Macaque,Fibroblast,1,5.992483962142448e-5,5.992483962142448e-5,5.992483962142448e-5
CYP1A2,CYP,Macaque,Gonads,1,0.002939384777102631,0.002939384777102631,0.002939384777102631
CYP1A2,CYP,Macaque,Heart,9,9.78364268747127e-5,5.5679903215901926e-5,3.198769441346208e-4
CYP1A2,CYP,Macaque,Muscle,1,1.4210582388355484e-4,1.4210582388355484e-4,1.4210582388355484e-4
CYP1A2,CYP,Macaque,Pericentral,39,0.08759763152066119,0.0016643274141832302,1
CYP1A2,CYP,Macaque,Periportal,39,0.08759763152066119,0.0016643274141832302,1
CYP1A2,CYP,Macaque,Spleen,4,0.0012563624141590575,5.601977561390717e-4,0.0036091912474794856
CYP1A2,CYP,Macaque,Undefined,8,0.001851878109302373,0.001753172181663572,0.003950049699847807
CYP1A2,CYP,Dog,BloodCells,1,0.0047284887454028335,0.0047284887454028335,0.0047284887454028335
CYP1A2,CYP,Dog,Brain,3,0.002827451982932947,0.0031222716472824436,0.003270023206233712
CYP1A2,CYP,Dog,Breasts,1,0.01660502739575766,0.01660502739575766,0.01660502739575766
CYP1A2,CYP,Dog,Caecum,1,1.9826847840651756e-4,1.9826847840651756e-4,1.9826847840651756e-4
CYP1A2,CYP,Dog,ColonAscendens,1,1.9826847840651756e-4,1.9826847840651756e-4,1.9826847840651756e-4
CYP1A2,CYP,Dog,ColonDescendens,1,1.9826847840651756e-4,1.9826847840651756e-4,1.9826847840651756e-4
CYP1A2,CYP,Dog,ColonSigmoid,1,1.9826847840651756e-4,1.9826847840651756e-4,1.9826847840651756e-4
CYP1A2,CYP,Dog,ColonTransversum,1,1.9826847840651756e-4,1.9826847840651756e-4,1.9826847840651756e-4
CYP1A2,CYP,Dog,Duodenum,1,0.0026910641482315594,0.0026910641482315594,0.0026910641482315594
CYP1A2,CYP,Dog,Fat,4,8.80474014293575e-4,7.913609732518296e-4,0.0014732445184747174
CYP1A2,CYP,Dog,Gonads,8,0.004544554864383626,0.004427876050872005,0.00733175686664885
CYP1A2,CYP,Dog,Heart,3,3.1260682309036306e-4,2.0027357820977896e-4,5.374569467067493e-4
CYP1A2,CYP,Dog,Kidney,2,3.3094102777286264e-4,3.3094102777286264e-4,3.5193977624951747e-4
CYP1A2,CYP,Dog,LargeIntestine,1,1.9826847840651756e-4,1.9826847840651756e-4,1.9826847840651756e-4
CYP1A2,CYP,Dog,LowerIleum,1,0.0026910641482315594,0.0026910641482315594,0.0026910641482315594
CYP1A2,CYP,Dog,LowerJejunum,2,0.0021608696545230045,0.0021608696545230045,0.0026910641482315594
CYP1A2,CYP,Dog,Lung,3,0.003971585656131478,0.0031826540036169987,0.005584801161087284
CYP1A2,CYP,Dog,Muscle,2,3.133978965537539e-4,3.133978965537539e-4,3.138542145147947e-4
CYP1A2,CYP,Dog,Pancreas,1,0.00409647717968018,0.00409647717968018,0.00409647717968018
CYP1A2,CYP,Dog,Pericentral,24,0.3661239924005688,0.30354905288235545,1
CYP1A2,CYP,Dog,Periportal,24,0.3661239924005688,0.30354905288235545,1
CYP1A2,CYP,Dog,Rectum,1,1.9826847840651756e-4,1.9826847840651756e-4,1.9826847840651756e-4
CYP1A2,CYP,Dog,Skin,17,0.11427548771959568,0.06316531867827523,0.8630939450335939
CYP1A2,CYP,Dog,SmallIntestine,2,0.0021608696545230045,0.0021608696545230045,0.0026910641482315594
CYP1A2,CYP,Dog,Spleen,10,0.0039462016930160325,0.0036139949981048853,0.0083850133421645
CYP1A2,CYP,Dog,Stomach,1,0.0021026431176502584,0.0021026431176502584,0.0021026431176502584
CYP1A2,CYP,Dog,Tongue,1,7.858994641644435e-4,7.858994641644435e-4,7.858994641644435e-4
CYP1A2,CYP,Dog,Undefined,2,0.6834868296078067,0.6834868296078067,0.7288441486951606
CYP1A2,CYP,Dog,UpperIleum,1,0.0026910641482315594,0.0026910641482315594,0.0026910641482315594
CYP1A2,CYP,Dog,UpperJejunum,2,0.0021608696545230045,0.0021608696545230045,0.0026910641482315594
CYP1A2,CYP,Rat,Brain,8,0.002069354720016238,0.0015764674132631956,0.006339150308342733
CYP1A2,CYP,Rat,Caecum,5,0.0025054395842099195,4.8627794514483183e-4,0.00922906289415582
CYP1A2,CYP,Rat,ColonAscendens,5,0.0025054395842099195,4.8627794514483183e-4,0.00922906289415582
CYP1A2,CYP,Rat,ColonDescendens,5,0.0025054395842099195,4.8627794514483183e-4,0.00922906289415582
CYP1A2,CYP,Rat,ColonSigmoid,5,0.0025054395842099195,4.8627794514483183e-4,0.00922906289415582
CYP1A2,CYP,Rat,ColonTransversum,5,0.0025054395842099195,4.8627794514483183e-4,0.00922906289415582
CYP1A2,CYP,Rat,Duodenum,3,6.577373642210812e-4,7.029105555579152e-4,7.48519591950403e-4
CYP1A2,CYP,Rat,Esophagus,1,0.0021069465653083485,0.0021069465653083485,0.0021069465653083485
CYP1A2,CYP,Rat,Fat,2,0.003061241580035165,0.003061241580035165,0.005159378846350671
CYP1A2,CYP,Rat,Gonads,2,0.001592202927841008,0.001592202927841008,0.002500156264659828
CYP1A2,CYP,Rat,Heart,4,9.344576380786207e-4,6.182287205041072e-4,0.0023786735926216427
CYP1A2,CYP,Rat,Kidney,9,0.0027782141832274937,3.467298234513759e-4,0.021591704394667323
CYP1A2,CYP,Rat,LargeIntestine,5,0.0025054395842099195,4.8627794514483183e-4,0.00922906289415582
CYP1A2,CYP,Rat,LowerIleum,2,9.249933953810211e-4,9.249933953810211e-4,0.001268522373015634
CYP1A2,CYP,Rat,LowerJejunum,1,4.652432713491937e-4,4.652432713491937e-4,4.652432713491937e-4
CYP1A2,CYP,Rat,Lung,7,0.03684016382816542,0.028398944441043333,0.11739993119319617
CYP1A2,CYP,Rat,Muscle,12,0.0011970865391536588,5.700164951582298e-4,0.0032652016102373786
CYP1A2,CYP,Rat,Myometrium,4,0.04559664873825586,0.040883626799107585,0.08835403008961998
CYP1A2,CYP,Rat,Pancreas,2,0.006896484566376316,0.006896484566376316,0.009480186144684408
CYP1A2,CYP,Rat,Pericentral,110,0.3148296330254123,0.3145186478673853,1
CYP1A2,CYP,Rat,Periportal,110,0.3148296330254123,0.3145186478673853,1
CYP1A2,CYP,Rat,Rectum,5,0.0025054395842099195,4.8627794514483183e-4,0.00922906289415582
CYP1A2,CYP,Rat,Skin,2,0.0032492011479792297,0.0032492011479792297,0.006032459094240285
CYP1A2,CYP,Rat,SmallIntestine,6,7.147403591290799e-4,6.421874866521617e-4,0.001268522373015634
CYP1A2,CYP,Rat,Spleen,1,0.017121924628411316,0.017121924628411316,0.017121924628411316
CYP1A2,CYP,Rat,Stomach,3,0.0010349751036426384,9.330644803086064e-4,0.0014432928568834636
CYP1A2,CYP,Rat,Thymus,1,0.001725133483444612,0.001725133483444612,0.001725133483444612
CYP1A2,CYP,Rat,Thyroid,1,0.01844242822238438,0.01844242822238438,0.01844242822238438
CYP1A2,CYP,Rat,Undefined,12,0.4483403249811572,0.44129978365102474,0.8766523314133785
CYP1A2,CYP,Rat,UpperIleum,2,9.249933953810211e-4,9.249933953810211e-4,0.001268522373015634
CYP1A2,CYP,Rat,UpperJejunum,1,4.652432713491937e-4,4.652432713491937e-4,4.652432713491937e-4
CYP1A2,CYP,Mouse,BloodCells,2,0.0014031610008577184,0.0014031610008577184,0.0014193574360042973
CYP1A2,CYP,Mouse,Bone,37,0.023659410962297404,0.012461030890345655,0.10799439124061755
CYP1A2,CYP,Mouse,Brain,44,0.004217923426726345,9.13215013548446e-4,0.04386351331597955
CYP1A2,CYP,Mouse,Breasts,1,0.005722892020858061,0.005722892020858061,0.005722892020858061
CYP1A2,CYP,Mouse,Caecum,4,0.0017969209536458563,0.0011423582167218729,0.004822974044917786
CYP1A2,CYP,Mouse,ColonAscendens,4,0.0017969209536458563,0.0011423582167218729,0.004822974044917786
CYP1A2,CYP,Mouse,ColonDescendens,4,0.0017969209536458563,0.0011423582167218729,0.004822974044917786
CYP1A2,CYP,Mouse,ColonSigmoid,4,0.0017969209536458563,0.0011423582167218729,0.004822974044917786
CYP1A2,CYP,Mouse,ColonTransversum,4,0.0017969209536458563,0.0011423582167218729,0.004822974044917786
CYP1A2,CYP,Mouse,Duodenum,41,0.0010564795080376106,9.32854119043988e-4,0.002574523039371155
CYP1A2,CYP,Mouse,Egg,2,0.002625509829362223,0.002625509829362223,0.00287245591169269
CYP1A2,CYP,Mouse,Fat,38,0.005166000909182738,0.003694585629964175,0.022896587435946275
CYP1A2,CYP,Mouse,Gonads,43,0.0021600841358773476,0.0013200031894393283,0.025834126095532043
CYP1A2,CYP,Mouse,Heart,28,0.002755634366489078,0.0020369067275186224,0.01115273416543076
CYP1A2,CYP,Mouse,Kidney,26,0.001767330362285774,6.15708888294054e-4,0.019887587439072325
CYP1A2,CYP,Mouse,LargeIntestine,4,0.0017969209536458563,0.0011423582167218729,0.004822974044917786
CYP1A2,CYP,Mouse,LowerIleum,38,0.001079580707858222,9.444087539893316e-4,0.002574523039371155
CYP1A2,CYP,Mouse,LowerJejunum,38,0.001079580707858222,9.444087539893316e-4,0.002574523039371155
CYP1A2,CYP,Mouse,Lung,31,0.013419381372571057,0.0017242808369588552,0.16181205332357848
CYP1A2,CYP,Mouse,Muscle,47,0.0011784577297005842,5.752785520619362e-4,0.006164012875844029
CYP1A2,CYP,Mouse,Pancreas,7,0.059843943878377416,0.012371451376814443,0.2145842932469307
CYP1A2,CYP,Mouse,Pericentral,280,0.30801272014968806,0.29039056552806564,0.9991728821147683
CYP1A2,CYP,Mouse,Periportal,280,0.30801272014968806,0.29039056552806564,0.9991728821147683
CYP1A2,CYP,Mouse,Placenta,2,0.011658049078915924,0.011658049078915924,0.021775211572411274
CYP1A2,CYP,Mouse,Plasma,3,3.813472101972627e-4,3.469603028653112e-4,5.447446179598155e-4
CYP1A2,CYP,Mouse,Rectum,4,0.0017969209536458563,0.0011423582167218729,0.004822974044917786
CYP1A2,CYP,Mouse,Skin,19,0.005046226940688322,0.0015341913861253041,0.043852886107022156
CYP1A2,CYP,Mouse,SmallIntestine,41,0.0010564795080376106,9.32854119043988e-4,0.002574523039371155
CYP1A2,CYP,Mouse,Spleen,8,0.03165319134114548,0.006177145411242807,0.18161551403673235
CYP1A2,CYP,Mouse,Stomach,2,4.5023032384023276e-4,4.5023032384023276e-4,6.867245783658541e-4
CYP1A2,CYP,Mouse,Thymus,14,0.007224928636453865,0.00223280435336332,0.05673192055238413
CYP1A2,CYP,Mouse,Undefined,14,0.39051960033965943,0.0196168698280429,1
CYP1A2,CYP,Mouse,UpperIleum,38,0.001079580707858222,9.444087539893316e-4,0.002574523039371155
CYP1A2,CYP,Mouse,UpperJejunum,38,0.001079580707858222,9.444087539893316e-4,0.002574523039371155
CYP2A6,CYP,Human,BloodCells,332,3.04662989954488e-4,2.163664618522948e-4,0.0019053584162207087
CYP2A6,CYP,Human,Bone,4,1.3325750320567167e-4,1.4595819642208315e-4,1.840348419587928e-4
CYP2A6,CYP,Human,Brain,1502,3.5767233092160047e-4,1.6832360358581724e-4,0.008857858831509831
CYP2A6,CYP,Human,Breasts,39,7.071933761191672e-4,4.6181131234103716e-4,0.005234194940415405
CYP2A6,CYP,Human,Caecum,20,6.706826400634363e-4,8.482888689770542e-5,0.002579295039301001
CYP2A6,CYP,Human,Cartilage,4,0.0022219990141269814,0.0020651651698672304,0.0033933887293853635
CYP2A6,CYP,Human,ColonAscendens,20,6.706826400634363e-4,8.482888689770542e-5,0.002579295039301001
CYP2A6,CYP,Human,ColonDescendens,20,6.706826400634363e-4,8.482888689770542e-5,0.002579295039301001
CYP2A6,CYP,Human,ColonSigmoid,122,2.5710553673221384e-4,1.3007939486817647e-4,0.002579295039301001
CYP2A6,CYP,Human,ColonTransversum,135,2.007936061720769e-4,8.283742136234345e-5,0.002579295039301001
CYP2A6,CYP,Human,Duodenum,16,6.339798120709792e-4,1.741584743401795e-4,0.002579295039301001
CYP2A6,CYP,Human,Embryo,28,5.025244374295202e-4,2.5846722297104003e-4,0.004556355742211695
CYP2A6,CYP,Human,Endometrium,146,8.791796048093785e-4,6.6779588328343e-4,0.005824002351511401
CYP2A6,CYP,Human,Esophagus,11,2.0790261385437251e-4,8.929899302697238e-5,7.520405432800317e-4
CYP2A6,CYP,Human,Eye,39,2.240682627456642e-4,1.9155875451339652e-4,6.13142615484438e-4
CYP2A6,CYP,Human,Fat,766,5.440636496926001e-4,4.6260738635747154e-4,0.00222092120653169
CYP2A6,CYP,Human,GallBladder,4,1.5249607816164042e-4,1.2570531300319087e-4,2.9262506028793304e-4
CYP2A6,CYP,Human,Gonads,333,6.928477712992349e-4,3.323248720430384e-4,0.014744843710462965
CYP2A6,CYP,Human,Heart,254,7.745739502115824e-5,4.326895179245443e-5,0.002413733434111416
CYP2A6,CYP,Human,Kidney,52,3.0006972721195984e-4,1.1284979441661248e-4,0.002843403856607022
CYP2A6,CYP,Human,LargeIntestine,245,1.882128848270427e-4,1.0339297686735044e-4,0.002579295039301001
CYP2A6,CYP,Human,LowerIleum,12,7.984679862434941e-4,3.700626165876733e-4,0.002579295039301001
CYP2A6,CYP,Human,LowerJejunum,12,7.984679862434941e-4,3.700626165876733e-4,0.002579295039301001
CYP2A6,CYP,Human,Lung,61,9.383224245935351e-4,5.05997087496706e-4,0.005419221142905569
CYP2A6,CYP,Human,LymphNode,79,1.4817536122708376e-4,1.2082231437345178e-4,7.279782450406713e-4
CYP2A6,CYP,Human,Muscle,367,9.639423910547977e-5,6.699421723893549e-5,0.0014174750351276528
CYP2A6,CYP,Human,Myometrium,58,8.453632944931792e-4,5.13713754326152e-4,0.008306347129850143
CYP2A6,CYP,Human,Pancreas,94,1.3872002875242224e-4,9.079738524904002e-5,8.162619135180754e-4
CYP2A6,CYP,Human,Pericentral,123,0.12359202351211805,0.07100148354222316,1
CYP2A6,CYP,Human,Periportal,123,0.12359202351211805,0.07100148354222316,1
CYP2A6,CYP,Human,Placenta,9,1.61582871370097e-4,1.534044112113489e-4,3.700853034170347e-4
CYP2A6,CYP,Human,Plasma,295,1.877297709171474e-4,1.3712627722445574e-4,0.0011950908809408363
CYP2A6,CYP,Human,Rectum,21,5.35620286026856e-4,5.177303058893634e-5,0.002579295039301001
CYP2A6,CYP,Human,SalivaryGland,47,1.5808678076657397e-4,1.1814919388229485e-4,5.826134769195287e-4
CYP2A6,CYP,Human,Skin,406,2.3470170547222637e-4,1.7945744287062456e-4,0.0019704727843390404
CYP2A6,CYP,Human,SmallIntestine,16,6.339798120709792e-4,1.741584743401795e-4,0.002579295039301001
CYP2A6,CYP,Human,Spleen,76,4.144988282004475e-4,1.757511354907474e-4,0.014729104876383257
CYP2A6,CYP,Human,Stomach,114,1.5540536836007314e-4,8.620911500420475e-5,0.0022287169876155323
CYP2A6,CYP,Human,Thyroid,170,2.3971464130535705e-4,1.606682342725716e-4,0.006241245923014928
CYP2A6,CYP,Human,Undefined,297,3.0899815119042563e-4,2.1543455980901124e-4,0.0036605961166577316
CYP2A6,CYP,Human,UpperIleum,12,7.984679862434941e-4,3.700626165876733e-4,0.002579295039301001
CYP2A6,CYP,Human,UpperJejunum,12,7.984679862434941e-4,3.700626165876733e-4,0.002579295039301001
CYP2A6,CYP,Macaque,Brain,248,5.817389923405799e-4,3.8151022822448006e-4,0.0042395369516886935
CYP2A6,CYP,Macaque,Eye,5,0.00266026981376599,0.0030982385601178238,0.00428086927689233
CYP2A6,CYP,Macaque,Gonads,36,0.0011589469758678734,0.0010082362932642799,0.0029716614794312417
CYP2A6,CYP,Macaque,Heart,35,5.720235083085232e-4,1.9623495714467357e-4,0.005956576450958632
CYP2A6,CYP,Macaque,Kidney,33,8.908118921138386e-4,2.042772785569535e-4,0.009701314073993642
CYP2A6,CYP,Macaque,Lung,10,0.009397654834591321,0.00447138425857968,0.037559193297721775
CYP2A6,CYP,Macaque,Muscle,7,2.1147287850707035e-4,5.68942898715673e-5,8.457489197429377e-4
CYP2A6,CYP,Macaque,Pericentral,85,0.30524859671940735,0.26019623047651097,1
CYP2A6,CYP,Macaque,Periportal,85,0.30524859671940735,0.26019623047651097,1
CYP2A6,CYP,Macaque,Spleen,1,1.2168876838876809e-4,1.2168876838876809e-4,1.2168876838876809e-4
CYP2A6,CYP,Macaque,Undefined,12,0.0010708520448055642,7.262123522276866e-4,0.0022965147733587047
CYP2A6,CYP,Dog,Brain,1,0.005589398412955508,0.005589398412955508,0.005589398412955508
CYP2A6,CYP,Dog,Fat,3,0.00111572825337343,8.666190824117958e-4,0.002100906361550051
CYP2A6,CYP,Dog,Gonads,1,6.304178759672655e-4,6.304178759672655e-4,6.304178759672655e-4
CYP2A6,CYP,Dog,Lung,1,0.001170449816233552,0.001170449816233552,0.001170449816233552
CYP2A6,CYP,Dog,Muscle,3,5.490487072793129e-4,2.239073463158883e-4,0.0011994526644324823
CYP2A6,CYP,Dog,Pancreas,1,0.0016451938568259506,0.0016451938568259506,0.0016451938568259506
CYP2A6,CYP,Dog,Pericentral,27,0.3519148586450212,0.28968287166809686,1
CYP2A6,CYP,Dog,Periportal,27,0.3519148586450212,0.28968287166809686,1
CYP2A6,CYP,Dog,Skin,1,8.327434519586741e-4,8.327434519586741e-4,8.327434519586741e-4
CYP2A6,CYP,Dog,Tongue,1,2.3194003434171792e-4,2.3194003434171792e-4,2.3194003434171792e-4
CYP2A6,CYP,Dog,Undefined,3,0.004851352661205084,0.0066112424472023965,0.007059835582208005
CYP2A6,CYP,Rat,Brain,58,4.0918032284257796e-4,1.6646895788939163e-4,0.0029001042829260317
CYP2A6,CYP,Rat,Caecum,4,5.275595161568885e-4,2.333476378205409e-4,0.0016145118678100106
CYP2A6,CYP,Rat,ColonAscendens,4,5.275595161568885e-4,2.333476378205409e-4,0.0016145118678100106
CYP2A6,CYP,Rat,ColonDescendens,4,5.275595161568885e-4,2.333476378205409e-4,0.0016145118678100106
CYP2A6,CYP,Rat,ColonSigmoid,4,5.275595161568885e-4,2.333476378205409e-4,0.0016145118678100106
CYP2A6,CYP,Rat,ColonTransversum,4,5.275595161568885e-4,2.333476378205409e-4,0.0016145118678100106
CYP2A6,CYP,Rat,Duodenum,3,5.430004339831106e-5,5.300091793253534e-5,7.059878523405544e-5
CYP2A6,CYP,Rat,Esophagus,1,2.860757385860183e-4,2.860757385860183e-4,2.860757385860183e-4
CYP2A6,CYP,Rat,Fat,2,5.65128555993902e-4,5.65128555993902e-4,8.14724017548593e-4
CYP2A6,CYP,Rat,Gonads,45,0.0019307255505233677,9.110160384754704e-4,0.01007132684813473
CYP2A6,CYP,Rat,Heart,16,3.5930203048283965e-4,3.2162537369343196e-4,0.0014583812487607552
CYP2A6,CYP,Rat,Kidney,15,9.137256536878509e-4,7.946933645245213e-5,0.012342567746793544
CYP2A6,CYP,Rat,LargeIntestine,4,5.275595161568885e-4,2.333476378205409e-4,0.0016145118678100106
CYP2A6,CYP,Rat,LowerIleum,2,1.0773121252640543e-4,1.0773121252640543e-4,1.6074653203020667e-4
CYP2A6,CYP,Rat,LowerJejunum,2,5.836381807321194e-5,5.836381807321194e-5,6.284517703725778e-5
CYP2A6,CYP,Rat,Lung,42,0.024842500286442405,0.022740231797182,0.08906927230996733
CYP2A6,CYP,Rat,Muscle,39,2.8858609351265494e-4,1.4364872040054024e-4,0.0011836668357830306
CYP2A6,CYP,Rat,Myometrium,4,0.01496051267675123,0.014332028577064046,0.02602906189411235
CYP2A6,CYP,Rat,Pancreas,2,6.106255326289167e-4,6.106255326289167e-4,7.000325370260271e-4
CYP2A6,CYP,Rat,Pericentral,140,0.07559136387244289,0.08639068286441365,0.18891998208453498
CYP2A6,CYP,Rat,Periportal,140,0.07559136387244289,0.08639068286441365,0.18891998208453498
CYP2A6,CYP,Rat,Rectum,4,5.275595161568885e-4,2.333476378205409e-4,0.0016145118678100106
CYP2A6,CYP,Rat,Skin,4,6.84909327583967e-4,6.272746421633578e-4,0.0014148209438784836
CYP2A6,CYP,Rat,SmallIntestine,7,7.072717019916684e-5,5.4715893022604196e-5,1.6074653203020667e-4
CYP2A6,CYP,Rat,Spleen,5,0.001941313444798961,9.806368562229385e-4,0.006264343776523005
CYP2A6,CYP,Rat,Stomach,3,2.0515514223829433e-4,2.3587116851665367e-4,2.7112203864489083e-4
CYP2A6,CYP,Rat,Thymus,2,0.009378078267607013,0.009378078267607013,0.018550051206601855
CYP2A6,CYP,Rat,Thyroid,3,0.0010361053377845966,7.684801488798949e-5,0.0029792098282389523
CYP2A6,CYP,Rat,Undefined,12,0.6280710288664824,0.6280403512832883,1
CYP2A6,CYP,Rat,UpperIleum,2,1.0773121252640543e-4,1.0773121252640543e-4,1.6074653203020667e-4
CYP2A6,CYP,Rat,UpperJejunum,2,5.836381807321194e-5,5.836381807321194e-5,6.284517703725778e-5
CYP2A6,CYP,Mouse,BloodCells,11,0.0019106441020044463,0.001576083909507917,0.004301561549171785
CYP2A6,CYP,Mouse,Bone,170,0.002620166187204784,0.001826917662315701,0.03292200661748306
CYP2A6,CYP,Mouse,Brain,298,5.026779418148169e-4,1.972070568466895e-4,0.012487610470607435
CYP2A6,CYP,Mouse,Breasts,1,3.754504278256664e-4,3.754504278256664e-4,3.754504278256664e-4
CYP2A6,CYP,Mouse,Caecum,7,1.3275393409129674e-4,6.291898881658987e-5,5.789278045193589e-4
CYP2A6,CYP,Mouse,ColonAscendens,7,1.3275393409129674e-4,6.291898881658987e-5,5.789278045193589e-4
CYP2A6,CYP,Mouse,ColonDescendens,7,1.3275393409129674e-4,6.291898881658987e-5,5.789278045193589e-4
CYP2A6,CYP,Mouse,ColonSigmoid,7,1.3275393409129674e-4,6.291898881658987e-5,5.789278045193589e-4
CYP2A6,CYP,Mouse,ColonTransversum,7,1.3275393409129674e-4,6.291898881658987e-5,5.789278045193589e-4
CYP2A6,CYP,Mouse,Duodenum,65,1.9662123553414743e-4,1.2109556474062164e-4,0.0015274761091726092
CYP2A6,CYP,Mouse,Embryo,27,5.097162353613317e-4,3.224559658662975e-4,0.0015604027589526215
CYP2A6,CYP,Mouse,Esophagus,3,0.017107738786663676,0.003719513613995737,0.045469582717813165
CYP2A6,CYP,Mouse,Fat,152,5.835580493857006e-4,4.6582148605469e-4,0.0024658457565634867
CYP2A6,CYP,Mouse,Gonads,110,4.021443886426618e-4,2.2029240652714788e-4,0.011191007444855638
CYP2A6,CYP,Mouse,Heart,104,1.8313409195608172e-4,1.5780096170798464e-4,0.002271926169154106
CYP2A6,CYP,Mouse,Kidney,185,0.004990550923563801,0.0038557813721590488,0.03575498035373814
CYP2A6,CYP,Mouse,LargeIntestine,7,1.3275393409129674e-4,6.291898881658987e-5,5.789278045193589e-4
CYP2A6,CYP,Mouse,LowerIleum,62,1.9992729443262073e-4,1.2264559392223372e-4,0.0015274761091726092
CYP2A6,CYP,Mouse,LowerJejunum,60,2.049031273851466e-4,1.2836100655336604e-4,0.0015274761091726092
CYP2A6,CYP,Mouse,Lung,153,0.015002475292030758,0.012706940371309029,0.06829391279643651
CYP2A6,CYP,Mouse,Muscle,83,1.1481140435464373e-4,7.402973408392543e-5,7.703847270969993e-4
CYP2A6,CYP,Mouse,Myometrium,2,3.30177269903406e-4,3.30177269903406e-4,3.426317704194486e-4
CYP2A6,CYP,Mouse,Pancreas,38,0.003795991102304994,0.0026004925684113595,0.018526774362404654
CYP2A6,CYP,Mouse,Pericentral,308,0.023094516238391156,0.011972551887645896,0.3026701787633874
CYP2A6,CYP,Mouse,Periportal,308,0.023094516238391156,0.011972551887645896,0.3026701787633874
CYP2A6,CYP,Mouse,Placenta,5,2.3754879409044135e-4,1.2509516787653226e-4,5.520243517589464e-4
CYP2A6,CYP,Mouse,Plasma,5,6.868515852720988e-5,4.317895259933481e-5,1.3686885302223974e-4
CYP2A6,CYP,Mouse,Rectum,7,1.3275393409129674e-4,6.291898881658987e-5,5.789278045193589e-4
CYP2A6,CYP,Mouse,Skin,121,0.0011947745004798865,7.538148561835433e-4,0.006733999710976769
CYP2A6,CYP,Mouse,SmallIntestine,67,1.9226395405124287e-4,1.2066347211154351e-4,0.0015274761091726092
CYP2A6,CYP,Mouse,Spleen,58,0.0014273902040986013,9.00678196448231e-4,0.016558720339174503
CYP2A6,CYP,Mouse,Stomach,11,3.113151298378613e-4,1.0173289338621645e-4,0.0016397007609406805
CYP2A6,CYP,Mouse,Thymus,17,0.0034546591450960425,0.003503464287519914,0.0075964384742325435
CYP2A6,CYP,Mouse,Thyroid,5,1.240441217655277e-4,1.3323883057260192e-4,1.9580777747794164e-4
CYP2A6,CYP,Mouse,Undefined,34,0.16006536586176318,9.611671477779966e-4,1
CYP2A6,CYP,Mouse,UpperIleum,62,1.9992729443262073e-4,1.2264559392223372e-4,0.0015274761091726092
CYP2A6,CYP,Mouse,UpperJejunum,60,2.049031273851466e-4,1.2836100655336604e-4,0.0015274761091726092
CYP2B6,CYP,Human,BloodCells,80,9.097248982224656e-4,5.590265006171953e-4,0.010224095157688753
CYP2B6,CYP,Human,Brain,88,5.871627051790673e-4,2.2776081730216152e-4,0.017937617851173218
CYP2B6,CYP,Human,Breasts,8,4.7622591122369816e-4,4.3123036086609666e-4,0.0015887164899712886
CYP2B6,CYP,Human,Caecum,32,0.005072719039625697,0.004086295343390452,0.01801630538875518
CYP2B6,CYP,Human,ColonAscendens,32,0.005072719039625697,0.004086295343390452,0.01801630538875518
CYP2B6,CYP,Human,ColonDescendens,32,0.005072719039625697,0.004086295343390452,0.01801630538875518
CYP2B6,CYP,Human,ColonSigmoid,69,0.0030002525759809467,9.791561462631482e-4,0.02589850799623698
CYP2B6,CYP,Human,ColonTransversum,141,0.0051345446226818145,0.003962546569294629,0.02685915466728026
CYP2B6,CYP,Human,Duodenum,21,0.009048802835235688,0.005243495925336217,0.030946480754339797
CYP2B6,CYP,Human,Embryo,5,0.0014342546207966264,5.830067557073346e-4,0.005426123909001589
CYP2B6,CYP,Human,Endometrium,26,3.659963377401024e-4,3.549052114242534e-4,9.199716076177278e-4
CYP2B6,CYP,Human,Esophagus,2,1.4234113643418183e-4,1.4234113643418183e-4,1.451062913452118e-4
CYP2B6,CYP,Human,Eye,2,0.0013022254749593667,0.0013022254749593667,0.0018666927436066722
CYP2B6,CYP,Human,Fat,119,2.1729830433941147e-4,1.8395264538328886e-4,0.0010726984757023603
CYP2B6,CYP,Human,GallBladder,7,0.004157184098072557,0.003924476320539658,0.007138505722273108
CYP2B6,CYP,Human,Gonads,95,0.001065208328595898,7.232063874367902e-4,0.0068266777249318825
CYP2B6,CYP,Human,Heart,46,1.2429620593033887e-4,8.730924439581756e-5,9.752153143222333e-4
CYP2B6,CYP,Human,Kidney,97,0.015967985272481534,0.0038678401251617525,0.1274394346089041
CYP2B6,CYP,Human,LargeIntestine,186,0.004225290806145444,0.0032019370459710284,0.02685915466728026
CYP2B6,CYP,Human,LowerIleum,17,0.008854882492043806,0.004491675915410619,0.030946480754339797
CYP2B6,CYP,Human,LowerJejunum,17,0.008854882492043806,0.004491675915410619,0.030946480754339797
CYP2B6,CYP,Human,Lung,50,0.002066901547922772,0.0016435326655719184,0.006337886970282283
CYP2B6,CYP,Human,LymphNode,80,0.00988186134625733,0.008221397749315788,0.04502007300711729
CYP2B6,CYP,Human,Muscle,59,2.2741911728677204e-4,9.824018655457255e-5,0.0058255740217866845
CYP2B6,CYP,Human,Myometrium,12,5.313862092343782e-4,5.127141855604124e-4,0.0014258858169657169
CYP2B6,CYP,Human,Pancreas,60,4.8266304088115446e-4,2.8982364843078696e-4,0.0044514361247598834
CYP2B6,CYP,Human,Pericentral,104,0.1529912565542113,0.07669625953957829,1
CYP2B6,CYP,Human,Periportal,104,0.1529912565542113,0.07669625953957829,1
CYP2B6,CYP,Human,Placenta,1,1.954034684999535e-4,1.954034684999535e-4,1.954034684999535e-4
CYP2B6,CYP,Human,Plasma,58,2.9336300932122325e-4,2.0870960406513722e-4,0.002102100118448197
CYP2B6,CYP,Human,Rectum,36,0.004956168079240557,0.004086295343390452,0.01801630538875518
CYP2B6,CYP,Human,SalivaryGland,2,2.0014019363734804e-4,2.0014019363734804e-4,2.3628973526501626e-4
CYP2B6,CYP,Human,Skin,75,9.703309602569181e-4,3.763586298356084e-4,0.02668226724881769
CYP2B6,CYP,Human,SmallIntestine,21,0.009048802835235688,0.005243495925336217,0.030946480754339797
CYP2B6,CYP,Human,Spleen,12,0.0011331662300356946,4.544998575675281e-4,0.008144425563343516
CYP2B6,CYP,Human,Stomach,40,4.033162918334497e-4,1.9965411080077568e-4,0.004131782372239673
CYP2B6,CYP,Human,Thyroid,15,3.413974940035885e-4,3.384648776296007e-4,8.345783594456798e-4
CYP2B6,CYP,Human,Undefined,47,0.0028251711945933553,3.126769604276578e-4,0.014814540591733392
CYP2B6,CYP,Human,UpperIleum,17,0.008854882492043806,0.004491675915410619,0.030946480754339797
CYP2B6,CYP,Human,UpperJejunum,17,0.008854882492043806,0.004491675915410619,0.030946480754339797
CYP2B6,CYP,Macaque,Brain,216,3.4766536755754087e-4,2.536783527705951e-4,0.0031465967556629903
CYP2B6,CYP,Macaque,Gonads,35,0.002962740899642536,0.0012111983877918172,0.009606726329263477
CYP2B6,CYP,Macaque,Heart,21,3.95235434467372e-4,1.0025281003230729e-4,0.0021804713240031253
CYP2B6,CYP,Macaque,Kidney,17,2.7856063215852406e-4,9.146141170891029e-5,0.002054662646350871
CYP2B6,CYP,Macaque,Lung,5,0.004669670367135797,0.00387543938982243,0.01387515779948728
CYP2B6,CYP,Macaque,Muscle,3,1.9748044979960735e-4,2.3797397550257048e-4,2.3843524295104552e-4
CYP2B6,CYP,Macaque,Pericentral,84,0.1550117231117138,0.1165650955289977,1
CYP2B6,CYP,Macaque,Periportal,84,0.1550117231117138,0.1165650955289977,1
CYP2B6,CYP,Macaque,Spleen,1,1.438976124917717e-4,1.438976124917717e-4,1.438976124917717e-4
CYP2B6,CYP,Macaque,Undefined,21,0.016677875292446007,0.012183572484575115,0.048201394237063114
CYP2B6,CYP,Dog,BloodCells,1,8.547465355919812e-4,8.547465355919812e-4,8.547465355919812e-4
CYP2B6,CYP,Dog,Bone,1,0.0017559913386484519,0.0017559913386484519,0.0017559913386484519
CYP2B6,CYP,Dog,Brain,25,0.04059261834766012,4.046504278369518e-4,1
CYP2B6,CYP,Dog,Breasts,1,2.5000259667286247e-4,2.5000259667286247e-4,2.5000259667286247e-4
CYP2B6,CYP,Dog,Caecum,5,1.0760689681130809e-4,1.1746555581258238e-4,1.864408885965033e-4
CYP2B6,CYP,Dog,ColonAscendens,5,1.0760689681130809e-4,1.1746555581258238e-4,1.864408885965033e-4
CYP2B6,CYP,Dog,ColonDescendens,5,1.0760689681130809e-4,1.1746555581258238e-4,1.864408885965033e-4
CYP2B6,CYP,Dog,ColonSigmoid,5,1.0760689681130809e-4,1.1746555581258238e-4,1.864408885965033e-4
CYP2B6,CYP,Dog,ColonTransversum,5,1.0760689681130809e-4,1.1746555581258238e-4,1.864408885965033e-4
CYP2B6,CYP,Dog,Duodenum,2,0.005714626313484332,0.005714626313484332,0.011311713714232953
CYP2B6,CYP,Dog,Fat,6,0.004242600295719737,0.00205236211888195,0.01094693982144625
CYP2B6,CYP,Dog,Gonads,4,7.601162711854339e-4,5.649759030961232e-4,0.0014632042391342565
CYP2B6,CYP,Dog,Heart,9,1.9621274615400788e-4,1.4733523789844672e-4,4.7312121869100363e-4
CYP2B6,CYP,Dog,Kidney,2,1.0958908773917603e-4,1.0958908773917603e-4,1.098509353537468e-4
CYP2B6,CYP,Dog,LargeIntestine,5,1.0760689681130809e-4,1.1746555581258238e-4,1.864408885965033e-4
CYP2B6,CYP,Dog,LowerIleum,2,0.005714626313484332,0.005714626313484332,0.011311713714232953
CYP2B6,CYP,Dog,LowerJejunum,3,0.02068116090040136,0.011311713714232953,0.050614230074235426
CYP2B6,CYP,Dog,Lung,11,0.2555602335446701,0.13884370293527942,0.6215048394267455
CYP2B6,CYP,Dog,LymphNode,1,1.0889806453179617e-4,1.0889806453179617e-4,1.0889806453179617e-4
CYP2B6,CYP,Dog,Muscle,2,1.08273547585103e-4,1.08273547585103e-4,1.0863414139595968e-4
CYP2B6,CYP,Dog,Pancreas,2,2.9138240495418176e-4,2.9138240495418176e-4,4.0071290073159663e-4
CYP2B6,CYP,Dog,Pericentral,24,0.08282205655365128,0.06588656046053451,0.20152874546606897
CYP2B6,CYP,Dog,Periportal,24,0.08282205655365128,0.06588656046053451,0.20152874546606897
CYP2B6,CYP,Dog,Rectum,5,1.0760689681130809e-4,1.1746555581258238e-4,1.864408885965033e-4
CYP2B6,CYP,Dog,SalivaryGland,1,3.940240228053278e-4,3.940240228053278e-4,3.940240228053278e-4
CYP2B6,CYP,Dog,Skin,5,0.016760344155123157,0.009725729020198956,0.037920355685873645
CYP2B6,CYP,Dog,SmallIntestine,3,0.02068116090040136,0.011311713714232953,0.050614230074235426
CYP2B6,CYP,Dog,Spleen,3,3.519607730732469e-4,3.0096198025927076e-4,5.223978506946384e-4
CYP2B6,CYP,Dog,Stomach,2,2.942169904533472e-4,2.942169904533472e-4,3.6134895923498506e-4
CYP2B6,CYP,Dog,Thymus,1,3.36404925106204e-4,3.36404925106204e-4,3.36404925106204e-4
CYP2B6,CYP,Dog,Thyroid,5,0.0013623155558166722,9.325494717082725e-4,0.0037753092846850183
CYP2B6,CYP,Dog,Undefined,6,0.030055656158497573,0.036584994509176,0.057038949973995674
CYP2B6,CYP,Dog,UpperIleum,2,0.005714626313484332,0.005714626313484332,0.011311713714232953
CYP2B6,CYP,Dog,UpperJejunum,3,0.02068116090040136,0.011311713714232953,0.050614230074235426
CYP2C19,CYP,Human,BloodCells,44,0.006956167135227152,0.0013786279193528763,0.053727740388177396
CYP2C19,CYP,Human,Brain,102,8.11109177920222e-4,5.728952532093432e-4,0.006442584755341188
CYP2C19,CYP,Human,Breasts,2,4.452797292433787e-4,4.452797292433787e-4,4.943227592072265e-4
CYP2C19,CYP,Human,Caecum,28,0.2114559199690003,0.054195891127633955,1
CYP2C19,CYP,Human,ColonAscendens,28,0.2114559199690003,0.054195891127633955,1
CYP2C19,CYP,Human,ColonDescendens,28,0.2114559199690003,0.054195891127633955,1
CYP2C19,CYP,Human,ColonSigmoid,39,0.1522430127965986,0.005759730928004461,1
CYP2C19,CYP,Human,ColonTransversum,121,0.05195567616181725,0.002950196131514831,1
CYP2C19,CYP,Human,Duodenum,24,0.09105791261883647,0.06609360537732312,0.2143615887779365
CYP2C19,CYP,Human,Embryo,2,0.014527457633709148,0.014527457633709148,0.015760531143606614
CYP2C19,CYP,Human,Endometrium,24,0.006794564612343998,0.004129011796709411,0.045934013973564926
CYP2C19,CYP,Human,Esophagus,15,0.03929431734148156,0.04368538625164368,0.1228438438061353
CYP2C19,CYP,Human,Eye,1,8.646498097606371e-4,8.646498097606371e-4,8.646498097606371e-4
CYP2C19,CYP,Human,Fat,164,8.395722856456953e-4,7.432487695915372e-4,0.002682114570668802
CYP2C19,CYP,Human,GallBladder,7,0.019319307765284146,0.011871361840936876,0.04324977938519085
CYP2C19,CYP,Human,Gonads,51,0.009979951253148944,0.00815330052920943,0.06026279766968982
CYP2C19,CYP,Human,Heart,8,7.83351156682071e-4,5.637526612982298e-4,0.0027999621584355898
CYP2C19,CYP,Human,Kidney,12,0.0018499344249991276,9.259365592883942e-4,0.01006773627533394
CYP2C19,CYP,Human,LargeIntestine,137,0.046073877021081684,0.002695037037769675,1
CYP2C19,CYP,Human,LowerIleum,20,0.0721149751263161,0.05998475026321276,0.17361603676194975
CYP2C19,CYP,Human,LowerJejunum,20,0.0721149751263161,0.05998475026321276,0.17361603676194975
CYP2C19,CYP,Human,Lung,8,0.0012584606598375985,0.0011055226135547583,0.0025722731022812936
CYP2C19,CYP,Human,LymphNode,76,0.04400596531471276,0.03640276725885924,0.18065352634457246
CYP2C19,CYP,Human,Muscle,9,6.307799182643289e-4,3.2419996686956136e-4,0.0029140707551731154
CYP2C19,CYP,Human,Pancreas,38,0.0016284497050777181,9.325425436070133e-4,0.008553839144167874
CYP2C19,CYP,Human,Pericentral,119,0.16402477334618504,0.07283184767187599,0.8739722980666516
CYP2C19,CYP,Human,Periportal,119,0.16402477334618504,0.07283184767187599,0.8739722980666516
CYP2C19,CYP,Human,Plasma,32,8.859324858799782e-4,7.709306745369211e-4,0.002473309595950514
CYP2C19,CYP,Human,Rectum,32,0.18521275199512455,0.041414774999114785,1
CYP2C19,CYP,Human,SalivaryGland,15,0.008909697862249448,0.007601321046124261,0.021388636368328766
CYP2C19,CYP,Human,Skin,377,0.002716582710065376,0.0022536621062824603,0.02416565998755046
CYP2C19,CYP,Human,SmallIntestine,24,0.09105791261883647,0.06609360537732312,0.2143615887779365
CYP2C19,CYP,Human,Spleen,1,0.012812598607781193,0.012812598607781193,0.012812598607781193
CYP2C19,CYP,Human,Stomach,108,0.016465609983534003,0.010288381468907093,0.13330301427819283
CYP2C19,CYP,Human,Thyroid,1,8.340109918958043e-4,8.340109918958043e-4,8.340109918958043e-4
CYP2C19,CYP,Human,Undefined,17,0.0030577705554722077,8.390691336455598e-4,0.012631557017787414
CYP2C19,CYP,Human,UpperIleum,20,0.0721149751263161,0.05998475026321276,0.17361603676194975
CYP2C19,CYP,Human,UpperJejunum,20,0.0721149751263161,0.05998475026321276,0.17361603676194975
CYP2C19,CYP,Macaque,Brain,27,0.0011620988611436023,9.97973927973625e-4,0.002675040776988599
CYP2C19,CYP,Macaque,Gonads,28,0.004306578496367835,0.0033219620962912683,0.012338804477055276
CYP2C19,CYP,Macaque,Heart,26,8.270101829196242e-4,3.91661073684994e-4,0.004811728686839667
CYP2C19,CYP,Macaque,Kidney,53,0.04878308162378302,0.022387907051669105,0.17497075992020109
CYP2C19,CYP,Macaque,LowerIleum,1,0.0017659791757461238,0.0017659791757461238,0.0017659791757461238
CYP2C19,CYP,Macaque,Lung,4,0.014629473973376874,0.009206923924821104,0.03573292829717818
CYP2C19,CYP,Macaque,Pericentral,85,0.2646568252865364,0.21388076414011714,1
CYP2C19,CYP,Macaque,Periportal,85,0.2646568252865364,0.21388076414011714,1
CYP2C19,CYP,Macaque,SmallIntestine,1,0.0017659791757461238,0.0017659791757461238,0.0017659791757461238
CYP2C19,CYP,Macaque,UpperIleum,1,0.0017659791757461238,0.0017659791757461238,0.0017659791757461238
CYP2C19,CYP,Dog,BloodCells,1,0.0014856654853352689,0.0014856654853352689,0.0014856654853352689
CYP2C19,CYP,Dog,Brain,24,9.804852203432668e-4,7.042806617194224e-4,0.003251715563091275
CYP2C19,CYP,Dog,Breasts,2,5.441653254014476e-4,5.441653254014476e-4,5.977275480504227e-4
CYP2C19,CYP,Dog,Caecum,13,3.631935775334356e-4,2.6741557632741777e-4,8.651572916693735e-4
CYP2C19,CYP,Dog,ColonAscendens,13,3.631935775334356e-4,2.6741557632741777e-4,8.651572916693735e-4
CYP2C19,CYP,Dog,ColonDescendens,13,3.631935775334356e-4,2.6741557632741777e-4,8.651572916693735e-4
CYP2C19,CYP,Dog,ColonSigmoid,13,3.631935775334356e-4,2.6741557632741777e-4,8.651572916693735e-4
CYP2C19,CYP,Dog,ColonTransversum,13,3.631935775334356e-4,2.6741557632741777e-4,8.651572916693735e-4
CYP2C19,CYP,Dog,Duodenum,1,5.525989910969571e-4,5.525989910969571e-4,5.525989910969571e-4
CYP2C19,CYP,Dog,Eye,1,3.2388771987418476e-4,3.2388771987418476e-4,3.2388771987418476e-4
CYP2C19,CYP,Dog,Fat,7,2.2849208578944617e-4,1.6210330014222534e-4,6.012233638956794e-4
CYP2C19,CYP,Dog,Gonads,17,9.306798072242421e-4,9.752884843967622e-4,0.0014887985545801183
CYP2C19,CYP,Dog,Heart,21,2.535027756979512e-4,1.683436493221176e-4,8.169493855812234e-4
CYP2C19,CYP,Dog,Kidney,4,2.1640943578352692e-4,2.4759475579680325e-4,3.0546057725796736e-4
CYP2C19,CYP,Dog,LargeIntestine,13,3.631935775334356e-4,2.6741557632741777e-4,8.651572916693735e-4
CYP2C19,CYP,Dog,LowerIleum,1,5.525989910969571e-4,5.525989910969571e-4,5.525989910969571e-4
CYP2C19,CYP,Dog,LowerJejunum,2,4.773277163472367e-4,4.773277163472367e-4,5.525989910969571e-4
CYP2C19,CYP,Dog,Lung,13,9.878973402536893e-4,9.90651845959633e-4,0.0017322908685798403
CYP2C19,CYP,Dog,LymphNode,1,3.468411752882495e-4,3.468411752882495e-4,3.468411752882495e-4
CYP2C19,CYP,Dog,Muscle,14,5.978417031241223e-4,4.5271865620716083e-4,0.001644406783267326
CYP2C19,CYP,Dog,Pancreas,1,0.002345049507537885,0.002345049507537885,0.002345049507537885
CYP2C19,CYP,Dog,Pericentral,24,0.5656760759657419,0.5680583764839137,1
CYP2C19,CYP,Dog,Periportal,24,0.5656760759657419,0.5680583764839137,1
CYP2C19,CYP,Dog,Rectum,13,3.631935775334356e-4,2.6741557632741777e-4,8.651572916693735e-4
CYP2C19,CYP,Dog,Skin,19,0.0015041868905591232,7.388295195105006e-4,0.005024926727642343
CYP2C19,CYP,Dog,SmallIntestine,2,4.773277163472367e-4,4.773277163472367e-4,5.525989910969571e-4
CYP2C19,CYP,Dog,Spleen,9,7.600131676090464e-4,5.72672194853081e-4,0.0015972663293145443
CYP2C19,CYP,Dog,Stomach,2,1.7276606923420992e-4,1.7276606923420992e-4,2.1979945380988687e-4
CYP2C19,CYP,Dog,Thyroid,4,4.918136028666315e-4,4.966644643903364e-4,6.163586134703178e-4
CYP2C19,CYP,Dog,Tongue,1,5.083288873923269e-4,5.083288873923269e-4,5.083288873923269e-4
CYP2C19,CYP,Dog,Undefined,5,4.6309982346704024e-4,3.6687333019852877e-4,7.557749021705395e-4
CYP2C19,CYP,Dog,UpperIleum,1,5.525989910969571e-4,5.525989910969571e-4,5.525989910969571e-4
CYP2C19,CYP,Dog,UpperJejunum,2,4.773277163472367e-4,4.773277163472367e-4,5.525989910969571e-4
CYP2C9,CYP,Human,BloodCells,154,0.001968650265685441,4.854630991473876e-4,0.03377396032302898
CYP2C9,CYP,Human,Brain,203,5.332759411114953e-4,1.5325621211880486e-4,0.038318744018163875
CYP2C9,CYP,Human,Breasts,19,2.3795783049224885e-4,1.6080030951922338e-4,6.136310446608728e-4
CYP2C9,CYP,Human,Caecum,37,0.10601119154565095,0.007937804635640047,0.5746703673069762
CYP2C9,CYP,Human,Cartilage,2,0.007110653397170848,0.007110653397170848,0.007610741606833558
CYP2C9,CYP,Human,ColonAscendens,37,0.10601119154565095,0.007937804635640047,0.5746703673069762
CYP2C9,CYP,Human,ColonDescendens,37,0.10601119154565095,0.007937804635640047,0.5746703673069762
CYP2C9,CYP,Human,ColonSigmoid,90,0.04392003277782873,3.856680100282428e-4,0.5746703673069762
CYP2C9,CYP,Human,ColonTransversum,148,0.029187254724986685,0.002601798707995274,0.5746703673069762
CYP2C9,CYP,Human,Duodenum,25,0.061026541929863516,0.040006703555259926,0.16883598211864606
CYP2C9,CYP,Human,Embryo,7,0.0032422676833438356,0.0015741664821043908,0.008279074521919845
CYP2C9,CYP,Human,Endometrium,79,0.003602815581531772,4.8108489970696713e-4,0.03857554980179635
CYP2C9,CYP,Human,Esophagus,17,0.004027203853137237,0.0021534248262150184,0.019896089411504867
CYP2C9,CYP,Human,Eye,5,2.964301883158511e-4,3.2439782641321865e-4,4.090111298420147e-4
CYP2C9,CYP,Human,Fat,530,3.8744017213447856e-4,2.8215213251858663e-4,0.0022487114103532423
CYP2C9,CYP,Human,GallBladder,7,0.03218051992164504,0.030981417443693923,0.04841556634624449
CYP2C9,CYP,Human,Gonads,132,0.0026021081060013593,5.861607659774835e-4,0.0674085047350184
CYP2C9,CYP,Human,Heart,112,2.0469915051900132e-4,6.720345671795152e-5,0.009851271468243576
CYP2C9,CYP,Human,Kidney,92,0.0020230766486128908,9.030475732653238e-4,0.011829007857305406
CYP2C9,CYP,Human,LargeIntestine,209,0.020875862502409203,0.0017229479054119215,0.5746703673069762
CYP2C9,CYP,Human,LowerIleum,21,0.046142716241421425,0.030797448385823104,0.16883598211864606
CYP2C9,CYP,Human,LowerJejunum,21,0.046142716241421425,0.030797448385823104,0.16883598211864606
CYP2C9,CYP,Human,Lung,44,4.5012158671214403e-4,3.8998595943288354e-4,0.0015253196682078795
CYP2C9,CYP,Human,LymphNode,87,0.033227310842654435,0.027487441671473975,0.11168440916980489
CYP2C9,CYP,Human,Muscle,89,1.3534008775541268e-4,7.744406610379666e-5,0.0020075604372769285
CYP2C9,CYP,Human,Myometrium,18,5.324376636172515e-4,3.305727700979803e-4,0.0015234342017580722
CYP2C9,CYP,Human,Pancreas,117,9.026527520063874e-4,5.084285038356701e-4,0.012648721933982376
CYP2C9,CYP,Human,Pericentral,133,0.2779988026631024,0.20909837812461643,1
CYP2C9,CYP,Human,Periportal,133,0.2779988026631024,0.20909837812461643,1
CYP2C9,CYP,Human,Placenta,5,1.5902951204087686e-4,1.0057443450579533e-4,3.5060493005206533e-4
CYP2C9,CYP,Human,Plasma,130,2.3030621641670625e-4,1.9268945276908114e-4,9.694910690812787e-4
CYP2C9,CYP,Human,Rectum,37,0.10565259486433069,0.0032202035648817694,0.5746703673069762
CYP2C9,CYP,Human,SalivaryGland,35,0.0020688528399910007,4.065542741217564e-4,0.01086682039040516
CYP2C9,CYP,Human,Skin,426,0.0017534460759845172,0.0012702941490851574,0.013748934935906837
CYP2C9,CYP,Human,SmallIntestine,25,0.061026541929863516,0.040006703555259926,0.16883598211864606
CYP2C9,CYP,Human,Spleen,27,0.006887080636589146,2.9132070574286505e-4,0.17556529028640566
CYP2C9,CYP,Human,Stomach,129,0.018901155856834537,0.013572093222599722,0.12401462193726666
CYP2C9,CYP,Human,Thyroid,57,3.0631119198897054e-4,2.2940780641146367e-4,0.002328811236287304
CYP2C9,CYP,Human,Undefined,116,4.466104821000425e-4,2.0660450884146594e-4,0.007026152517106253
CYP2C9,CYP,Human,UpperIleum,21,0.046142716241421425,0.030797448385823104,0.16883598211864606
CYP2C9,CYP,Human,UpperJejunum,21,0.046142716241421425,0.030797448385823104,0.16883598211864606
CYP2C9,CYP,Macaque,Brain,222,2.2191890552869376e-4,1.3174169012237241e-4,0.0027098723587155797
CYP2C9,CYP,Macaque,Caecum,3,0.027215556786344384,0.023804909594280374,0.048710686369188724
CYP2C9,CYP,Macaque,ColonAscendens,3,0.027215556786344384,0.023804909594280374,0.048710686369188724
CYP2C9,CYP,Macaque,ColonDescendens,3,0.027215556786344384,0.023804909594280374,0.048710686369188724
CYP2C9,CYP,Macaque,ColonSigmoid,3,0.027215556786344384,0.023804909594280374,0.048710686369188724
CYP2C9,CYP,Macaque,ColonTransversum,3,0.027215556786344384,0.023804909594280374,0.048710686369188724
CYP2C9,CYP,Macaque,Fibroblast,1,2.994095797817591e-5,2.994095797817591e-5,2.994095797817591e-5
CYP2C9,CYP,Macaque,Gonads,46,0.0017665383711671606,0.00137977164552512,0.006203139103398422
CYP2C9,CYP,Macaque,Heart,42,6.228181828659162e-4,1.857678187808538e-4,0.007452142925616088
CYP2C9,CYP,Macaque,Kidney,58,0.00689626535359139,0.005054933790207844,0.03160830439086852
CYP2C9,CYP,Macaque,LargeIntestine,3,0.027215556786344384,0.023804909594280374,0.048710686369188724
CYP2C9,CYP,Macaque,LowerIleum,1,0.05689034045083235,0.05689034045083235,0.05689034045083235
CYP2C9,CYP,Macaque,Lung,11,0.004866620430856416,0.004568523751036858,0.01701187512587576
CYP2C9,CYP,Macaque,Muscle,12,2.46064583148186e-4,1.9913083832834525e-4,6.482348898036043e-4
CYP2C9,CYP,Macaque,Pericentral,85,0.25725998478954737,0.2280936541327328,1
CYP2C9,CYP,Macaque,Periportal,85,0.25725998478954737,0.2280936541327328,1
CYP2C9,CYP,Macaque,Rectum,3,0.027215556786344384,0.023804909594280374,0.048710686369188724
CYP2C9,CYP,Macaque,SmallIntestine,1,0.05689034045083235,0.05689034045083235,0.05689034045083235
CYP2C9,CYP,Macaque,Undefined,24,0.0028135563515137223,0.002639860491170349,0.005583525921064373
CYP2C9,CYP,Macaque,UpperIleum,1,0.05689034045083235,0.05689034045083235,0.05689034045083235
CYP2D6,CYP,Human,BloodCells,487,0.007060393442079734,0.0056008130114550995,0.04688344681897929
CYP2D6,CYP,Human,Bone,12,0.007152887277252402,0.006819973210829661,0.011845100149539366
CYP2D6,CYP,Human,Brain,1598,0.007809517876144666,0.004832555786184447,0.07602941772017226
CYP2D6,CYP,Human,Breasts,39,0.004997048828793654,0.0033867282270447245,0.012945432396453018
CYP2D6,CYP,Human,Caecum,33,0.014388794931375945,0.003392313844243508,0.06272113524457967
CYP2D6,CYP,Human,Cartilage,5,0.006744418952918863,0.005513058349183127,0.014400167155954163
CYP2D6,CYP,Human,ColonAscendens,33,0.014388794931375945,0.003392313844243508,0.06272113524457967
CYP2D6,CYP,Human,ColonDescendens,33,0.014388794931375945,0.003392313844243508,0.06272113524457967
CYP2D6,CYP,Human,ColonSigmoid,142,0.0058160298020263936,0.0028409933221001,0.06272113524457967
CYP2D6,CYP,Human,ColonTransversum,155,0.007348900243122254,0.004909188124571682,0.06272113524457967
CYP2D6,CYP,Human,Duodenum,26,0.03184130309484412,0.011934848697157724,0.2160639739356134
CYP2D6,CYP,Human,Embryo,53,0.021758714659704463,0.020859464537529758,0.06071972367222276
CYP2D6,CYP,Human,Endometrium,141,0.011392421265668317,0.008836949001964205,0.0370133589517367
CYP2D6,CYP,Human,Esophagus,11,0.002364792105833711,0.002433602051734151,0.004670373610516614
CYP2D6,CYP,Human,Eye,45,0.0026918405601191655,0.0021771455822838675,0.007991062715470792
CYP2D6,CYP,Human,Fat,763,0.0020793529764364127,0.0017073844979063506,0.017756574692266304
CYP2D6,CYP,Human,GallBladder,7,0.005725259542722839,0.005090461127874374,0.010145418057945478
CYP2D6,CYP,Human,Gonads,382,0.014248373873388115,0.011380806779249259,0.07353302788501617
CYP2D6,CYP,Human,Heart,297,0.001202736176809119,8.003176054747964e-4,0.007959981613420389
CYP2D6,CYP,Human,Kidney,99,0.004910349595922311,0.0029100344723891505,0.023521122207250285
CYP2D6,CYP,Human,LargeIntestine,273,0.005652840555873151,0.0039934664034863,0.06272113524457967
CYP2D6,CYP,Human,LowerIleum,22,0.029235994570197325,0.006761651207231115,0.2160639739356134
CYP2D6,CYP,Human,LowerJejunum,22,0.029235994570197325,0.006761651207231115,0.2160639739356134
CYP2D6,CYP,Human,Lung,65,0.004804239378242402,0.003946928515767347,0.01567222168281172
CYP2D6,CYP,Human,LymphNode,103,0.02240936700662736,0.01310180469257724,0.12187441187909402
CYP2D6,CYP,Human,Muscle,383,7.26339712841192e-4,5.883145158239756e-4,0.003638268957619781
CYP2D6,CYP,Human,Myometrium,58,0.004863352166708233,0.0023380636119851484,0.020008795319869054
CYP2D6,CYP,Human,Pancreas,138,0.0041224314570123205,0.00374454486321319,0.04093043540084698
CYP2D6,CYP,Human,Pericentral,134,0.12103966260138585,0.08028531964265201,1
CYP2D6,CYP,Human,Periportal,134,0.12103966260138585,0.08028531964265201,1
CYP2D6,CYP,Human,Placenta,8,0.00156590541881272,0.0018900586710303615,0.0030575807249386615
CYP2D6,CYP,Human,Plasma,314,0.001802902770262866,0.0016698306057911015,0.008869671122205982
CYP2D6,CYP,Human,Rectum,37,0.013173910806835745,0.003392313844243508,0.06272113524457967
CYP2D6,CYP,Human,SalivaryGland,51,0.005999719089883,0.005354829955934791,0.013716681989012248
CYP2D6,CYP,Human,Skin,436,0.007155997057087722,0.006310317771200207,0.02842005670996141
CYP2D6,CYP,Human,SmallIntestine,26,0.03184130309484412,0.011934848697157724,0.2160639739356134
CYP2D6,CYP,Human,Spleen,88,0.009468134987468112,0.00833086124133392,0.05257461138181739
CYP2D6,CYP,Human,Stomach,144,0.004026312731938878,0.0036321122239010182,0.014129141128754498
CYP2D6,CYP,Human,Thyroid,202,0.016345276482295636,0.014831599785056108,0.04755563938998155
CYP2D6,CYP,Human,Undefined,312,0.0063548664549409675,0.005036939844295486,0.04703504084699662
CYP2D6,CYP,Human,UpperIleum,22,0.029235994570197325,0.006761651207231115,0.2160639739356134
CYP2D6,CYP,Human,UpperJejunum,22,0.029235994570197325,0.006761651207231115,0.2160639739356134
CYP2D6,CYP,Macaque,Brain,572,0.001574136262741228,0.001065080454256337,0.012101188356169157
CYP2D6,CYP,Macaque,Caecum,1,8.722069865847504e-4,8.722069865847504e-4,8.722069865847504e-4
CYP2D6,CYP,Macaque,ColonAscendens,1,8.722069865847504e-4,8.722069865847504e-4,8.722069865847504e-4
CYP2D6,CYP,Macaque,ColonDescendens,1,8.722069865847504e-4,8.722069865847504e-4,8.722069865847504e-4
CYP2D6,CYP,Macaque,ColonSigmoid,1,8.722069865847504e-4,8.722069865847504e-4,8.722069865847504e-4
CYP2D6,CYP,Macaque,ColonTransversum,1,8.722069865847504e-4,8.722069865847504e-4,8.722069865847504e-4
CYP2D6,CYP,Macaque,Fat,1,3.348433932512025e-5,3.348433932512025e-5,3.348433932512025e-5
CYP2D6,CYP,Macaque,Gonads,33,0.0017816270177045967,0.0013642796632909926,0.0055758568255343715
CYP2D6,CYP,Macaque,Heart,32,0.00033490134878125293,1.812146505542403e-4,0.0016782416219185486
CYP2D6,CYP,Macaque,Kidney,43,7.349107732064637e-4,4.190413449112635e-4,0.0030485788418438044
CYP2D6,CYP,Macaque,LargeIntestine,1,8.722069865847504e-4,8.722069865847504e-4,8.722069865847504e-4
CYP2D6,CYP,Macaque,LowerIleum,1,0.0014424989045187266,0.0014424989045187266,0.0014424989045187266
CYP2D6,CYP,Macaque,Lung,7,0.002514504768032932,0.001793804081245037,0.008162397200417951
CYP2D6,CYP,Macaque,Muscle,10,3.708371506844392e-4,2.3902015115481097e-4,8.54347608794588e-4
CYP2D6,CYP,Macaque,Pericentral,82,0.11360892777246125,0.07593918537053068,1
CYP2D6,CYP,Macaque,Periportal,82,0.11360892777246125,0.07593918537053068,1
CYP2D6,CYP,Macaque,Rectum,1,8.722069865847504e-4,8.722069865847504e-4,8.722069865847504e-4
CYP2D6,CYP,Macaque,SmallIntestine,1,0.0014424989045187266,0.0014424989045187266,0.0014424989045187266
CYP2D6,CYP,Macaque,Spleen,5,0.0010611779249038301,7.324779400690761e-4,0.003032206101330598
CYP2D6,CYP,Macaque,Undefined,20,0.0011526238379322867,5.30067913112037e-4,0.005071395561786083
CYP2D6,CYP,Macaque,UpperIleum,1,0.0014424989045187266,0.0014424989045187266,0.0014424989045187266
CYP2D6,CYP,Dog,BloodCells,1,0.007011779122817007,0.007011779122817007,0.007011779122817007
CYP2D6,CYP,Dog,Bone,1,3.2528229290387876e-4,3.2528229290387876e-4,3.2528229290387876e-4
CYP2D6,CYP,Dog,Brain,42,0.002848749254097948,0.0016238006199659528,0.02612391340689086
CYP2D6,CYP,Dog,Breasts,2,0.0012216495740357224,0.0012216495740357224,0.0019094161634226618
CYP2D6,CYP,Dog,Caecum,8,6.999878082307044e-4,8.120271285743362e-4,0.0012506865097621697
CYP2D6,CYP,Dog,Cartilage,1,9.26183761904519e-4,9.26183761904519e-4,9.26183761904519e-4
CYP2D6,CYP,Dog,ColonAscendens,8,6.999878082307044e-4,8.120271285743362e-4,0.0012506865097621697
CYP2D6,CYP,Dog,ColonDescendens,8,6.999878082307044e-4,8.120271285743362e-4,0.0012506865097621697
CYP2D6,CYP,Dog,ColonSigmoid,8,6.999878082307044e-4,8.120271285743362e-4,0.0012506865097621697
CYP2D6,CYP,Dog,ColonTransversum,8,6.999878082307044e-4,8.120271285743362e-4,0.0012506865097621697
CYP2D6,CYP,Dog,Duodenum,2,1.618765129863116e-4,1.618765129863116e-4,2.0992420885666794e-4
CYP2D6,CYP,Dog,Embryo,1,0.0036091514405383477,0.0036091514405383477,0.0036091514405383477
CYP2D6,CYP,Dog,Eye,1,0.003357332654543756,0.003357332654543756,0.003357332654543756
CYP2D6,CYP,Dog,Fat,3,1.9728760839277768e-4,1.997796082790673e-4,2.169402882903516e-4
CYP2D6,CYP,Dog,Gonads,22,0.0016448636706780447,0.0013536439019465893,0.004291155160860101
CYP2D6,CYP,Dog,Heart,10,4.5188219422743174e-4,4.2885438669502637e-4,0.0013343379808924765
CYP2D6,CYP,Dog,Kidney,12,0.009181322600705427,0.0027548703006255175,0.04613704253178463
CYP2D6,CYP,Dog,LargeIntestine,8,6.999878082307044e-4,8.120271285743362e-4,0.0012506865097621697
CYP2D6,CYP,Dog,LowerIleum,2,1.618765129863116e-4,1.618765129863116e-4,2.0992420885666794e-4
CYP2D6,CYP,Dog,LowerJejunum,2,1.618765129863116e-4,1.618765129863116e-4,2.0992420885666794e-4
CYP2D6,CYP,Dog,Lung,13,0.001397360610779944,0.0010314424924500324,0.0035180606945483836
CYP2D6,CYP,Dog,LymphNode,1,0.0021560831057956865,0.0021560831057956865,0.0021560831057956865
CYP2D6,CYP,Dog,Muscle,4,5.311921171124492e-4,4.07019790907083e-4,0.0010812186195830146
CYP2D6,CYP,Dog,Pancreas,1,0.010463161634999829,0.010463161634999829,0.010463161634999829
CYP2D6,CYP,Dog,Pericentral,28,0.4913897413860836,0.48587498083870506,1
CYP2D6,CYP,Dog,Periportal,28,0.4913897413860836,0.48587498083870506,1
CYP2D6,CYP,Dog,Rectum,8,6.999878082307044e-4,8.120271285743362e-4,0.0012506865097621697
CYP2D6,CYP,Dog,SalivaryGland,1,7.239352872120926e-4,7.239352872120926e-4,7.239352872120926e-4
CYP2D6,CYP,Dog,Skin,13,8.188697458366188e-4,3.825445293460114e-4,0.005334346382467625
CYP2D6,CYP,Dog,SmallIntestine,2,1.618765129863116e-4,1.618765129863116e-4,2.0992420885666794e-4
CYP2D6,CYP,Dog,Spleen,12,0.004991146376610374,0.0033686597478995942,0.011856759725945451
CYP2D6,CYP,Dog,Stomach,2,3.985950005308175e-4,3.985950005308175e-4,6.595467940921267e-4
CYP2D6,CYP,Dog,Thymus,1,0.014007664182774458,0.014007664182774458,0.014007664182774458
CYP2D6,CYP,Dog,Thyroid,2,7.046124862019134e-4,7.046124862019134e-4,0.0010355695490446488
CYP2D6,CYP,Dog,Tongue,1,0.0018869122594604131,0.0018869122594604131,0.0018869122594604131
CYP2D6,CYP,Dog,Undefined,8,0.00149966954940717,9.399802333372176e-4,0.004944181529187114
CYP2D6,CYP,Dog,UpperIleum,2,1.618765129863116e-4,1.618765129863116e-4,2.0992420885666794e-4
CYP2D6,CYP,Dog,UpperJejunum,2,1.618765129863116e-4,1.618765129863116e-4,2.0992420885666794e-4
CYP2D6,CYP,Rat,Brain,21,0.0011583537031318097,7.013167440344866e-4,0.006525251491913578
CYP2D6,CYP,Rat,Caecum,15,0.004147341313800647,0.0038380083992550426,0.011075666601080468
CYP2D6,CYP,Rat,ColonAscendens,15,0.004147341313800647,0.0038380083992550426,0.011075666601080468
CYP2D6,CYP,Rat,ColonDescendens,15,0.004147341313800647,0.0038380083992550426,0.011075666601080468
CYP2D6,CYP,Rat,ColonSigmoid,15,0.004147341313800647,0.0038380083992550426,0.011075666601080468
CYP2D6,CYP,Rat,ColonTransversum,15,0.004147341313800647,0.0038380083992550426,0.011075666601080468
CYP2D6,CYP,Rat,Duodenum,3,0.005013677108410695,0.00453119760695038,0.006485100089612141
CYP2D6,CYP,Rat,Esophagus,1,0.0023238211291753347,0.0023238211291753347,0.0023238211291753347
CYP2D6,CYP,Rat,Fat,2,0.002231861676861684,0.002231861676861684,0.002904291331183301
CYP2D6,CYP,Rat,Gonads,41,0.00352561647453904,0.002098725764163119,0.021019572908868276
CYP2D6,CYP,Rat,Heart,13,0.0014083661349084046,0.001413350332277271,0.0035376774173922405
CYP2D6,CYP,Rat,Kidney,95,0.03210713168469656,0.028167207171642828,0.11261541427688411
CYP2D6,CYP,Rat,LargeIntestine,15,0.004147341313800647,0.0038380083992550426,0.011075666601080468
CYP2D6,CYP,Rat,LowerIleum,3,0.004712943402047041,0.003049788272018097,0.010025984264885884
CYP2D6,CYP,Rat,LowerJejunum,3,0.006752949737293405,0.006601679078636128,0.010425267165258656
CYP2D6,CYP,Rat,Lung,6,0.0783676142601193,0.036735034451244,0.2932053838430736
CYP2D6,CYP,Rat,Muscle,23,0.0016044730667363267,0.0011336329814166492,0.006313945270475541
CYP2D6,CYP,Rat,Myometrium,4,0.048370085779162166,0.04670581996047616,0.08420954177810823
CYP2D6,CYP,Rat,Pancreas,3,0.060426669393115556,0.05786723525219883,0.08673598588705306
CYP2D6,CYP,Rat,Pericentral,144,0.40245090673104883,0.46258864404728517,1
CYP2D6,CYP,Rat,Periportal,144,0.40245090673104883,0.46258864404728517,1
CYP2D6,CYP,Rat,Rectum,15,0.004147341313800647,0.0038380083992550426,0.011075666601080468
CYP2D6,CYP,Rat,Skin,2,0.003127770656769198,0.003127770656769198,0.0058363111470916
CYP2D6,CYP,Rat,SmallIntestine,9,0.0054931900825837135,0.00453119760695038,0.010425267165258656
CYP2D6,CYP,Rat,Spleen,3,0.011028829916883438,0.009395391065160024,0.022534929817370236
CYP2D6,CYP,Rat,Stomach,3,7.703221525858592e-4,7.994351121376784e-4,0.001110837051651755
CYP2D6,CYP,Rat,Thymus,2,0.001743880440696724,0.001743880440696724,0.0020037213434039173
CYP2D6,CYP,Rat,Thyroid,1,0.01414286497052788,0.01414286497052788,0.01414286497052788
CYP2D6,CYP,Rat,UpperIleum,3,0.004712943402047041,0.003049788272018097,0.010025984264885884
CYP2D6,CYP,Rat,UpperJejunum,3,0.006752949737293405,0.006601679078636128,0.010425267165258656
CYP2D6,CYP,Mouse,BloodCells,19,0.0019724782106226866,0.0015851744169829856,0.0058293895126207765
CYP2D6,CYP,Mouse,Bone,42,0.010621540067562952,0.007635852554823327,0.04209548351951392
CYP2D6,CYP,Mouse,Brain,118,0.0012537143716722862,5.269401354743956e-4,0.03258552633840437
CYP2D6,CYP,Mouse,Breasts,2,0.0020831647286023826,0.0020831647286023826,0.00396409824179405
CYP2D6,CYP,Mouse,Caecum,31,0.04670983174080275,0.012592968959042895,0.31617405461044834
CYP2D6,CYP,Mouse,ColonAscendens,31,0.04670983174080275,0.012592968959042895,0.31617405461044834
CYP2D6,CYP,Mouse,ColonDescendens,31,0.04670983174080275,0.012592968959042895,0.31617405461044834
CYP2D6,CYP,Mouse,ColonSigmoid,33,0.04412131365237293,0.012532629957292844,0.31617405461044834
CYP2D6,CYP,Mouse,ColonTransversum,31,0.04670983174080275,0.012592968959042895,0.31617405461044834
CYP2D6,CYP,Mouse,Duodenum,137,0.2638090070087866,0.31602906548080373,0.492711120984331
CYP2D6,CYP,Mouse,Embryo,30,0.026002506304441633,0.003740520998421305,0.12102508713078283
CYP2D6,CYP,Mouse,Esophagus,1,1.910498104839352e-4,1.910498104839352e-4,1.910498104839352e-4
CYP2D6,CYP,Mouse,Eye,1,0.001582596692516483,0.001582596692516483,0.001582596692516483
CYP2D6,CYP,Mouse,Fat,62,0.005828965739355507,0.003183183421360939,0.04058545307028835
CYP2D6,CYP,Mouse,Gonads,126,0.012902474262263187,0.0025463487941199126,0.06943547127481654
CYP2D6,CYP,Mouse,Heart,45,4.712668085673158e-4,2.4383973673391474e-4,0.0038552625203882493
CYP2D6,CYP,Mouse,Kidney,223,0.04782228436306513,0.035130250451126555,0.3127924579351763
CYP2D6,CYP,Mouse,LargeIntestine,33,0.04412131365237293,0.012532629957292844,0.31617405461044834
CYP2D6,CYP,Mouse,LowerIleum,133,0.2616264054268355,0.3163296944573896,0.431521626982412
CYP2D6,CYP,Mouse,LowerJejunum,133,0.2642827219848353,0.3163296944573896,0.431521626982412
CYP2D6,CYP,Mouse,Lung,40,0.012283683451415674,0.0016266113303334355,0.2098296959454429
CYP2D6,CYP,Mouse,Muscle,65,6.244194446102294e-4,4.434589984208929e-4,0.0038378441634348494
CYP2D6,CYP,Mouse,Pancreas,16,0.014243078387847045,0.004257494653484399,0.06476350485854938
CYP2D6,CYP,Mouse,Pericentral,320,0.25531381387069,0.2528161338864095,1
CYP2D6,CYP,Mouse,Periportal,320,0.25531381387069,0.2528161338864095,1
CYP2D6,CYP,Mouse,Placenta,8,0.0025353730018769713,7.347718081571891e-4,0.014760974981131499
CYP2D6,CYP,Mouse,Plasma,5,1.9251219592403935e-4,1.8035173763749794e-4,2.4627251711703405e-4
CYP2D6,CYP,Mouse,Rectum,31,0.04670983174080275,0.012592968959042895,0.31617405461044834
CYP2D6,CYP,Mouse,Skin,30,0.0024230863407779953,0.0012680915416819123,0.013841122804094406
CYP2D6,CYP,Mouse,SmallIntestine,143,0.2557713287997135,0.3150515990913754,0.492711120984331
CYP2D6,CYP,Mouse,Spleen,26,0.006219285107642819,0.003083418904710319,0.0756576791116939
CYP2D6,CYP,Mouse,Stomach,15,0.00861277192813622,0.00959548498179514,0.027451640844511717
CYP2D6,CYP,Mouse,Thymus,9,0.0021348726529885325,9.952251621730165e-4,0.00801483194588659
CYP2D6,CYP,Mouse,Thyroid,2,2.0424371565807675e-4,2.0424371565807675e-4,2.2249740716857172e-4
CYP2D6,CYP,Mouse,Undefined,10,9.807507896609918e-4,5.744190978790094e-4,0.004525983443615337
CYP2D6,CYP,Mouse,UpperIleum,133,0.2616264054268355,0.3163296944573896,0.431521626982412
CYP2D6,CYP,Mouse,UpperJejunum,133,0.2642827219848353,0.3163296944573896,0.431521626982412
CYP2E1,CYP,Human,BloodCells,438,8.202042875775941e-4,2.1304188268336072e-4,0.046379738917167894
CYP2E1,CYP,Human,Bone,14,0.0012252387093822936,5.35521123924033e-4,0.00530776513700956
CYP2E1,CYP,Human,Brain,1612,0.0015275191195043506,0.0011217322895456794,0.014109520363312473
CYP2E1,CYP,Human,Breasts,41,6.444905591173719e-4,5.573619159112922e-4,0.002127153787524808
CYP2E1,CYP,Human,Caecum,30,6.156475374042848e-4,1.2020987894645265e-4,0.004414730666173806
CYP2E1,CYP,Human,Cartilage,15,0.0011974887488821226,0.0011210103326650934,0.00334834658568053
CYP2E1,CYP,Human,ColonAscendens,30,6.156475374042848e-4,1.2020987894645265e-4,0.004414730666173806
CYP2E1,CYP,Human,ColonDescendens,30,6.156475374042848e-4,1.2020987894645265e-4,0.004414730666173806
CYP2E1,CYP,Human,ColonSigmoid,139,7.644788895666631e-4,6.017451927199976e-4,0.004414730666173806
CYP2E1,CYP,Human,ColonTransversum,152,4.2066509301927053e-4,2.9916341474623884e-4,0.004414730666173806
CYP2E1,CYP,Human,Duodenum,23,7.236430545906984e-4,2.3135893512777443e-4,0.004414730666173806
CYP2E1,CYP,Human,Embryo,44,5.65913995275085e-4,4.1568993003804876e-4,0.0018772665705960258
CYP2E1,CYP,Human,Endometrium,163,9.621867841804869e-4,8.782692244459387e-4,0.003792666795824924
CYP2E1,CYP,Human,Esophagus,20,0.002429815734238578,0.0026084679576130164,0.003969859312460151
CYP2E1,CYP,Human,Eye,44,4.834495413476763e-4,3.238960404588529e-4,0.0012386895093414946
CYP2E1,CYP,Human,Fat,768,2.6037281508629526e-4,2.0599999767598805e-4,0.0020226373507446485
CYP2E1,CYP,Human,GallBladder,7,6.31127890521389e-4,6.600531074266907e-4,7.601528799781339e-4
CYP2E1,CYP,Human,Gonads,389,0.0017134978048423206,0.0013743783334813331,0.0838740904977736
CYP2E1,CYP,Human,Heart,303,1.9782440919628334e-4,1.0328824531635237e-4,0.006359737650898381
CYP2E1,CYP,Human,Kidney,104,0.0011942367716670686,4.0910902348290036e-4,0.0152760055322616
CYP2E1,CYP,Human,LargeIntestine,270,5.720461188529168e-4,4.205013448598466e-4,0.004414730666173806
CYP2E1,CYP,Human,LowerIleum,19,8.345409131263989e-4,2.4295813042324728e-4,0.004414730666173806
CYP2E1,CYP,Human,LowerJejunum,19,8.345409131263989e-4,2.4295813042324728e-4,0.004414730666173806
CYP2E1,CYP,Human,Lung,67,5.559543733172264e-4,4.622808888870957e-4,0.0027921620383287117
CYP2E1,CYP,Human,LymphNode,104,7.922909758840336e-4,3.2593697471268104e-4,0.013804676992926765
CYP2E1,CYP,Human,Muscle,398,1.5039458115725815e-4,1.1828298912184239e-4,0.001386898539927084
CYP2E1,CYP,Human,Myometrium,58,7.2508164038455e-4,5.359259710870509e-4,0.002285953241760608
CYP2E1,CYP,Human,Pancreas,144,0.0015080608078419753,0.0014923970066558533,0.006315518955284921
CYP2E1,CYP,Human,Pericentral,134,0.24186210018736287,0.1927711368434093,1
CYP2E1,CYP,Human,Periportal,134,0.24186210018736287,0.1927711368434093,1
CYP2E1,CYP,Human,Placenta,10,2.609548421194554e-4,2.0298385398225414e-4,7.727623779955541e-4
CYP2E1,CYP,Human,Plasma,315,7.016336312685476e-4,6.574122454297719e-4,0.0019173026943116634
CYP2E1,CYP,Human,Rectum,29,5.931705981398071e-4,1.1137205970099795e-4,0.004414730666173806
CYP2E1,CYP,Human,SalivaryGland,53,6.994578498226243e-4,5.889408079055663e-4,0.002137342132896725
CYP2E1,CYP,Human,Skin,442,0.002260675269895869,0.002063018936828349,0.00685417810524871
CYP2E1,CYP,Human,SmallIntestine,23,7.236430545906984e-4,2.3135893512777443e-4,0.004414730666173806
CYP2E1,CYP,Human,Spleen,88,0.002300565725937715,8.04101523795005e-4,0.12471479241463838
CYP2E1,CYP,Human,Stomach,143,8.702044921855306e-4,8.044344068455112e-4,0.004509394028493809
CYP2E1,CYP,Human,Thyroid,203,8.462314818053886e-4,8.019233409069491e-4,0.0023988122909716293
CYP2E1,CYP,Human,Undefined,316,6.749579836992482e-4,5.210442124915793e-4,0.009291332058199629
CYP2E1,CYP,Human,UpperIleum,19,8.345409131263989e-4,2.4295813042324728e-4,0.004414730666173806
CYP2E1,CYP,Human,UpperJejunum,19,8.345409131263989e-4,2.4295813042324728e-4,0.004414730666173806
CYP2E1,CYP,Macaque,Brain,495,9.614231856915684e-4,7.421390146443505e-4,0.0071118556968654744
CYP2E1,CYP,Macaque,Caecum,1,1.761738002548997e-4,1.761738002548997e-4,1.761738002548997e-4
CYP2E1,CYP,Macaque,ColonAscendens,1,1.761738002548997e-4,1.761738002548997e-4,1.761738002548997e-4
CYP2E1,CYP,Macaque,ColonDescendens,1,1.761738002548997e-4,1.761738002548997e-4,1.761738002548997e-4
CYP2E1,CYP,Macaque,ColonSigmoid,1,1.761738002548997e-4,1.761738002548997e-4,1.761738002548997e-4
CYP2E1,CYP,Macaque,ColonTransversum,1,1.761738002548997e-4,1.761738002548997e-4,1.761738002548997e-4
CYP2E1,CYP,Macaque,Fibroblast,4,1.506686985730754e-4,1.501494861312946e-4,2.733913164602543e-4
CYP2E1,CYP,Macaque,Gonads,47,0.0051019065460370435,0.004415839268124693,0.021323246537812174
CYP2E1,CYP,Macaque,Heart,43,8.982269858556352e-4,2.2724569917321915e-4,0.013302859392662745
CYP2E1,CYP,Macaque,Kidney,51,3.4880973447835514e-4,2.2131128245456096e-4,0.0027747876281068486
CYP2E1,CYP,Macaque,LargeIntestine,1,1.761738002548997e-4,1.761738002548997e-4,1.761738002548997e-4
CYP2E1,CYP,Macaque,LowerIleum,1,0.0018480710451273738,0.0018480710451273738,0.0018480710451273738
CYP2E1,CYP,Macaque,Lung,7,0.005231334930434922,0.0013465524495129791,0.01935380733657422
CYP2E1,CYP,Macaque,Muscle,8,5.086311945979913e-4,3.317371418237767e-4,0.0012532283676486343
CYP2E1,CYP,Macaque,Pericentral,85,0.3903119915490859,0.3678682201995015,1
CYP2E1,CYP,Macaque,Periportal,85,0.3903119915490859,0.3678682201995015,1
CYP2E1,CYP,Macaque,Rectum,1,1.761738002548997e-4,1.761738002548997e-4,1.761738002548997e-4
CYP2E1,CYP,Macaque,SmallIntestine,1,0.0018480710451273738,0.0018480710451273738,0.0018480710451273738
CYP2E1,CYP,Macaque,Spleen,3,3.112631899415103e-4,3.8217784065964236e-4,4.2714040839426145e-4
CYP2E1,CYP,Macaque,Undefined,2,6.346946720928212e-5,6.346946720928212e-5,7.786413956056917e-5
CYP2E1,CYP,Macaque,UpperIleum,1,0.0018480710451273738,0.0018480710451273738,0.0018480710451273738
CYP2E1,CYP,Dog,BloodCells,1,0.002463360615010755,0.002463360615010755,0.002463360615010755
CYP2E1,CYP,Dog,Brain,9,0.002344478568849422,8.731685342174225e-4,0.013302511002142588
CYP2E1,CYP,Dog,Caecum,6,8.209390179447105e-5,6.483124337292087e-5,2.2119483547080723e-4
CYP2E1,CYP,Dog,ColonAscendens,6,8.209390179447105e-5,6.483124337292087e-5,2.2119483547080723e-4
CYP2E1,CYP,Dog,ColonDescendens,6,8.209390179447105e-5,6.483124337292087e-5,2.2119483547080723e-4
CYP2E1,CYP,Dog,ColonSigmoid,6,8.209390179447105e-5,6.483124337292087e-5,2.2119483547080723e-4
CYP2E1,CYP,Dog,ColonTransversum,6,8.209390179447105e-5,6.483124337292087e-5,2.2119483547080723e-4
CYP2E1,CYP,Dog,Fat,4,4.173003209495909e-4,3.2323913905034634e-4,9.792234019320892e-4
CYP2E1,CYP,Dog,Gonads,22,9.608307431901138e-4,9.184283404729042e-4,0.002360367228429657
CYP2E1,CYP,Dog,Heart,9,2.3977828374566946e-4,2.9934062600706513e-4,6.339837076113948e-4
CYP2E1,CYP,Dog,Kidney,8,2.1761058852986717e-4,2.2195339975801675e-4,3.938480415659113e-4
CYP2E1,CYP,Dog,LargeIntestine,6,8.209390179447105e-5,6.483124337292087e-5,2.2119483547080723e-4
CYP2E1,CYP,Dog,Lung,10,8.735081460967139e-4,8.186544266546301e-4,0.0019029583921463156
CYP2E1,CYP,Dog,Muscle,6,6.05964306428041e-4,3.5386424562794465e-4,0.001483721818506575
CYP2E1,CYP,Dog,Pancreas,2,0.0043425327164115495,0.0043425327164115495,0.008658577455181594
CYP2E1,CYP,Dog,Pericentral,28,0.594058123272134,0.6611971270944648,1
CYP2E1,CYP,Dog,Periportal,28,0.594058123272134,0.6611971270944648,1
CYP2E1,CYP,Dog,Rectum,6,8.209390179447105e-5,6.483124337292087e-5,2.2119483547080723e-4
CYP2E1,CYP,Dog,Skin,1,0.002662282756399134,0.002662282756399134,0.002662282756399134
CYP2E1,CYP,Dog,Spleen,6,9.059684336168661e-4,9.314328982605001e-4,0.001238053221245655
CYP2E1,CYP,Dog,Thyroid,1,2.966145357181911e-5,2.966145357181911e-5,2.966145357181911e-5
CYP2E1,CYP,Dog,Tongue,1,0.0011750524676515611,0.0011750524676515611,0.0011750524676515611
CYP2E1,CYP,Dog,Undefined,1,5.725230762099373e-5,5.725230762099373e-5,5.725230762099373e-5
CYP2E1,CYP,Rat,Brain,65,9.251657171968864e-4,3.3564488243526143e-4,0.010144230650088232
CYP2E1,CYP,Rat,Caecum,13,0.0025891373002278045,0.0015445980252405253,0.018057170897992393
CYP2E1,CYP,Rat,ColonAscendens,13,0.0025891373002278045,0.0015445980252405253,0.018057170897992393
CYP2E1,CYP,Rat,ColonDescendens,13,0.0025891373002278045,0.0015445980252405253,0.018057170897992393
CYP2E1,CYP,Rat,ColonSigmoid,13,0.0025891373002278045,0.0015445980252405253,0.018057170897992393
CYP2E1,CYP,Rat,ColonTransversum,13,0.0025891373002278045,0.0015445980252405253,0.018057170897992393
CYP2E1,CYP,Rat,Duodenum,3,1.2403303901243386e-4,1.221012702228155e-4,1.3946430917551926e-4
CYP2E1,CYP,Rat,Esophagus,3,5.452662111758513e-4,3.368134997794538e-4,0.001133754527138772
CYP2E1,CYP,Rat,Fat,7,0.1991821613316882,0.042054858702123485,0.6593555039301989
CYP2E1,CYP,Rat,Gonads,99,0.003017757610267993,0.0022684285132756107,0.02099308791959043
CYP2E1,CYP,Rat,Heart,107,8.131822719182945e-4,3.259506788255537e-4,0.005338979888577281
CYP2E1,CYP,Rat,Kidney,104,0.03563253457380879,0.024863035074207625,0.11797932280409469
CYP2E1,CYP,Rat,LargeIntestine,13,0.0025891373002278045,0.0015445980252405253,0.018057170897992393
CYP2E1,CYP,Rat,LowerIleum,2,2.5206676917201624e-4,2.5206676917201624e-4,3.882295510166471e-4
CYP2E1,CYP,Rat,LowerJejunum,2,1.377416626477433e-4,1.377416626477433e-4,1.429839391158832e-4
CYP2E1,CYP,Rat,Lung,42,0.015509725973750013,0.01087853175366969,0.09123704441314767
CYP2E1,CYP,Rat,Muscle,145,5.104782758549515e-4,1.095508807167018e-4,0.018028757695783854
CYP2E1,CYP,Rat,Myometrium,16,0.01715892777666643,0.0030539907010252174,0.1002927619560417
CYP2E1,CYP,Rat,Pancreas,3,0.0013722445696491858,0.0010586646067783955,0.002416245568698737
CYP2E1,CYP,Rat,Pericentral,145,0.25573952680420475,0.22258261012547764,1
CYP2E1,CYP,Rat,Periportal,145,0.25573952680420475,0.22258261012547764,1
CYP2E1,CYP,Rat,Rectum,13,0.0025891373002278045,0.0015445980252405253,0.018057170897992393
CYP2E1,CYP,Rat,Skin,8,0.004958071971148168,0.005635753149230947,0.008263599960796333
CYP2E1,CYP,Rat,SmallIntestine,7,1.6453085438240296e-4,1.3249938617960338e-4,3.882295510166471e-4
CYP2E1,CYP,Rat,Spleen,16,0.0030108649902552587,0.001522915196137436,0.018979612747315935
CYP2E1,CYP,Rat,Stomach,3,1.9388658515870612e-4,1.702405095358468e-4,2.440973133833014e-4
CYP2E1,CYP,Rat,Thymus,32,0.0027058627765111773,0.0026273948781107455,0.005782479480084542
CYP2E1,CYP,Rat,Thyroid,6,0.010579882922890204,0.006205836566569032,0.03214801773560238
CYP2E1,CYP,Rat,Undefined,13,0.02231443478628563,0.01143936824589009,0.05538745286322438
CYP2E1,CYP,Rat,UpperIleum,2,2.5206676917201624e-4,2.5206676917201624e-4,3.882295510166471e-4
CYP2E1,CYP,Rat,UpperJejunum,2,1.377416626477433e-4,1.377416626477433e-4,1.429839391158832e-4
CYP2E1,CYP,Mouse,BloodCells,49,8.324015193804652e-4,4.805850715972157e-4,0.0073367262086859895
CYP2E1,CYP,Mouse,Bone,104,0.00403710190365005,0.0026464654676448046,0.044737739284306875
CYP2E1,CYP,Mouse,Brain,175,0.001129179050550304,4.484642503693253e-4,0.04708296542828188
CYP2E1,CYP,Mouse,Breasts,2,0.03418490025011983,0.03418490025011983,0.03426782752660643
CYP2E1,CYP,Mouse,Caecum,21,0.0011186816292209983,5.975186071895455e-4,0.005650750113801286
CYP2E1,CYP,Mouse,ColonAscendens,21,0.0011186816292209983,5.975186071895455e-4,0.005650750113801286
CYP2E1,CYP,Mouse,ColonDescendens,21,0.0011186816292209983,5.975186071895455e-4,0.005650750113801286
CYP2E1,CYP,Mouse,ColonSigmoid,23,0.0011349206886498587,5.975186071895455e-4,0.005650750113801286
CYP2E1,CYP,Mouse,ColonTransversum,21,0.0011186816292209983,5.975186071895455e-4,0.005650750113801286
CYP2E1,CYP,Mouse,Duodenum,119,6.794931468805405e-4,5.132665275490154e-4,0.0037038597739155535
CYP2E1,CYP,Mouse,Embryo,9,0.002177244153058387,4.587676105299335e-4,0.009753187447463426
CYP2E1,CYP,Mouse,Esophagus,3,0.008958300790396861,0.006721945181207663,0.018975037343253436
CYP2E1,CYP,Mouse,Fat,232,0.25552703467915555,0.22466887497615923,0.7961331078723316
CYP2E1,CYP,Mouse,Gonads,197,0.20943309354319872,0.15678681843095676,1
CYP2E1,CYP,Mouse,Heart,179,7.442680167031794e-4,4.5136896068123655e-4,0.017683616955706822
CYP2E1,CYP,Mouse,Kidney,209,0.06058679417779997,0.06865313418532704,0.27241849023735903
CYP2E1,CYP,Mouse,LargeIntestine,23,0.0011349206886498587,5.975186071895455e-4,0.005650750113801286
CYP2E1,CYP,Mouse,LowerIleum,115,7.196398023136299e-4,5.198062635942383e-4,0.0037038597739155535
CYP2E1,CYP,Mouse,LowerJejunum,115,6.957886798395959e-4,5.181234074237079e-4,0.0037038597739155535
CYP2E1,CYP,Mouse,Lung,154,0.011411810214317862,0.005219383084805025,0.21045084745546538
CYP2E1,CYP,Mouse,Muscle,257,0.0016952224065549676,7.571270330279831e-4,0.03976299909136951
CYP2E1,CYP,Mouse,Pancreas,79,0.007329016761182255,0.0038129800644567417,0.04525362214566313
CYP2E1,CYP,Mouse,Pericentral,303,0.28464414919588626,0.2857718057701614,0.8069584964457077
CYP2E1,CYP,Mouse,Periportal,303,0.28464414919588626,0.2857718057701614,0.8069584964457077
CYP2E1,CYP,Mouse,Placenta,4,0.004549077326800774,0.001222150305171146,0.01569970570517502
CYP2E1,CYP,Mouse,Plasma,10,0.011222363513806824,0.008502215590857417,0.03360320358250915
CYP2E1,CYP,Mouse,Rectum,21,0.0011186816292209983,5.975186071895455e-4,0.005650750113801286
CYP2E1,CYP,Mouse,Skin,241,0.01520262569236488,0.009453425684879285,0.20065261504571327
CYP2E1,CYP,Mouse,SmallIntestine,125,7.135114038496146e-4,5.174729560821245e-4,0.0037038597739155535
CYP2E1,CYP,Mouse,Spleen,64,0.002830998374342561,8.553701705482453e-4,0.07452081344937608
CYP2E1,CYP,Mouse,Stomach,8,2.5630229001394697e-4,2.3654450706720424e-4,5.21512161864161e-4
CYP2E1,CYP,Mouse,Thymus,16,0.004484516770137555,0.003388204632969247,0.02405244427760729
CYP2E1,CYP,Mouse,Thyroid,6,0.016568762835075437,0.014397773549382898,0.023596603298876702
CYP2E1,CYP,Mouse,Undefined,18,0.006509577746933494,0.001337138295885483,0.029153928751695306
CYP2E1,CYP,Mouse,UpperIleum,115,7.196398023136299e-4,5.198062635942383e-4,0.0037038597739155535
CYP2E1,CYP,Mouse,UpperJejunum,115,6.957886798395959e-4,5.181234074237079e-4,0.0037038597739155535
CYP3A4,CYP,Human,BloodCells,276,0.001372213514657943,1.2487243381741308e-4,0.04873712251229325
CYP3A4,CYP,Human,Bone,2,8.793762930160709e-5,8.793762930160709e-5,1.322218895784873e-4
CYP3A4,CYP,Human,Brain,1426,1.8029515472691227e-4,7.596195133694954e-5,0.004036928336981342
CYP3A4,CYP,Human,Breasts,36,1.4713537835627942e-4,1.0329835989973337e-4,5.563955964597364e-4
CYP3A4,CYP,Human,Caecum,34,0.1864496474843777,4.960921215132828e-4,1
CYP3A4,CYP,Human,Cartilage,14,8.326699253051876e-4,8.275597426805788e-4,0.0014118960671105824
CYP3A4,CYP,Human,ColonAscendens,34,0.1864496474843777,4.960921215132828e-4,1
CYP3A4,CYP,Human,ColonDescendens,34,0.1864496474843777,4.960921215132828e-4,1
CYP3A4,CYP,Human,ColonSigmoid,142,0.044857759128367154,1.2298743852776395e-4,1
CYP3A4,CYP,Human,ColonTransversum,156,0.04114856775768785,1.6460204222482693e-4,1
CYP3A4,CYP,Human,Duodenum,23,0.1055131185289491,0.08680776049177469,0.3441180659490486
CYP3A4,CYP,Human,Embryo,34,2.27089608189845e-4,2.0818144911689801e-4,5.53527226555757e-4
CYP3A4,CYP,Human,Endometrium,147,1.7492786415440256e-4,1.3183249328779713e-4,0.0010520507086085036
CYP3A4,CYP,Human,Esophagus,13,1.8599614795501473e-4,9.90847005684004e-5,5.463817596807396e-4
CYP3A4,CYP,Human,Eye,28,6.0965059800654103e-5,5.415556276261852e-5,1.3801367007478871e-4
CYP3A4,CYP,Human,Fat,752,1.812843625332775e-4,1.3719928244422202e-4,9.948189964612152e-4
CYP3A4,CYP,Human,GallBladder,7,6.91855244179498e-4,7.430700400306773e-4,0.0012893659233873308
CYP3A4,CYP,Human,Gonads,349,3.9914011840448454e-4,2.31900666024972e-4,0.046546546819291525
CYP3A4,CYP,Human,Heart,257,4.851825304158027e-5,2.8130995067394327e-5,0.001998351225064766
CYP3A4,CYP,Human,Kidney,85,0.0010856298057336038,1.288013374773776e-4,0.007744109837136938
CYP3A4,CYP,Human,LargeIntestine,273,0.02365408629928127,1.3672334413054467e-4,1
CYP3A4,CYP,Human,LowerIleum,19,0.09495599268926008,0.05037821714462957,0.3441180659490486
CYP3A4,CYP,Human,LowerJejunum,19,0.09495599268926008,0.05037821714462957,0.3441180659490486
CYP3A4,CYP,Human,Lung,55,1.4925447766524474e-4,1.0603211170034357e-4,0.0011411951873196982
CYP3A4,CYP,Human,LymphNode,92,0.052470751570203505,0.011508547628351934,0.3585267860514467
CYP3A4,CYP,Human,Muscle,317,2.5319342025675466e-4,3.995893417233426e-5,0.009129349778935194
CYP3A4,CYP,Human,Myometrium,36,8.84873704038385e-5,8.099106557269763e-5,2.202049569410706e-4
CYP3A4,CYP,Human,Pancreas,128,0.006940257993481648,3.615573492397689e-4,0.07595266605160744
CYP3A4,CYP,Human,Pericentral,134,0.09061894839087589,0.04589338277842506,0.6108687953817611
CYP3A4,CYP,Human,Periportal,134,0.09061894839087589,0.04589338277842506,0.6108687953817611
CYP3A4,CYP,Human,Placenta,2,4.355502748193606e-5,4.355502748193606e-5,5.244958278694507e-5
CYP3A4,CYP,Human,Plasma,285,1.0845499876467982e-4,8.49559187650137e-5,8.880853630719842e-4
CYP3A4,CYP,Human,Rectum,35,0.18122196523835302,8.59174202890434e-4,1
CYP3A4,CYP,Human,SalivaryGland,51,1.6198115221653203e-4,1.0149715495157362e-4,0.0011320540441759578
CYP3A4,CYP,Human,Skin,438,6.23093671731475e-4,4.970025446282009e-4,0.0038453245706610837
CYP3A4,CYP,Human,SmallIntestine,23,0.1055131185289491,0.08680776049177469,0.3441180659490486
CYP3A4,CYP,Human,Spleen,79,1.7331417044770924e-4,1.031008902663348e-4,0.004378416500821524
CYP3A4,CYP,Human,Stomach,131,1.5099997340049847e-4,8.711157150449847e-5,0.001826133402016207
CYP3A4,CYP,Human,Thyroid,182,1.0879406026301393e-4,9.112270197052881e-5,0.0010242500428495796
CYP3A4,CYP,Human,Undefined,305,1.5605555410858762e-4,1.2176992701631123e-4,0.0013741694712911712
CYP3A4,CYP,Human,UpperIleum,19,0.09495599268926008,0.05037821714462957,0.3441180659490486
CYP3A4,CYP,Human,UpperJejunum,19,0.09495599268926008,0.05037821714462957,0.3441180659490486
CYP3A4,CYP,Macaque,BloodCells,2,0.0055239206776842905,0.0055239206776842905,0.006791251420279736
CYP3A4,CYP,Macaque,Brain,610,2.497953537287992e-4,1.726754048463128e-4,0.0020839344568004846
CYP3A4,CYP,Macaque,Caecum,3,0.014729302968084381,0.013220472450731548,0.022084367277071172
CYP3A4,CYP,Macaque,ColonAscendens,3,0.014729302968084381,0.013220472450731548,0.022084367277071172
CYP3A4,CYP,Macaque,ColonDescendens,3,0.014729302968084381,0.013220472450731548,0.022084367277071172
CYP3A4,CYP,Macaque,ColonSigmoid,3,0.014729302968084381,0.013220472450731548,0.022084367277071172
CYP3A4,CYP,Macaque,ColonTransversum,3,0.014729302968084381,0.013220472450731548,0.022084367277071172
CYP3A4,CYP,Macaque,Eye,12,0.001095558236089932,0.0010520466827072211,0.002230777252656725
CYP3A4,CYP,Macaque,Fat,1,5.500893932553878e-5,5.500893932553878e-5,5.500893932553878e-5
CYP3A4,CYP,Macaque,Fibroblast,7,2.595201444247954e-4,1.607412096168004e-5,8.989757931797495e-4
CYP3A4,CYP,Macaque,Gonads,42,0.0011231854543739966,5.252143254312282e-4,0.0066718985190910435
CYP3A4,CYP,Macaque,Heart,44,7.393192928381123e-4,1.5671243144463462e-4,0.011704723258611237
CYP3A4,CYP,Macaque,Kidney,58,7.227122742245625e-4,5.183841825966852e-4,0.005724327936396529
CYP3A4,CYP,Macaque,LargeIntestine,3,0.014729302968084381,0.013220472450731548,0.022084367277071172
CYP3A4,CYP,Macaque,LowerIleum,1,0.008077837059188193,0.008077837059188193,0.008077837059188193
CYP3A4,CYP,Macaque,Lung,11,0.004018837438016315,0.0024400984501062382,0.015686450242701506
CYP3A4,CYP,Macaque,Muscle,15,7.390478553180819e-4,4.152178912840776e-4,0.005944321464961792
CYP3A4,CYP,Macaque,Pericentral,85,0.27024702881964163,0.24884869293036457,1
CYP3A4,CYP,Macaque,Periportal,85,0.27024702881964163,0.24884869293036457,1
CYP3A4,CYP,Macaque,Rectum,3,0.014729302968084381,0.013220472450731548,0.022084367277071172
CYP3A4,CYP,Macaque,SmallIntestine,1,0.008077837059188193,0.008077837059188193,0.008077837059188193
CYP3A4,CYP,Macaque,Spleen,7,0.0010764838437176006,0.0011753844242500333,0.0018543758035811002
CYP3A4,CYP,Macaque,Undefined,32,6.356097271036954e-4,5.9465378156956e-4,0.0017865516544973454
CYP3A4,CYP,Macaque,UpperIleum,1,0.008077837059188193,0.008077837059188193,0.008077837059188193
CYP3A4,CYP,Dog,BloodCells,2,0.0014509400985135833,0.0014509400985135833,0.001656008372116722
CYP3A4,CYP,Dog,Bone,1,2.5024517392647355e-4,2.5024517392647355e-4,2.5024517392647355e-4
CYP3A4,CYP,Dog,Brain,24,7.495974297963366e-4,3.894685049530311e-4,0.005583417081313098
CYP3A4,CYP,Dog,Breasts,2,0.003004473975385338,0.003004473975385338,0.0055099792200611255
CYP3A4,CYP,Dog,Caecum,11,0.008276552275891328,3.890606677850831e-4,0.04229763107545532
CYP3A4,CYP,Dog,Cartilage,1,2.935050825309281e-4,2.935050825309281e-4,2.935050825309281e-4
CYP3A4,CYP,Dog,ColonAscendens,11,0.008276552275891328,3.890606677850831e-4,0.04229763107545532
CYP3A4,CYP,Dog,ColonDescendens,11,0.008276552275891328,3.890606677850831e-4,0.04229763107545532
CYP3A4,CYP,Dog,ColonSigmoid,11,0.008276552275891328,3.890606677850831e-4,0.04229763107545532
CYP3A4,CYP,Dog,ColonTransversum,11,0.008276552275891328,3.890606677850831e-4,0.04229763107545532
CYP3A4,CYP,Dog,Duodenum,2,0.013675825523555658,0.013675825523555658,0.026775908711876222
CYP3A4,CYP,Dog,Embryo,1,8.95440686520828e-5,8.95440686520828e-5,8.95440686520828e-5
CYP3A4,CYP,Dog,Eye,1,6.136100351508419e-4,6.136100351508419e-4,6.136100351508419e-4
CYP3A4,CYP,Dog,Fat,9,0.004690940620293514,2.5116140784482775e-4,0.03900841318461416
CYP3A4,CYP,Dog,Gonads,25,0.005699056699937738,0.005577729878646351,0.010432166866931325
CYP3A4,CYP,Dog,Heart,12,1.2665690659125395e-4,9.196014066246402e-5,2.8773335956631317e-4
CYP3A4,CYP,Dog,Kidney,11,0.0019162130895827743,2.473004126889523e-4,0.016011673407068317
CYP3A4,CYP,Dog,LargeIntestine,11,0.008276552275891328,3.890606677850831e-4,0.04229763107545532
CYP3A4,CYP,Dog,LowerIleum,2,0.013675825523555658,0.013675825523555658,0.026775908711876222
CYP3A4,CYP,Dog,LowerJejunum,3,0.09716109194401724,0.026775908711876222,0.2641316247849404
CYP3A4,CYP,Dog,Lung,11,0.0011458558457978518,0.0011096844658514448,0.001885704498198183
CYP3A4,CYP,Dog,LymphNode,4,0.008765643434176481,0.008408592462341513,0.017597479730053968
CYP3A4,CYP,Dog,Muscle,10,2.2250226790748127e-4,1.7184976489883087e-4,7.317215459107864e-4
CYP3A4,CYP,Dog,Pancreas,3,0.0014334545097552923,3.363355714339326e-4,0.0038064957032059956
CYP3A4,CYP,Dog,Pericentral,28,0.3977303071518418,0.3529525672018105,1
CYP3A4,CYP,Dog,Periportal,28,0.3977303071518418,0.3529525672018105,1
CYP3A4,CYP,Dog,Rectum,11,0.008276552275891328,3.890606677850831e-4,0.04229763107545532
CYP3A4,CYP,Dog,SalivaryGland,1,6.235421749389565e-4,6.235421749389565e-4,6.235421749389565e-4
CYP3A4,CYP,Dog,Skin,24,0.010165091222799643,0.007088152458183337,0.05044369552671503
CYP3A4,CYP,Dog,SmallIntestine,3,0.09716109194401724,0.026775908711876222,0.2641316247849404
CYP3A4,CYP,Dog,Spleen,12,0.002522648021979864,0.0019988596475940196,0.007028429750480584
CYP3A4,CYP,Dog,Stomach,2,0.001040628526442013,0.001040628526442013,0.0012482886545901312
CYP3A4,CYP,Dog,Thymus,1,0.0023912366400326,0.0023912366400326,0.0023912366400326
CYP3A4,CYP,Dog,Thyroid,5,8.560855791677494e-4,7.121705802832688e-4,0.001254703127738612
CYP3A4,CYP,Dog,Tongue,1,4.64079472450649e-4,4.64079472450649e-4,4.64079472450649e-4
CYP3A4,CYP,Dog,Undefined,7,0.03382362390276128,0.040798747308489966,0.08630680224308317
CYP3A4,CYP,Dog,UpperIleum,2,0.013675825523555658,0.013675825523555658,0.026775908711876222
CYP3A4,CYP,Dog,UpperJejunum,3,0.09716109194401724,0.026775908711876222,0.2641316247849404
CYP3A4,CYP,Rat,Brain,5,0.0012473646685715058,6.265300030993348e-4,0.003067595832046089
CYP3A4,CYP,Rat,Caecum,11,0.002887977804669088,0.0012479795671728232,0.012266967405360752
CYP3A4,CYP,Rat,ColonAscendens,11,0.002887977804669088,0.0012479795671728232,0.012266967405360752
CYP3A4,CYP,Rat,ColonDescendens,11,0.002887977804669088,0.0012479795671728232,0.012266967405360752
CYP3A4,CYP,Rat,ColonSigmoid,11,0.002887977804669088,0.0012479795671728232,0.012266967405360752
CYP3A4,CYP,Rat,ColonTransversum,11,0.002887977804669088,0.0012479795671728232,0.012266967405360752
CYP3A4,CYP,Rat,Duodenum,3,0.07741324055156645,0.06261847444425882,0.11095704843066147
CYP3A4,CYP,Rat,Esophagus,1,0.0011865057491874,0.0011865057491874,0.0011865057491874
CYP3A4,CYP,Rat,Fat,1,9.550546279515432e-4,9.550546279515432e-4,9.550546279515432e-4
CYP3A4,CYP,Rat,Gonads,24,0.011468737895385864,0.010032042634001108,0.032954478227561076
CYP3A4,CYP,Rat,Heart,2,4.6872711046587603e-4,4.6872711046587603e-4,5.753769121326621e-4
CYP3A4,CYP,Rat,Kidney,8,0.0018829297301693995,4.014249904703271e-4,0.010493106403731862
CYP3A4,CYP,Rat,LargeIntestine,11,0.002887977804669088,0.0012479795671728232,0.012266967405360752
CYP3A4,CYP,Rat,LowerIleum,3,0.10477613032590774,0.0865285843277893,0.2265407863606677
CYP3A4,CYP,Rat,LowerJejunum,3,0.13742249392202946,0.14923237345278026,0.1981059948221971
CYP3A4,CYP,Rat,Lung,6,0.09473964164137237,0.01778297778831833,0.4798532187790127
CYP3A4,CYP,Rat,Muscle,8,0.0012743769222032294,6.899964064363403e-4,0.004022695057514902
CYP3A4,CYP,Rat,Myometrium,2,0.018207188674473452,0.018207188674473452,0.024366601661421745
CYP3A4,CYP,Rat,Pancreas,2,0.006268867310660592,0.006268867310660592,0.008216343988502805
CYP3A4,CYP,Rat,Pericentral,120,0.2277103587478364,0.1655564982345654,1
CYP3A4,CYP,Rat,Periportal,120,0.2277103587478364,0.1655564982345654,1
CYP3A4,CYP,Rat,Rectum,11,0.002887977804669088,0.0012479795671728232,0.012266967405360752
CYP3A4,CYP,Rat,Skin,1,4.861644885238973e-4,4.861644885238973e-4,4.861644885238973e-4
CYP3A4,CYP,Rat,SmallIntestine,9,0.10653728826650122,0.0865285843277893,0.2265407863606677
CYP3A4,CYP,Rat,Spleen,1,0.04133352555684984,0.04133352555684984,0.04133352555684984
CYP3A4,CYP,Rat,Stomach,3,0.0016961477009838873,0.0014287895033693863,0.00290012309781326
CYP3A4,CYP,Rat,Thymus,1,0.001192258054145323,0.001192258054145323,0.001192258054145323
CYP3A4,CYP,Rat,Thyroid,1,7.082443894339604e-4,7.082443894339604e-4,7.082443894339604e-4
CYP3A4,CYP,Rat,UpperIleum,3,0.10477613032590774,0.0865285843277893,0.2265407863606677
CYP3A4,CYP,Rat,UpperJejunum,3,0.13742249392202946,0.14923237345278026,0.1981059948221971
CYP3A4,CYP,Mouse,BloodCells,19,4.532791483656837e-4,4.010122337813423e-4,0.0010783000544884586
CYP3A4,CYP,Mouse,Bone,167,0.0030302460042146736,0.002385014488370446,0.019290550164648843
CYP3A4,CYP,Mouse,Brain,104,5.760756877834813e-4,4.2148153942502616e-4,0.00389708531451598
CYP3A4,CYP,Mouse,Breasts,1,1.4682328981564184e-4,1.4682328981564184e-4,1.4682328981564184e-4
CYP3A4,CYP,Mouse,Caecum,15,0.007510789200715781,2.509243001877816e-4,0.04331500319446047
CYP3A4,CYP,Mouse,ColonAscendens,15,0.007510789200715781,2.509243001877816e-4,0.04331500319446047
CYP3A4,CYP,Mouse,ColonDescendens,15,0.007510789200715781,2.509243001877816e-4,0.04331500319446047
CYP3A4,CYP,Mouse,ColonSigmoid,15,0.007510789200715781,2.509243001877816e-4,0.04331500319446047
CYP3A4,CYP,Mouse,ColonTransversum,15,0.007510789200715781,2.509243001877816e-4,0.04331500319446047
CYP3A4,CYP,Mouse,Duodenum,125,0.050147566125722604,0.05659986655809631,0.08587690172970426
CYP3A4,CYP,Mouse,Embryo,6,4.841256971036241e-4,1.4757350042012533e-4,0.0014862778677274175
CYP3A4,CYP,Mouse,Esophagus,2,5.5760472772645734e-5,5.5760472772645734e-5,8.896694006997827e-5
CYP3A4,CYP,Mouse,Fat,181,7.396388126928206e-4,4.9768259306421e-4,0.006310185898153354
CYP3A4,CYP,Mouse,Gonads,89,3.2411997037056053e-4,2.3266161680428934e-4,0.002157653217830758
CYP3A4,CYP,Mouse,Heart,76,2.6222225736100897e-4,2.1870509318850918e-4,9.167714208682506e-4
CYP3A4,CYP,Mouse,Kidney,87,1.5953356843085128e-4,8.418292451295331e-5,0.0037799313167174507
CYP3A4,CYP,Mouse,LargeIntestine,15,0.007510789200715781,2.509243001877816e-4,0.04331500319446047
CYP3A4,CYP,Mouse,LowerIleum,121,0.0511615706119973,0.057137151732936056,0.08587690172970426
CYP3A4,CYP,Mouse,LowerJejunum,121,0.05165975894421484,0.057137151732936056,0.08587690172970426
CYP3A4,CYP,Mouse,Lung,112,0.0011901240131102868,6.127087802185185e-4,0.025310638709337686
CYP3A4,CYP,Mouse,Muscle,76,1.1332762216340965e-4,6.928733530177311e-5,7.849606619984441e-4
CYP3A4,CYP,Mouse,Myometrium,1,3.894058165334712e-4,3.894058165334712e-4,3.894058165334712e-4
CYP3A4,CYP,Mouse,Pancreas,39,0.0034598555159214375,0.0025500538033563086,0.011502695386558195
CYP3A4,CYP,Mouse,Pericentral,296,0.05126737791955548,0.030123898727614302,1
CYP3A4,CYP,Mouse,Periportal,296,0.05126737791955548,0.030123898727614302,1
CYP3A4,CYP,Mouse,Placenta,2,8.36851640613511e-4,8.36851640613511e-4,0.0015509174167450874
CYP3A4,CYP,Mouse,Plasma,3,2.414153766762219e-5,2.3391924174806686e-5,2.646825639926971e-5
CYP3A4,CYP,Mouse,Rectum,15,0.007510789200715781,2.509243001877816e-4,0.04331500319446047
CYP3A4,CYP,Mouse,Skin,128,0.0013579681695774885,0.0010043855630915053,0.005728669934586051
CYP3A4,CYP,Mouse,SmallIntestine,131,0.04849938766044404,0.05631190784466068,0.08587690172970426
CYP3A4,CYP,Mouse,Spleen,66,0.002469279772922704,6.912992459293071e-4,0.0745499222092314
CYP3A4,CYP,Mouse,Stomach,5,4.4879399755671235e-5,4.1530042171297464e-5,7.365715822033609e-5
CYP3A4,CYP,Mouse,Thymus,5,1.2964987947952086e-4,1.1062253526794196e-4,2.2207573985532158e-4
CYP3A4,CYP,Mouse,UpperIleum,121,0.0511615706119973,0.057137151732936056,0.08587690172970426
CYP3A4,CYP,Mouse,UpperJejunum,121,0.05165975894421484,0.057137151732936056,0.08587690172970426
CYP3A5,CYP,Human,BloodCells,497,0.0014408423167768312,7.316852972338077e-4,0.046528677334820974
CYP3A5,CYP,Human,Bone,15,0.002213671237230559,0.0011617960009963598,0.007005223726250439
CYP3A5,CYP,Human,Brain,1617,0.0018712483094441947,6.239264030475784e-4,1
CYP3A5,CYP,Human,Breasts,41,0.007031294608450831,0.003184092042483326,0.07464894730704702
CYP3A5,CYP,Human,Caecum,40,0.08833832521376375,0.02007247459363459,0.47845706381495245
CYP3A5,CYP,Human,Cartilage,18,0.041507548047122686,0.01979245627842271,0.1501455722621018
CYP3A5,CYP,Human,ColonAscendens,40,0.08833832521376375,0.02007247459363459,0.47845706381495245
CYP3A5,CYP,Human,ColonDescendens,40,0.08833832521376375,0.02007247459363459,0.47845706381495245
CYP3A5,CYP,Human,ColonSigmoid,149,0.027106480767848683,0.002338112720512592,0.47845706381495245
CYP3A5,CYP,Human,ColonTransversum,162,0.04061236496583996,0.024479162772884408,0.47845706381495245
CYP3A5,CYP,Human,Duodenum,29,0.08488127118073135,0.03793130599141992,0.22296847922599766
CYP3A5,CYP,Human,Embryo,53,0.0045749837195498385,0.0021613121244574303,0.04407733061835619
CYP3A5,CYP,Human,Endometrium,163,0.006447709008543309,0.002517034668509423,0.1564425581891814
CYP3A5,CYP,Human,Esophagus,20,0.021574646600808167,0.017171411730319795,0.12009789860623836
CYP3A5,CYP,Human,Eye,47,8.552997807915342e-4,6.886017920578429e-4,0.0032809183327805005
CYP3A5,CYP,Human,Fat,770,0.002962076588222651,0.0017404923487044227,0.05644042811694511
CYP3A5,CYP,Human,GallBladder,7,0.08390156752675737,0.07736766331661621,0.1324555075564793
CYP3A5,CYP,Human,Gonads,389,0.011876820952848623,0.0017228083484049045,0.6102315826004424
CYP3A5,CYP,Human,Heart,306,3.982628581446678e-4,2.4577726541049396e-4,0.005205672304353255
CYP3A5,CYP,Human,Kidney,105,0.01060424291557424,0.0024828256232338787,0.2320026850327192
CYP3A5,CYP,Human,LargeIntestine,280,0.02608887882946867,0.006859433312105676,0.47845706381495245
CYP3A5,CYP,Human,LowerIleum,25,0.0743639923075043,0.03400454168117575,0.22296847922599766
CYP3A5,CYP,Human,LowerJejunum,25,0.0743639923075043,0.03400454168117575,0.22296847922599766
CYP3A5,CYP,Human,Lung,69,0.015059504903083125,0.011169202825122997,0.06149898228248127
CYP3A5,CYP,Human,LymphNode,104,0.057022968683158114,0.04201611444065953,0.2115079646481692
CYP3A5,CYP,Human,Muscle,394,5.153131833228799e-4,1.8636945947401963e-4,0.0209860535465994
CYP3A5,CYP,Human,Myometrium,58,0.0029641687315646818,0.0018092716408369916,0.0249812291760165
CYP3A5,CYP,Human,Pancreas,145,0.0456293701190648,0.023253860059569476,0.2176853543452604
CYP3A5,CYP,Human,Pericentral,133,0.07004058727607856,0.03807186751039521,0.38308625842853883
CYP3A5,CYP,Human,Periportal,133,0.07004058727607856,0.03807186751039521,0.38308625842853883
CYP3A5,CYP,Human,Placenta,10,0.0014979478065055946,0.0010293837772315552,0.006615389477739768
CYP3A5,CYP,Human,Plasma,315,9.368859108216033e-4,8.353836595327816e-4,0.005023157315443228
CYP3A5,CYP,Human,Rectum,40,0.09188022121843938,0.02579150135989335,0.47845706381495245
CYP3A5,CYP,Human,SalivaryGland,53,0.004433169243965964,0.0014814614119418757,0.02564709742180646
CYP3A5,CYP,Human,Skin,443,0.029867727659438945,0.02404531553736557,0.3183687379614893
CYP3A5,CYP,Human,SmallIntestine,29,0.08488127118073135,0.03793130599141992,0.22296847922599766
CYP3A5,CYP,Human,Spleen,88,0.001952455525588554,0.0013562877485427882,0.047658738655861656
CYP3A5,CYP,Human,Stomach,146,0.039177691861328315,0.02892167914388214,0.3144686555408859
CYP3A5,CYP,Human,Thyroid,203,0.0014003351629550767,0.0011636954607729187,0.009317246071324035
CYP3A5,CYP,Human,Undefined,318,0.003399278699554053,0.0017991626374174734,0.039453505733165424
CYP3A5,CYP,Human,UpperIleum,25,0.0743639923075043,0.03400454168117575,0.22296847922599766
CYP3A5,CYP,Human,UpperJejunum,25,0.0743639923075043,0.03400454168117575,0.22296847922599766
GSTA1,GST,Human,BloodCells,331,0.001046415412425683,2.694232098084182e-4,0.03862810965551336
GSTA1,GST,Human,Bone,6,5.028804393117795e-4,3.1456903633476343e-4,0.0014204010337681434
GSTA1,GST,Human,Brain,912,2.485335088235648e-4,7.833724840713619e-5,0.009682613854561897
GSTA1,GST,Human,Breasts,36,0.0014523500616437075,6.101628583861273e-4,0.012914156264129036
GSTA1,GST,Human,Caecum,37,0.051811041947885474,0.005330850144402422,0.2644161438699649
GSTA1,GST,Human,ColonAscendens,37,0.051811041947885474,0.005330850144402422,0.2644161438699649
GSTA1,GST,Human,ColonDescendens,37,0.051811041947885474,0.005330850144402422,0.2644161438699649
GSTA1,GST,Human,ColonSigmoid,131,0.014814610944701248,1.3327399223386267e-4,0.2644161438699649
GSTA1,GST,Human,ColonTransversum,155,0.012968047730355679,6.938020978219664e-4,0.2644161438699649
GSTA1,GST,Human,Duodenum,29,0.10026183589106412,0.04432609570835377,0.28129626259503465
GSTA1,GST,Human,Embryo,13,0.0021789870637966757,4.918195015536517e-4,0.019097325655794126
GSTA1,GST,Human,Endometrium,130,0.011375666002977333,9.642860477222665e-4,0.2685554733484492
GSTA1,GST,Human,Esophagus,18,0.0016565251578415036,7.780893052308396e-4,0.015095832757969697
GSTA1,GST,Human,Eye,35,7.204286110572173e-4,2.799000927835343e-4,0.0065213042700883244
GSTA1,GST,Human,Fat,412,9.739776032509611e-5,6.894533447151354e-5,7.979918409734115e-4
GSTA1,GST,Human,GallBladder,7,0.07286903085033619,0.06860385481536506,0.12477960636480653
GSTA1,GST,Human,Gonads,383,0.05538344467336289,0.020994747644453828,1
GSTA1,GST,Human,Heart,223,2.815713660124085e-4,4.4362302018874516e-5,0.03756401944062873
GSTA1,GST,Human,Kidney,103,0.03937671385186714,0.01774222993657215,0.31324998419284866
GSTA1,GST,Human,LargeIntestine,258,0.007982635525043129,2.8816007135746625e-4,0.2644161438699649
GSTA1,GST,Human,LowerIleum,25,0.08299846257725045,0.04090115401040626,0.28129626259503465
GSTA1,GST,Human,LowerJejunum,25,0.08299846257725045,0.04090115401040626,0.28129626259503465
GSTA1,GST,Human,Lung,67,0.0030001070764394174,0.0010715033907259914,0.022682681817775233
GSTA1,GST,Human,LymphNode,95,0.03840697376041567,0.0325399294603054,0.16577002259226944
GSTA1,GST,Human,Muscle,161,2.2144188643151658e-4,3.157799471601311e-5,0.025856703604841578
GSTA1,GST,Human,Myometrium,47,5.629163031956507e-4,2.1283527102924872e-4,0.00714383193623233
GSTA1,GST,Human,Pancreas,145,0.05913649711303312,0.029036860933933355,0.3958786022259628
GSTA1,GST,Human,Pericentral,133,0.12266985861498876,0.11333979800011475,0.4471255725285495
GSTA1,GST,Human,Periportal,133,0.12266985861498876,0.11333979800011475,0.4471255725285495
GSTA1,GST,Human,Placenta,10,8.212630778146474e-4,4.986957853497006e-4,0.003469890350463415
GSTA1,GST,Human,Plasma,281,2.2953857292163434e-4,1.480399260611998e-4,0.00438846994171
GSTA1,GST,Human,Rectum,37,0.05205323182199538,0.00811366049845347,0.2644161438699649
GSTA1,GST,Human,SalivaryGland,53,0.003722115882606176,0.002600221812861353,0.01356321134631893
GSTA1,GST,Human,Skin,406,3.429038671259126e-4,1.9322329088771953e-4,0.004876133408607933
GSTA1,GST,Human,SmallIntestine,29,0.10026183589106412,0.04432609570835377,0.28129626259503465
GSTA1,GST,Human,Spleen,78,2.539284918368054e-4,1.5399492310563166e-4,0.0022741702650319454
GSTA1,GST,Human,Stomach,142,0.01405692513715758,0.010833420661117277,0.06577360912171264
GSTA1,GST,Human,Thyroid,131,1.1706788054958695e-4,9.230167275826865e-5,5.185760978784035e-4
GSTA1,GST,Human,Undefined,231,0.0038475999007561096,9.991488479393681e-5,0.09309397805372435
GSTA1,GST,Human,UpperIleum,25,0.08299846257725045,0.04090115401040626,0.28129626259503465
GSTA1,GST,Human,UpperJejunum,25,0.08299846257725045,0.04090115401040626,0.28129626259503465
GSTA1,GST,Macaque,Brain,326,1.0173505726380931e-4,2.351910158134762e-5,0.0043197706911038605
GSTA1,GST,Macaque,Caecum,2,3.1591436248114174e-5,3.1591436248114174e-5,4.12996549729126e-5
GSTA1,GST,Macaque,ColonAscendens,2,3.1591436248114174e-5,3.1591436248114174e-5,4.12996549729126e-5
GSTA1,GST,Macaque,ColonDescendens,2,3.1591436248114174e-5,3.1591436248114174e-5,4.12996549729126e-5
GSTA1,GST,Macaque,ColonSigmoid,2,3.1591436248114174e-5,3.1591436248114174e-5,4.12996549729126e-5
GSTA1,GST,Macaque,ColonTransversum,2,3.1591436248114174e-5,3.1591436248114174e-5,4.12996549729126e-5
GSTA1,GST,Macaque,Eye,4,1.1375342396325951e-4,1.097670807981321e-4,1.4795476865943753e-4
GSTA1,GST,Macaque,Fat,1,1.221881533539959e-5,1.221881533539959e-5,1.221881533539959e-5
GSTA1,GST,Macaque,Gonads,48,0.00852963832307711,0.0077470741500167,0.023315284720447572
GSTA1,GST,Macaque,Heart,45,2.1901119899909102e-4,4.7065688668403056e-5,0.003787628225881533
GSTA1,GST,Macaque,Kidney,58,0.003028574880541456,0.0018982894265930736,0.015491823961731191
GSTA1,GST,Macaque,LargeIntestine,2,3.1591436248114174e-5,3.1591436248114174e-5,4.12996549729126e-5
GSTA1,GST,Macaque,LowerIleum,1,1,1,1
GSTA1,GST,Macaque,Lung,11,0.009313436394515552,0.011359699915593215,0.01812181246767915
GSTA1,GST,Macaque,Muscle,16,1.450022443136098e-4,5.420504538480418e-5,0.0014721955256942428
GSTA1,GST,Macaque,Pericentral,85,0.06998360123851684,0.06140896967189841,0.2256786756880055
GSTA1,GST,Macaque,Periportal,85,0.06998360123851684,0.06140896967189841,0.2256786756880055
GSTA1,GST,Macaque,Rectum,2,3.1591436248114174e-5,3.1591436248114174e-5,4.12996549729126e-5
GSTA1,GST,Macaque,SmallIntestine,1,1,1,1
GSTA1,GST,Macaque,Spleen,7,1.1769160356833466e-4,1.1916705004169046e-4,2.5421941062266437e-4
GSTA1,GST,Macaque,Undefined,24,0.03789572337358679,0.04074969443843762,0.08667579508117884
GSTA1,GST,Macaque,UpperIleum,1,1,1,1
GSTA1,GST,Dog,BloodCells,2,0.0019959998075226464,0.0019959998075226464,0.003358603654618394
GSTA1,GST,Dog,Bone,1,0.0010686559907421267,0.0010686559907421267,0.0010686559907421267
GSTA1,GST,Dog,Brain,44,0.00299547167088355,0.002220871449780809,0.01390499214285175
GSTA1,GST,Dog,Breasts,2,0.0011394084567189985,0.0011394084567189985,0.0020964584813962686
GSTA1,GST,Dog,Caecum,13,0.02356225706582995,0.02094861916147007,0.06611363497774829
GSTA1,GST,Dog,Cartilage,1,0.012981668875975913,0.012981668875975913,0.012981668875975913
GSTA1,GST,Dog,ColonAscendens,13,0.02356225706582995,0.02094861916147007,0.06611363497774829
GSTA1,GST,Dog,ColonDescendens,13,0.02356225706582995,0.02094861916147007,0.06611363497774829
GSTA1,GST,Dog,ColonSigmoid,13,0.02356225706582995,0.02094861916147007,0.06611363497774829
GSTA1,GST,Dog,ColonTransversum,13,0.02356225706582995,0.02094861916147007,0.06611363497774829
GSTA1,GST,Dog,Duodenum,2,0.2576237122149422,0.2576237122149422,0.36453772198509277
GSTA1,GST,Dog,Embryo,1,0.001855947488945879,0.001855947488945879,0.001855947488945879
GSTA1,GST,Dog,Eye,1,0.05509014973449997,0.05509014973449997,0.05509014973449997
GSTA1,GST,Dog,Fat,10,0.002499413598179991,0.001695447701004109,0.00905465406795345
GSTA1,GST,Dog,Gonads,25,0.13914905544871028,0.12736243523147034,0.4551901463778352
GSTA1,GST,Dog,Heart,24,0.026726891322474248,0.02100471012944298,0.06327871322655106
GSTA1,GST,Dog,Kidney,13,0.003364964904176618,0.001446237470652192,0.015867682380030106
GSTA1,GST,Dog,LargeIntestine,13,0.02356225706582995,0.02094861916147007,0.06611363497774829
GSTA1,GST,Dog,LowerIleum,2,0.2576237122149422,0.2576237122149422,0.36453772198509277
GSTA1,GST,Dog,LowerJejunum,3,0.30230647820550793,0.36453772198509277,0.3916720101866395
GSTA1,GST,Dog,Lung,15,0.018366232327651024,0.012476683108800898,0.045949578912923963
GSTA1,GST,Dog,LymphNode,4,0.0038702863961629563,0.0038714018814509114,0.007055380940865719
GSTA1,GST,Dog,Muscle,15,0.018932004418030023,0.016182773914875454,0.05941697543321629
GSTA1,GST,Dog,Pancreas,3,0.005902096896443646,0.004956537585020746,0.010944219591236681
GSTA1,GST,Dog,Pericentral,28,0.4558535799178685,0.4757424264595156,1
GSTA1,GST,Dog,Periportal,28,0.4558535799178685,0.4757424264595156,1
GSTA1,GST,Dog,Placenta,1,0.0036582781158414662,0.0036582781158414662,0.0036582781158414662
GSTA1,GST,Dog,Rectum,13,0.02356225706582995,0.02094861916147007,0.06611363497774829
GSTA1,GST,Dog,SalivaryGland,1,0.007064179278026486,0.007064179278026486,0.007064179278026486
GSTA1,GST,Dog,Skin,25,0.05059234254403808,0.0067335792047427765,0.38328428037693624
GSTA1,GST,Dog,SmallIntestine,3,0.30230647820550793,0.36453772198509277,0.3916720101866395
GSTA1,GST,Dog,Spleen,12,0.013184971545395089,0.013692839275581103,0.021120081038990657
GSTA1,GST,Dog,Stomach,2,0.019445135315070375,0.019445135315070375,0.032327406647595175
GSTA1,GST,Dog,Thymus,1,0.0019734283144698583,0.0019734283144698583,0.0019734283144698583
GSTA1,GST,Dog,Thyroid,6,0.0018668598004451685,0.0018855621117706911,0.003249929206479545
GSTA1,GST,Dog,Tongue,1,0.011105522329528862,0.011105522329528862,0.011105522329528862
GSTA1,GST,Dog,Undefined,10,0.13422966884593618,0.05266279223961427,0.38328428037693624
GSTA1,GST,Dog,UpperIleum,2,0.2576237122149422,0.2576237122149422,0.36453772198509277
GSTA1,GST,Dog,UpperJejunum,3,0.30230647820550793,0.36453772198509277,0.3916720101866395
GSTA1,GST,Rat,Brain,45,0.0016968592867930643,8.59457637129329e-4,0.013829312470289342
GSTA1,GST,Rat,Caecum,1,7.316901812655624e-4,7.316901812655624e-4,7.316901812655624e-4
GSTA1,GST,Rat,ColonAscendens,1,7.316901812655624e-4,7.316901812655624e-4,7.316901812655624e-4
GSTA1,GST,Rat,ColonDescendens,1,7.316901812655624e-4,7.316901812655624e-4,7.316901812655624e-4
GSTA1,GST,Rat,ColonSigmoid,1,7.316901812655624e-4,7.316901812655624e-4,7.316901812655624e-4
GSTA1,GST,Rat,ColonTransversum,1,7.316901812655624e-4,7.316901812655624e-4,7.316901812655624e-4
GSTA1,GST,Rat,Duodenum,3,0.0026264833030891087,0.001457996384900943,0.005643556465721498
GSTA1,GST,Rat,Esophagus,3,0.8332188225281283,0.7824423689480711,1
GSTA1,GST,Rat,Eye,3,0.003242905135414219,0.0033410055538305975,0.004753837682830108
GSTA1,GST,Rat,Fat,1,0.007125874222933543,0.007125874222933543,0.007125874222933543
GSTA1,GST,Rat,Gonads,32,0.018513868935157034,0.011994217533232779,0.13565906480999015
GSTA1,GST,Rat,Heart,5,0.0034565133525856907,0.0017425347438854498,0.007180161938577783
GSTA1,GST,Rat,Kidney,76,0.008331621699794824,0.005558942283564686,0.03076693380905414
GSTA1,GST,Rat,LargeIntestine,1,7.316901812655624e-4,7.316901812655624e-4,7.316901812655624e-4
GSTA1,GST,Rat,LowerIleum,2,0.0036835230400620207,0.0036835230400620207,0.006160827076223489
GSTA1,GST,Rat,LowerJejunum,3,0.0023386619478820204,0.0025671453683421843,0.0028972089260434243
GSTA1,GST,Rat,Lung,23,0.03999289974680329,0.034817008066913145,0.09107719455944024
GSTA1,GST,Rat,Muscle,12,1.9670492518654288e-4,2.1020835295917554e-4,3.270411835495075e-4
GSTA1,GST,Rat,Pancreas,1,0.0020074847523810714,0.0020074847523810714,0.0020074847523810714
GSTA1,GST,Rat,Pericentral,3,0.0012358280771639165,0.001252653812862656,0.0017609823406375144
GSTA1,GST,Rat,Periportal,3,0.0012358280771639165,0.001252653812862656,0.0017609823406375144
GSTA1,GST,Rat,Rectum,1,7.316901812655624e-4,7.316901812655624e-4,7.316901812655624e-4
GSTA1,GST,Rat,Skin,5,0.0021644949101999387,6.206622999516112e-4,0.008664046119560193
GSTA1,GST,Rat,SmallIntestine,8,0.0027828102291296785,0.0020593884588013187,0.006160827076223489
GSTA1,GST,Rat,Thymus,22,0.0652901488480258,0.014586360201921441,0.2387335766271246
GSTA1,GST,Rat,Thyroid,5,0.0018165608730810589,0.001978082186315449,0.002721427998390952
GSTA1,GST,Rat,Undefined,3,0.01076143003291635,0.008124842965044602,0.022428145421462212
GSTA1,GST,Rat,UpperIleum,2,0.0036835230400620207,0.0036835230400620207,0.006160827076223489
GSTA1,GST,Rat,UpperJejunum,3,0.0023386619478820204,0.0025671453683421843,0.0028972089260434243
GSTA2,GST,Human,BloodCells,133,0.0022727736332634127,4.1283383604610787e-4,0.06232497672366321
GSTA2,GST,Human,Brain,138,3.257339669816419e-4,1.1630517858734839e-4,0.021874951600868164
GSTA2,GST,Human,Breasts,15,4.0296353682133565e-4,2.8617252215762753e-4,0.0017056336342559121
GSTA2,GST,Human,Caecum,28,0.017889238384834975,0.02016474631776762,0.043048424205781415
GSTA2,GST,Human,ColonAscendens,28,0.017889238384834975,0.02016474631776762,0.043048424205781415
GSTA2,GST,Human,ColonDescendens,28,0.017889238384834975,0.02016474631776762,0.043048424205781415
GSTA2,GST,Human,ColonSigmoid,64,0.007916550962043332,2.2393223007638696e-4,0.043048424205781415
GSTA2,GST,Human,ColonTransversum,97,0.005300591273949253,1.9605863503077724e-4,0.043048424205781415
GSTA2,GST,Human,Duodenum,24,0.06351343414376716,0.040241817889561646,0.1729299776952606
GSTA2,GST,Human,Embryo,3,0.008390473416836474,0.0018263404704852593,0.02160534584381038
GSTA2,GST,Human,Endometrium,40,6.505923349009496e-4,2.8219781047967175e-4,0.008545379122707995
GSTA2,GST,Human,Esophagus,4,0.015611151710593905,1.2827182816306184e-4,0.06207667506210008
GSTA2,GST,Human,Fat,111,2.553322610257566e-4,1.2352982218553972e-4,0.003482590024758247
GSTA2,GST,Human,GallBladder,7,0.17306302761909353,0.14773886648294746,0.32742540993991426
GSTA2,GST,Human,Gonads,299,0.02945755044996657,0.026896633175015883,0.1451398170399681
GSTA2,GST,Human,Heart,82,7.976749787749342e-4,4.986288984795555e-5,0.056043988695682695
GSTA2,GST,Human,Kidney,83,0.0985224198889847,0.05207815456302568,0.5944680696780875
GSTA2,GST,Human,LargeIntestine,141,0.0037067288967722704,1.6724556188277065e-4,0.043048424205781415
GSTA2,GST,Human,LowerIleum,20,0.05189788595089704,0.02972279047156374,0.1729299776952606
GSTA2,GST,Human,LowerJejunum,20,0.05189788595089704,0.02972279047156374,0.1729299776952606
GSTA2,GST,Human,Lung,49,0.00380315119206423,0.0010933504389737216,0.03151577783949869
GSTA2,GST,Human,LymphNode,83,0.02797906172022179,0.01827564685723885,0.15989911125832887
GSTA2,GST,Human,Muscle,56,1.1429313619341195e-4,4.988445618587159e-5,0.0013253380936334865
GSTA2,GST,Human,Myometrium,10,1.9748777910103967e-4,1.7189311536239065e-4,3.6427386968940223e-4
GSTA2,GST,Human,Pancreas,145,0.21040227215125457,0.16861442929110768,1
GSTA2,GST,Human,Pericentral,132,0.13780681116630406,0.07654703681161124,0.8857624262741423
GSTA2,GST,Human,Periportal,132,0.13780681116630406,0.07654703681161124,0.8857624262741423
GSTA2,GST,Human,Placenta,6,3.4003796579127287e-4,2.6361150115788084e-4,6.891500355151529e-4
GSTA2,GST,Human,Plasma,74,3.55474410765722e-4,1.3382008414258482e-4,0.013379389578656514
GSTA2,GST,Human,Rectum,30,0.01663137508374625,0.016698542096616142,0.043048424205781415
GSTA2,GST,Human,SalivaryGland,46,5.721141504233924e-4,4.436795514385967e-4,0.00337166553505346
GSTA2,GST,Human,Skin,72,3.2668292079077003e-4,1.6836986277795254e-4,0.004893358164990062
GSTA2,GST,Human,SmallIntestine,24,0.06351343414376716,0.040241817889561646,0.1729299776952606
GSTA2,GST,Human,Spleen,15,5.431372349527844e-4,3.273315591539457e-4,0.003944520300554924
GSTA2,GST,Human,Stomach,125,0.005394866079250252,0.0027421132362880243,0.04108911531940189
GSTA2,GST,Human,Thyroid,28,2.554620652440296e-4,2.3394483466093353e-4,7.350152969768766e-4
GSTA2,GST,Human,Undefined,56,0.01956759933787524,1.4850399795559888e-4,0.1482262141925072
GSTA2,GST,Human,UpperIleum,20,0.05189788595089704,0.02972279047156374,0.1729299776952606
GSTA2,GST,Human,UpperJejunum,20,0.05189788595089704,0.02972279047156374,0.1729299776952606
GSTM1,GST,Human,BloodCells,420,0.008430284235189477,0.005637049980829486,0.08632863015753288
GSTM1,GST,Human,Bone,12,0.008115667149468273,0.011908322488565286,0.018055250301830444
GSTM1,GST,Human,Brain,1447,0.007216305827739016,0.0038484564789639268,0.07131555895825381
GSTM1,GST,Human,Breasts,40,0.020660586731893023,0.01253000399196219,0.10474793441681318
GSTM1,GST,Human,Caecum,34,0.003815937393931662,0.0014105292447450612,0.0242290388550155
GSTM1,GST,Human,Cartilage,10,0.0075767317333853305,0.0068845508432872436,0.013171003635495475
GSTM1,GST,Human,ColonAscendens,34,0.003815937393931662,0.0014105292447450612,0.0242290388550155
GSTM1,GST,Human,ColonDescendens,34,0.003815937393931662,0.0014105292447450612,0.0242290388550155
GSTM1,GST,Human,ColonSigmoid,143,0.007453519702199669,0.0014186806936715432,0.0628262356991136
GSTM1,GST,Human,ColonTransversum,156,0.005370716528000784,0.00148896457572176,0.03232782324435015
GSTM1,GST,Human,Duodenum,27,0.0070561199334043916,0.003337841022759741,0.02936891525070418
GSTM1,GST,Human,Embryo,38,0.021093942636164,0.015121014878751709,0.13203098675827232
GSTM1,GST,Human,Endometrium,146,0.0349126638027093,0.011308548702490154,0.29401326905843217
GSTM1,GST,Human,Esophagus,15,0.007935394227091884,7.627584745266629e-4,0.029261432718781493
GSTM1,GST,Human,Eye,40,0.008034855768041391,0.004507056620657255,0.04732355243860303
GSTM1,GST,Human,Fat,704,0.00879439475809631,0.004243706633407488,0.07250784678821529
GSTM1,GST,Human,GallBladder,6,0.022351240870352465,0.024325995935136072,0.03706141545244949
GSTM1,GST,Human,Gonads,356,0.02263473582701928,0.012847388396941398,0.26506151391656807
GSTM1,GST,Human,Heart,295,0.003323404795919706,6.324803505144042e-4,0.039359081994164075
GSTM1,GST,Human,Kidney,90,0.009204892419175874,8.973049832596611e-4,0.07368862196133098
GSTM1,GST,Human,LargeIntestine,273,0.00680289543171318,0.0024226550906431,0.0628262356991136
GSTM1,GST,Human,LowerIleum,23,0.0071432353062750266,0.003337841022759741,0.02936891525070418
GSTM1,GST,Human,LowerJejunum,23,0.0071432353062750266,0.003337841022759741,0.02936891525070418
GSTM1,GST,Human,Lung,56,0.01123103365224004,0.005982381106161262,0.03876096420498066
GSTM1,GST,Human,LymphNode,94,0.008326934346756212,5.55617842872186e-4,0.04077494228249119
GSTM1,GST,Human,Muscle,390,0.00509115946130187,2.2174688194826378e-4,0.08758230775008993
GSTM1,GST,Human,Myometrium,57,0.08271748477014285,0.024448948937364854,1
GSTM1,GST,Human,Pancreas,133,0.00806357104103482,0.0029043822307950797,0.05503325154581524
GSTM1,GST,Human,Pericentral,121,0.036094145223037034,0.00935294383996186,0.24036868962413746
GSTM1,GST,Human,Periportal,121,0.036094145223037034,0.00935294383996186,0.24036868962413746
GSTM1,GST,Human,Placenta,10,0.004066912106044518,8.747930755426211e-4,0.011489556256684835
GSTM1,GST,Human,Plasma,314,0.00921294533741642,0.0063105334912166924,0.06438010562605362
GSTM1,GST,Human,Rectum,36,0.004422940116658365,0.0014105292447450612,0.0242290388550155
GSTM1,GST,Human,SalivaryGland,51,0.012741615364110831,0.008831261875020861,0.11977216904492004
GSTM1,GST,Human,Skin,436,0.01665188085517468,0.010038329052527873,0.18475699928994715
GSTM1,GST,Human,SmallIntestine,27,0.0070561199334043916,0.003337841022759741,0.02936891525070418
GSTM1,GST,Human,Spleen,83,0.026868514609279533,0.0153248627749108,0.2894103249010796
GSTM1,GST,Human,Stomach,141,0.00912175585193553,0.0017340679979666867,0.05691692752166313
GSTM1,GST,Human,Thyroid,197,0.008177645523534647,6.777433629607427e-4,0.0718561078549977
GSTM1,GST,Human,Undefined,308,0.011672411587394802,0.006727033930461814,0.14623362500698414
GSTM1,GST,Human,UpperIleum,23,0.0071432353062750266,0.003337841022759741,0.02936891525070418
GSTM1,GST,Human,UpperJejunum,23,0.0071432353062750266,0.003337841022759741,0.02936891525070418
GSTM1,GST,Rat,Brain,314,0.06455605241972369,0.0617682734757889,0.2398362980930324
GSTM1,GST,Rat,Caecum,18,0.02280195429580551,0.018946781231000086,0.06253490116550928
GSTM1,GST,Rat,ColonAscendens,18,0.02280195429580551,0.018946781231000086,0.06253490116550928
GSTM1,GST,Rat,ColonDescendens,18,0.02280195429580551,0.018946781231000086,0.06253490116550928
GSTM1,GST,Rat,ColonSigmoid,18,0.02280195429580551,0.018946781231000086,0.06253490116550928
GSTM1,GST,Rat,ColonTransversum,18,0.02280195429580551,0.018946781231000086,0.06253490116550928
GSTM1,GST,Rat,Duodenum,3,0.0064997640602969895,0.006627632838316537,0.008809280106833005
GSTM1,GST,Rat,Esophagus,3,0.02992302472669087,0.02948897395223388,0.030928717521248712
GSTM1,GST,Rat,Eye,6,0.04228380627269079,0.04397756871961263,0.047627487035238135
GSTM1,GST,Rat,Fat,7,0.04188445064049984,0.034891722274691346,0.08253050745348375
GSTM1,GST,Rat,Gonads,100,0.14372556629453773,0.10268149061626489,0.6256985823648475
GSTM1,GST,Rat,Heart,110,0.008946993294678589,0.008879161306761288,0.022878546144843245
GSTM1,GST,Rat,Kidney,104,0.02369183829586353,0.013269925989455953,0.08194470477117553
GSTM1,GST,Rat,LargeIntestine,18,0.02280195429580551,0.018946781231000086,0.06253490116550928
GSTM1,GST,Rat,LowerIleum,3,0.026974563984375262,0.015720120519288762,0.056663051076659934
GSTM1,GST,Rat,LowerJejunum,3,0.010614327255170272,0.009905941524888566,0.016223984788050868
GSTM1,GST,Rat,Lung,42,0.04530284276276614,0.03836190542459898,0.14417513705096993
GSTM1,GST,Rat,Muscle,164,0.004318866163656775,0.003820257715088883,0.013648327421096472
GSTM1,GST,Rat,Myometrium,16,0.05379917347928683,0.035328281401183534,0.38617575547232036
GSTM1,GST,Rat,Pancreas,3,0.02553504722851646,0.02825691116191228,0.041596493499273114
GSTM1,GST,Rat,Pericentral,145,0.19155431174916612,0.14360694192330592,0.6121324043433881
GSTM1,GST,Rat,Periportal,145,0.19155431174916612,0.14360694192330592,0.6121324043433881
GSTM1,GST,Rat,Rectum,18,0.02280195429580551,0.018946781231000086,0.06253490116550928
GSTM1,GST,Rat,Skin,8,0.023530630902829988,0.01944018824701815,0.042037161399204416
GSTM1,GST,Rat,SmallIntestine,9,0.01469621843328084,0.008809280106833005,0.056663051076659934
GSTM1,GST,Rat,Spleen,42,0.0336729325148052,0.02753446716486832,0.08596142707099262
GSTM1,GST,Rat,Stomach,3,0.04293109665838843,0.04009477444015472,0.05487942432699526
GSTM1,GST,Rat,Thymus,35,0.04371252429049858,0.04554437568159775,0.06779905388798083
GSTM1,GST,Rat,Thyroid,6,0.03666557700167746,0.034368674336948124,0.049500316703808986
GSTM1,GST,Rat,Undefined,14,0.7122510256044586,0.6418868233048629,1
GSTM1,GST,Rat,UpperIleum,3,0.026974563984375262,0.015720120519288762,0.056663051076659934
GSTM1,GST,Rat,UpperJejunum,3,0.010614327255170272,0.009905941524888566,0.016223984788050868
GSTM1,GST,Mouse,BloodCells,14,0.001337612495937499,5.162995082584752e-4,0.0062440347151184695
GSTM1,GST,Mouse,Bone,2,0.0029916543731782277,0.0029916543731782277,0.0030658096008700712
GSTM1,GST,Mouse,Brain,19,0.0013651134949614458,2.362380484343302e-4,0.011669468302482765
GSTM1,GST,Mouse,Breasts,1,4.352046534927078e-4,4.352046534927078e-4,4.352046534927078e-4
GSTM1,GST,Mouse,Caecum,29,0.06999457384177198,0.014186707517828032,0.6483048422238115
GSTM1,GST,Mouse,ColonAscendens,29,0.06999457384177198,0.014186707517828032,0.6483048422238115
GSTM1,GST,Mouse,ColonDescendens,29,0.06999457384177198,0.014186707517828032,0.6483048422238115
GSTM1,GST,Mouse,ColonSigmoid,31,0.06589121519043407,0.01333907235571976,0.6483048422238115
GSTM1,GST,Mouse,ColonTransversum,29,0.06999457384177198,0.014186707517828032,0.6483048422238115
GSTM1,GST,Mouse,Duodenum,136,0.4178140771937592,0.449762845809182,1
GSTM1,GST,Mouse,Embryo,32,0.0019021346989498253,0.0011271291277780968,0.011561942313447966
GSTM1,GST,Mouse,Esophagus,3,0.015333781501857881,0.0176641976489379,0.020131587382110423
GSTM1,GST,Mouse,Eye,1,2.1937720805406138e-4,2.1937720805406138e-4,2.1937720805406138e-4
GSTM1,GST,Mouse,Fat,50,0.005373474370028162,0.0010636741741313835,0.04569234582605079
GSTM1,GST,Mouse,Gonads,72,0.0012156117508585395,5.729497256813793e-4,0.006376845654984032
GSTM1,GST,Mouse,Heart,33,2.3574034224637413e-4,1.4778419801276182e-4,6.855372658734265e-4
GSTM1,GST,Mouse,Kidney,68,1.247270212723764e-4,7.450820056736554e-5,5.467288143166175e-4
GSTM1,GST,Mouse,LargeIntestine,31,0.06589121519043407,0.01333907235571976,0.6483048422238115
GSTM1,GST,Mouse,LowerIleum,132,0.4146528191913575,0.449762845809182,1
GSTM1,GST,Mouse,LowerJejunum,132,0.4171696797204354,0.449762845809182,1
GSTM1,GST,Mouse,Lung,93,0.0016618480070961109,9.764159111054578e-4,0.026755087617444367
GSTM1,GST,Mouse,Muscle,29,1.2886577317738313e-4,4.73550323624277e-5,9.902564118445217e-4
GSTM1,GST,Mouse,Pancreas,13,0.0016024217182796696,0.0013095841105397496,0.0030763213065859523
GSTM1,GST,Mouse,Pericentral,318,0.016900795366932703,0.010433346916569183,0.17093572305762286
GSTM1,GST,Mouse,Periportal,318,0.016900795366932703,0.010433346916569183,0.17093572305762286
GSTM1,GST,Mouse,Placenta,7,6.612701954483435e-4,3.354810732331116e-4,0.0017403676052004191
GSTM1,GST,Mouse,Plasma,3,6.976720429182174e-5,6.647977369054254e-5,7.78463344408454e-5
GSTM1,GST,Mouse,Rectum,29,0.06999457384177198,0.014186707517828032,0.6483048422238115
GSTM1,GST,Mouse,Skin,35,3.543378524670303e-4,2.338149310686258e-4,0.00281828099566312
GSTM1,GST,Mouse,SmallIntestine,142,0.40270471995770096,0.442416449889341,1
GSTM1,GST,Mouse,Spleen,6,0.003563212602564581,0.0013819243581073713,0.013924803193609106
GSTM1,GST,Mouse,Stomach,15,0.01467157578695798,0.01483332279751349,0.0321819804336163
GSTM1,GST,Mouse,Thymus,15,8.056027330758461e-4,6.793751509294611e-4,0.00325645573399236
GSTM1,GST,Mouse,Undefined,12,9.458935504889429e-4,5.552104874922113e-4,0.004343789291344703
GSTM1,GST,Mouse,UpperIleum,132,0.4146528191913575,0.449762845809182,1
GSTM1,GST,Mouse,UpperJejunum,132,0.4171696797204354,0.449762845809182,1
GSTM3,GST,Human,BloodCells,480,0.002813745235292377,0.002030384545217403,0.03288769178697491
GSTM3,GST,Human,Bone,17,0.0036087907570236176,0.0029621465817954466,0.008986795175887791
GSTM3,GST,Human,Brain,1616,0.027984676846439745,0.023190327695766635,0.2469020554980088
GSTM3,GST,Human,Breasts,41,0.03322608735427457,0.022836677694796113,0.13960047675320547
GSTM3,GST,Human,Caecum,41,0.01957609247492191,0.015857508995220905,0.06666651862658027
GSTM3,GST,Human,Cartilage,18,0.021820364524894362,0.01738847476243212,0.04147186871391623
GSTM3,GST,Human,ColonAscendens,41,0.01957609247492191,0.015857508995220905,0.06666651862658027
GSTM3,GST,Human,ColonDescendens,41,0.01957609247492191,0.015857508995220905,0.06666651862658027
GSTM3,GST,Human,ColonSigmoid,150,0.023295766309851695,0.0207829632175856,0.06954130073879292
GSTM3,GST,Human,ColonTransversum,163,0.014090292268550558,0.008943380808989394,0.07337920244769507
GSTM3,GST,Human,Duodenum,30,0.01716086592203323,0.018502560707222962,0.03740575463130819
GSTM3,GST,Human,Embryo,53,0.03987353231971352,0.03994151447088778,0.07544461814609235
GSTM3,GST,Human,Endometrium,163,0.062048675104638976,0.04117256721060501,0.31453185465454103
GSTM3,GST,Human,Esophagus,20,0.028252661369204398,0.025853321236629707,0.08257633315593789
GSTM3,GST,Human,Eye,47,0.030294219632696125,0.01699614197728726,0.164983006743755
GSTM3,GST,Human,Fat,770,0.021635942984986424,0.017882933380099164,0.09853050103483796
GSTM3,GST,Human,GallBladder,7,0.06215368715558331,0.03822418182440171,0.10758641863200455
GSTM3,GST,Human,Gonads,390,0.22220609286769688,0.07711426645983639,1
GSTM3,GST,Human,Heart,306,0.018606971163968943,0.01714807529486874,0.06161494330551838
GSTM3,GST,Human,Kidney,105,0.05623040898293109,0.05364511515729867,0.1809428702171186
GSTM3,GST,Human,LargeIntestine,281,0.018311737738552165,0.015375697850258541,0.07337920244769507
GSTM3,GST,Human,LowerIleum,26,0.01537963112368349,0.017200270389669713,0.03396626455419257
GSTM3,GST,Human,LowerJejunum,26,0.01537963112368349,0.017200270389669713,0.03396626455419257
GSTM3,GST,Human,Lung,69,0.020559452292712842,0.019385956214055054,0.052051656493280724
GSTM3,GST,Human,LymphNode,104,0.01207901671138092,0.008895491530377672,0.04481131679599725
GSTM3,GST,Human,Muscle,399,0.013131812317102356,0.011665428394077285,0.08639214408586433
GSTM3,GST,Human,Myometrium,58,0.12026743735113542,0.07264889145558802,0.9937831066071074
GSTM3,GST,Human,Pancreas,145,0.038304034145993815,0.03400916825948224,0.11068903256002612
GSTM3,GST,Human,Pericentral,130,0.0064546155075653555,0.00406081282875309,0.03626532842310565
GSTM3,GST,Human,Periportal,130,0.0064546155075653555,0.00406081282875309,0.03626532842310565
GSTM3,GST,Human,Placenta,10,0.01868593786918954,0.019409894267566015,0.028266070636303906
GSTM3,GST,Human,Plasma,315,0.02636805392880459,0.024745124915629704,0.06494828951018512
GSTM3,GST,Human,Rectum,40,0.021180752834760782,0.017200270389669713,0.06666651862658027
GSTM3,GST,Human,SalivaryGland,53,0.014267775935597278,0.00978525196020658,0.09153608079866025
GSTM3,GST,Human,Skin,443,0.03345603765134811,0.027936228304791668,0.1616335980119281
GSTM3,GST,Human,SmallIntestine,30,0.01716086592203323,0.018502560707222962,0.03740575463130819
GSTM3,GST,Human,Spleen,88,0.014127693678009104,0.010560750522095812,0.06000027076705504
GSTM3,GST,Human,Stomach,148,0.032632940321476685,0.02871806994366853,0.0957316610964946
GSTM3,GST,Human,Thyroid,203,0.02919732939171342,0.024900524012731625,0.09567210731531661
GSTM3,GST,Human,Undefined,319,0.03630045434519318,0.033636437440199174,0.10644894831252445
GSTM3,GST,Human,UpperIleum,26,0.01537963112368349,0.017200270389669713,0.03396626455419257
GSTM3,GST,Human,UpperJejunum,26,0.01537963112368349,0.017200270389669713,0.03396626455419257
GSTM3,GST,Macaque,BloodCells,2,7.309848863445581e-4,7.309848863445581e-4,9.120223960316062e-4
GSTM3,GST,Macaque,Brain,635,0.01456441123518472,0.012813750250786175,0.05467474108741835
GSTM3,GST,Macaque,Caecum,3,5.75413049896293e-4,6.508562886748783e-4,7.140048560064874e-4
GSTM3,GST,Macaque,ColonAscendens,3,5.75413049896293e-4,6.508562886748783e-4,7.140048560064874e-4
GSTM3,GST,Macaque,ColonDescendens,3,5.75413049896293e-4,6.508562886748783e-4,7.140048560064874e-4
GSTM3,GST,Macaque,ColonSigmoid,3,5.75413049896293e-4,6.508562886748783e-4,7.140048560064874e-4
GSTM3,GST,Macaque,ColonTransversum,3,5.75413049896293e-4,6.508562886748783e-4,7.140048560064874e-4
GSTM3,GST,Macaque,Eye,12,0.0035812521681110247,0.003452503616518828,0.00470161428572574
GSTM3,GST,Macaque,Fat,1,2.3413973729771858e-4,2.3413973729771858e-4,2.3413973729771858e-4
GSTM3,GST,Macaque,Fibroblast,10,1.9868338032084652e-4,1.814417313547694e-4,3.777159366428789e-4
GSTM3,GST,Macaque,Gonads,48,0.24695550005423775,0.18857498557133903,1
GSTM3,GST,Macaque,Heart,46,0.006947576703399665,0.005217823286095348,0.028290124961886952
GSTM3,GST,Macaque,Kidney,58,0.0016615726914028634,6.889364265082883e-4,0.008796197224235237
GSTM3,GST,Macaque,LargeIntestine,3,5.75413049896293e-4,6.508562886748783e-4,7.140048560064874e-4
GSTM3,GST,Macaque,Lung,11,0.005493165719060733,0.0064862099835110935,0.008911987610962836
GSTM3,GST,Macaque,Muscle,17,0.004456871750362158,0.004618737445532249,0.00911208739256291
GSTM3,GST,Macaque,Pericentral,81,2.474710973502657e-4,1.8362525983763113e-4,0.0019617398382875038
GSTM3,GST,Macaque,Periportal,81,2.474710973502657e-4,1.8362525983763113e-4,0.0019617398382875038
GSTM3,GST,Macaque,Rectum,3,5.75413049896293e-4,6.508562886748783e-4,7.140048560064874e-4
GSTM3,GST,Macaque,Spleen,7,0.001224712714931745,0.0010113849224200654,0.0020031015752479658
GSTM3,GST,Macaque,Undefined,34,0.009348391988815869,0.00893346514175836,0.02147476588918078
GSTM3,GST,Dog,BloodCells,2,0.003299970745847913,0.003299970745847913,0.004121365158603244
GSTM3,GST,Dog,Bone,1,0.03353933019671485,0.03353933019671485,0.03353933019671485
GSTM3,GST,Dog,Brain,44,0.04661967005243972,0.041536017621476476,0.11141912394032354
GSTM3,GST,Dog,Breasts,2,0.028479311738652025,0.028479311738652025,0.03265576353899983
GSTM3,GST,Dog,Caecum,13,0.00694118534018058,0.0040307532659586195,0.019416071438051356
GSTM3,GST,Dog,Cartilage,1,0.06239057813744197,0.06239057813744197,0.06239057813744197
GSTM3,GST,Dog,ColonAscendens,13,0.00694118534018058,0.0040307532659586195,0.019416071438051356
GSTM3,GST,Dog,ColonDescendens,13,0.00694118534018058,0.0040307532659586195,0.019416071438051356
GSTM3,GST,Dog,ColonSigmoid,13,0.00694118534018058,0.0040307532659586195,0.019416071438051356
GSTM3,GST,Dog,ColonTransversum,13,0.00694118534018058,0.0040307532659586195,0.019416071438051356
GSTM3,GST,Dog,Duodenum,2,0.007008247273506182,0.007008247273506182,0.007990902018651156
GSTM3,GST,Dog,Embryo,1,0.004031987276180894,0.004031987276180894,0.004031987276180894
GSTM3,GST,Dog,Eye,1,0.034067832657884906,0.034067832657884906,0.034067832657884906
GSTM3,GST,Dog,Fat,10,0.07864872306013583,0.06397649327547746,0.1290589048687499
GSTM3,GST,Dog,Gonads,25,0.7089074514973747,0.7857443738400703,1
GSTM3,GST,Dog,Heart,24,0.013690258072075885,0.0025173426856475705,0.0826128475557058
GSTM3,GST,Dog,Kidney,13,0.02368740240777713,0.0027807680953263257,0.15080697774202856
GSTM3,GST,Dog,LargeIntestine,13,0.00694118534018058,0.0040307532659586195,0.019416071438051356
GSTM3,GST,Dog,LowerIleum,2,0.007008247273506182,0.007008247273506182,0.007990902018651156
GSTM3,GST,Dog,LowerJejunum,3,0.008532685500919282,0.007990902018651156,0.01158156195574548
GSTM3,GST,Dog,Lung,15,0.16848633518698256,0.14680858202651456,0.3000523694305782
GSTM3,GST,Dog,LymphNode,4,0.013585920155689827,0.011090499009314464,0.02581547080118024
GSTM3,GST,Dog,Muscle,15,0.006180611977485142,9.405364434451424e-4,0.05492808740480593
GSTM3,GST,Dog,Pancreas,3,0.061108415007298,0.04202361770975351,0.10979157523654554
GSTM3,GST,Dog,Pericentral,28,0.059126855442219316,0.05127774051681021,0.18819802373092184
GSTM3,GST,Dog,Periportal,28,0.059126855442219316,0.05127774051681021,0.18819802373092184
GSTM3,GST,Dog,Placenta,1,0.003954036669340579,0.003954036669340579,0.003954036669340579
GSTM3,GST,Dog,Rectum,13,0.00694118534018058,0.0040307532659586195,0.019416071438051356
GSTM3,GST,Dog,SalivaryGland,1,0.026376839642355206,0.026376839642355206,0.026376839642355206
GSTM3,GST,Dog,Skin,25,0.05886557702414211,0.045419128405408626,0.23080372641772648
GSTM3,GST,Dog,SmallIntestine,3,0.008532685500919282,0.007990902018651156,0.01158156195574548
GSTM3,GST,Dog,Spleen,12,0.024793932404092306,0.019888193834515233,0.046163140330677054
GSTM3,GST,Dog,Stomach,2,0.010381331990671042,0.010381331990671042,0.014646061113173774
GSTM3,GST,Dog,Thymus,1,0.02962182358762774,0.02962182358762774,0.02962182358762774
GSTM3,GST,Dog,Thyroid,6,0.04729174710251365,0.03548431402302677,0.11744738373298624
GSTM3,GST,Dog,Tongue,1,0.0021354756693549985,0.0021354756693549985,0.0021354756693549985
GSTM3,GST,Dog,Undefined,10,0.15496213323030605,0.10041690652468083,0.4675163363683934
GSTM3,GST,Dog,UpperIleum,2,0.007008247273506182,0.007008247273506182,0.007990902018651156
GSTM3,GST,Dog,UpperJejunum,3,0.008532685500919282,0.007990902018651156,0.01158156195574548
GSTM3,GST,Rat,Brain,314,0.014192565136201957,0.013267929684595045,0.038696032979367335
GSTM3,GST,Rat,Caecum,18,0.005642683010258877,0.005343030897901514,0.015651562780899728
GSTM3,GST,Rat,ColonAscendens,18,0.005642683010258877,0.005343030897901514,0.015651562780899728
GSTM3,GST,Rat,ColonDescendens,18,0.005642683010258877,0.005343030897901514,0.015651562780899728
GSTM3,GST,Rat,ColonSigmoid,18,0.005642683010258877,0.005343030897901514,0.015651562780899728
GSTM3,GST,Rat,ColonTransversum,18,0.005642683010258877,0.005343030897901514,0.015651562780899728
GSTM3,GST,Rat,Duodenum,3,0.0027231913548588847,0.002171196038762816,0.00396715187826796
GSTM3,GST,Rat,Esophagus,3,0.005435703006138698,0.005366707883717898,0.006462811098821507
GSTM3,GST,Rat,Eye,6,0.011926625497174609,0.012480513265524615,0.013579603611164384
GSTM3,GST,Rat,Fat,7,0.005284592449055388,0.003922353505056261,0.011314051514157068
GSTM3,GST,Rat,Gonads,100,0.21893917870968388,0.04672528975401642,1
GSTM3,GST,Rat,Heart,110,0.004139109843856205,0.004107164431013922,0.008638329710585136
GSTM3,GST,Rat,Kidney,104,0.0064255847597532905,0.002273352351172697,0.02246677437826694
GSTM3,GST,Rat,LargeIntestine,18,0.005642683010258877,0.005343030897901514,0.015651562780899728
GSTM3,GST,Rat,LowerIleum,3,0.00636609207475625,0.007012008754782635,0.009258357231757735
GSTM3,GST,Rat,LowerJejunum,3,0.005847914387497501,0.004334623271153458,0.009943932805909137
GSTM3,GST,Rat,Lung,42,0.005472792841196912,0.005051413282016904,0.010944783196953365
GSTM3,GST,Rat,Muscle,164,0.004028044629951995,0.00372414530143789,0.011744042948505888
GSTM3,GST,Rat,Myometrium,16,0.04597762287336764,0.03245779580366168,0.21820544235413383
GSTM3,GST,Rat,Pancreas,3,0.005384548195678601,0.005197436795720177,0.006682261858367007
GSTM3,GST,Rat,Pericentral,144,0.0016360978388209177,4.0340272992474e-4,0.010873236332374457
GSTM3,GST,Rat,Periportal,144,0.0016360978388209177,4.0340272992474e-4,0.010873236332374457
GSTM3,GST,Rat,Rectum,18,0.005642683010258877,0.005343030897901514,0.015651562780899728
GSTM3,GST,Rat,Skin,8,0.003581268633359227,0.003232234860597452,0.005339680574042133
GSTM3,GST,Rat,SmallIntestine,9,0.004979065939037545,0.00396715187826796,0.009943932805909137
GSTM3,GST,Rat,Spleen,41,0.003880783303364216,0.004027992329917901,0.007989311637727318
GSTM3,GST,Rat,Stomach,3,0.0027831483466653458,0.0027595159876617386,0.002958416761833097
GSTM3,GST,Rat,Thymus,30,0.002164529185339613,0.0016453019969174354,0.006689021771216203
GSTM3,GST,Rat,Thyroid,6,0.0030913184358362057,0.0030826215441316397,0.003647919908651043
GSTM3,GST,Rat,Undefined,14,0.03767654175189864,0.03745085789039078,0.05097748043624665
GSTM3,GST,Rat,UpperIleum,3,0.00636609207475625,0.007012008754782635,0.009258357231757735
GSTM3,GST,Rat,UpperJejunum,3,0.005847914387497501,0.004334623271153458,0.009943932805909137
GSTM3,GST,Mouse,BloodCells,111,0.004444736584606192,0.003673607721540472,0.026249830562205707
GSTM3,GST,Mouse,Bone,211,0.004602169138838725,0.003619142321579795,0.04290708671989705
GSTM3,GST,Mouse,Brain,439,0.011643286714458495,0.012027118351962808,0.03433919653490947
GSTM3,GST,Mouse,Breasts,2,0.0018677021561752053,0.0018677021561752053,0.0023540127159933804
GSTM3,GST,Mouse,Caecum,36,0.004272680979021254,0.002709411863731961,0.012039285841102178
GSTM3,GST,Mouse,ColonAscendens,36,0.004272680979021254,0.002709411863731961,0.012039285841102178
GSTM3,GST,Mouse,ColonDescendens,36,0.004272680979021254,0.002709411863731961,0.012039285841102178
GSTM3,GST,Mouse,ColonSigmoid,38,0.004121872567603212,0.0025681235126507242,0.012039285841102178
GSTM3,GST,Mouse,ColonTransversum,36,0.004272680979021254,0.002709411863731961,0.012039285841102178
GSTM3,GST,Mouse,Duodenum,137,0.0020138276617266823,0.0011333067333137992,0.012039285841102178
GSTM3,GST,Mouse,Egg,6,0.02686301413115201,0.026043805278850078,0.03321525957592026
GSTM3,GST,Mouse,Embryo,88,0.010599925912429106,0.01002497237916539,0.02224586673595579
GSTM3,GST,Mouse,Esophagus,3,0.003529159116184633,0.0037958392881178044,0.004282348336416113
GSTM3,GST,Mouse,Eye,18,0.026290440410116037,0.025570257516325835,0.04919590715684615
GSTM3,GST,Mouse,Fat,232,0.004249446902166793,0.003770233829645088,0.01776911584120867
GSTM3,GST,Mouse,Gonads,240,0.07379170587587003,0.006659262664845681,1
GSTM3,GST,Mouse,Heart,243,0.002785977933011514,0.0027891753324246517,0.01302419153257622
GSTM3,GST,Mouse,Kidney,229,0.005819855786892307,0.005741583928910972,0.010648520442174549
GSTM3,GST,Mouse,LargeIntestine,38,0.004121872567603212,0.0025681235126507242,0.012039285841102178
GSTM3,GST,Mouse,LowerIleum,133,0.002015416341831252,0.001135669640714769,0.012039285841102178
GSTM3,GST,Mouse,LowerJejunum,133,0.0020073971491261044,0.0011333067333137992,0.012039285841102178
GSTM3,GST,Mouse,Lung,159,0.001906250080473538,0.0013156505106232067,0.009723530087622372
GSTM3,GST,Mouse,Muscle,288,0.0027636839403869496,0.002813333429303606,0.008743125341249627
GSTM3,GST,Mouse,Myometrium,2,0.007758873215876046,0.007758873215876046,0.007805380806218915
GSTM3,GST,Mouse,Pancreas,113,0.004199986721856313,0.004061325121845591,0.01157885341864465
GSTM3,GST,Mouse,Pericentral,315,0.0024093530458727964,5.117045593449576e-4,0.025734693311635
GSTM3,GST,Mouse,Periportal,315,0.0024093530458727964,5.117045593449576e-4,0.025734693311635
GSTM3,GST,Mouse,Placenta,13,0.0020850699263270274,0.0019385763688846806,0.0035440131607904738
GSTM3,GST,Mouse,Plasma,10,0.0038519541138037857,0.0038939445747284314,0.004818311612148683
GSTM3,GST,Mouse,Rectum,36,0.004272680979021254,0.002709411863731961,0.012039285841102178
GSTM3,GST,Mouse,Skin,241,0.004531598389126322,0.004170949046286599,0.024283069070453217
GSTM3,GST,Mouse,SmallIntestine,143,0.0019938035535478718,0.0011365750382723602,0.012039285841102178
GSTM3,GST,Mouse,Spleen,136,0.0031554415362073946,0.0023294350783962664,0.025739174080549
GSTM3,GST,Mouse,Stomach,15,0.0059315999679542255,0.006635112634652286,0.012183447987730023
GSTM3,GST,Mouse,Thymus,17,5.463618483901583e-4,4.025142574305354e-4,0.0021779791668671425
GSTM3,GST,Mouse,Thyroid,6,0.0031634520957595203,0.003256841682413858,0.0035743374626984238
GSTM3,GST,Mouse,Undefined,77,0.008292134370484965,0.009408782165210211,0.022475726653048377
GSTM3,GST,Mouse,UpperIleum,133,0.002015416341831252,0.001135669640714769,0.012039285841102178
GSTM3,GST,Mouse,UpperJejunum,133,0.0020073971491261044,0.0011333067333137992,0.012039285841102178
GSTP1,GST,Human,BloodCells,499,0.14711432780093092,0.13874476899949995,0.9246136528141699
GSTP1,GST,Human,Bone,18,0.26236153239158383,0.27000900403137706,0.36008621868219526
GSTP1,GST,Human,Brain,1620,0.07133124777576241,0.04940449010743957,0.6292184700018029
GSTP1,GST,Human,Breasts,41,0.12596829660563094,0.11899205291590569,0.26521801881935764
GSTP1,GST,Human,Caecum,41,0.09938001667995973,0.06367918249717822,0.3125975032681108
GSTP1,GST,Human,Cartilage,18,0.08437831663235842,0.08439779759097837,0.14278435075447252
GSTP1,GST,Human,ColonAscendens,41,0.09938001667995973,0.06367918249717822,0.3125975032681108
GSTP1,GST,Human,ColonDescendens,41,0.09938001667995973,0.06367918249717822,0.3125975032681108
GSTP1,GST,Human,ColonSigmoid,150,0.11674478371976593,0.11505846403959666,0.3125975032681108
GSTP1,GST,Human,ColonTransversum,163,0.09740384408067614,0.09117410049125318,0.3125975032681108
GSTP1,GST,Human,Duodenum,30,0.07582812559039337,0.07392577532901229,0.1932182416687893
GSTP1,GST,Human,Embryo,53,0.3339718049660619,0.2913335257318116,1
GSTP1,GST,Human,Endometrium,156,0.19218641691911234,0.19298742186403717,0.8517642734122305
GSTP1,GST,Human,Esophagus,21,0.4508937514468534,0.4543213094509696,0.8737647605280076
GSTP1,GST,Human,Eye,47,0.27560921058386606,0.2806001286532811,0.5062407624800941
GSTP1,GST,Human,Fat,770,0.0953254982724583,0.09036670109933183,0.3252024852449377
GSTP1,GST,Human,GallBladder,7,0.2896489989362136,0.28478130929256446,0.37143074757342875
GSTP1,GST,Human,Gonads,390,0.16890654763624505,0.0893500389463815,0.9551266650916461
GSTP1,GST,Human,Heart,306,0.0711599800646355,0.05052947381546092,0.4308268221429217
GSTP1,GST,Human,Kidney,105,0.15000527370539213,0.11892758894671368,0.4501206145546254
GSTP1,GST,Human,LargeIntestine,281,0.10859831069325969,0.1077770429426443,0.3125975032681108
GSTP1,GST,Human,LowerIleum,26,0.06853591288028221,0.0580046577703395,0.1932182416687893
GSTP1,GST,Human,LowerJejunum,26,0.06853591288028221,0.0580046577703395,0.1932182416687893
GSTP1,GST,Human,Lung,69,0.2584248164844148,0.28614333661772506,0.4464029675279235
GSTP1,GST,Human,LymphNode,104,0.12747463306513407,0.1013434130497142,0.4607465949498762
GSTP1,GST,Human,Muscle,400,0.04682542051095313,0.04188412094326167,0.2041663059750358
GSTP1,GST,Human,Myometrium,58,0.19177426750156187,0.18272176532854653,0.3005383292567773
GSTP1,GST,Human,Pancreas,145,0.11846778033816582,0.11682005281125905,0.3717000061290269
GSTP1,GST,Human,Pericentral,133,0.05910350137369075,0.0067762739388815526,0.4386279095008414
GSTP1,GST,Human,Periportal,133,0.05910350137369075,0.0067762739388815526,0.4386279095008414
GSTP1,GST,Human,Placenta,10,0.2620240840774425,0.2915218496649551,0.305894152163058
GSTP1,GST,Human,Plasma,315,0.22442762917171524,0.21879277158408927,0.5656474896085907
GSTP1,GST,Human,Rectum,40,0.10724825057542739,0.09168659306071061,0.3125975032681108
GSTP1,GST,Human,SalivaryGland,53,0.2289064650719338,0.1557072907721502,0.8743362339447034
GSTP1,GST,Human,Skin,443,0.3155071678535231,0.29675906363495513,0.970799956533847
GSTP1,GST,Human,SmallIntestine,30,0.07582812559039337,0.07392577532901229,0.1932182416687893
GSTP1,GST,Human,Spleen,88,0.16694183479892685,0.16318071457346683,0.3077378534033951
GSTP1,GST,Human,Stomach,149,0.12432351203845203,0.10672172697385358,0.5653286188283039
GSTP1,GST,Human,Thyroid,203,0.3092343202098788,0.28957592517840824,0.6890960904634834
GSTP1,GST,Human,Undefined,319,0.1696158958633541,0.15664279041784807,0.8591094426817427
GSTP1,GST,Human,UpperIleum,26,0.06853591288028221,0.0580046577703395,0.1932182416687893
GSTP1,GST,Human,UpperJejunum,26,0.06853591288028221,0.0580046577703395,0.1932182416687893
GSTP1,GST,Macaque,BloodCells,2,0.04613183567450591,0.04613183567450591,0.04660822063761258
GSTP1,GST,Macaque,Brain,635,0.11383521410859461,0.09653318940129393,0.3529373682932615
GSTP1,GST,Macaque,Caecum,3,0.2209967999224468,0.23115656998041684,0.2950528057512446
GSTP1,GST,Macaque,ColonAscendens,3,0.2209967999224468,0.23115656998041684,0.2950528057512446
GSTP1,GST,Macaque,ColonDescendens,3,0.2209967999224468,0.23115656998041684,0.2950528057512446
GSTP1,GST,Macaque,ColonSigmoid,3,0.2209967999224468,0.23115656998041684,0.2950528057512446
GSTP1,GST,Macaque,ColonTransversum,3,0.2209967999224468,0.23115656998041684,0.2950528057512446
GSTP1,GST,Macaque,Eye,12,0.06978573521165056,0.07304795737645081,0.09174265351853103
GSTP1,GST,Macaque,Fat,1,0.01058241924728386,0.01058241924728386,0.01058241924728386
GSTP1,GST,Macaque,Fibroblast,10,0.05786209475034158,0.055447201970920346,0.09421929512307722
GSTP1,GST,Macaque,Gonads,48,0.06635361056404591,0.03692114143886158,0.24918602393339903
GSTP1,GST,Macaque,Heart,46,0.03664520770837173,0.028043185068383394,0.12635557838976505
GSTP1,GST,Macaque,Kidney,58,0.10230132092389113,0.0928001222155365,0.31581040314823616
GSTP1,GST,Macaque,LargeIntestine,3,0.2209967999224468,0.23115656998041684,0.2950528057512446
GSTP1,GST,Macaque,LowerIleum,1,0.03290805831028952,0.03290805831028952,0.03290805831028952
GSTP1,GST,Macaque,Lung,11,0.3058964978083472,0.34228329834906374,0.5332999775941376
GSTP1,GST,Macaque,Muscle,17,0.07510454754552559,0.06792084494668789,0.2672733077533364
GSTP1,GST,Macaque,Pericentral,85,0.022833695851681813,0.019085864989919772,0.10009351621533126
GSTP1,GST,Macaque,Periportal,85,0.022833695851681813,0.019085864989919772,0.10009351621533126
GSTP1,GST,Macaque,Rectum,3,0.2209967999224468,0.23115656998041684,0.2950528057512446
GSTP1,GST,Macaque,SmallIntestine,1,0.03290805831028952,0.03290805831028952,0.03290805831028952
GSTP1,GST,Macaque,Spleen,7,0.13443975367638483,0.09083282571817775,0.2413181997196988
GSTP1,GST,Macaque,Undefined,34,0.41025119433577006,0.4889611691202622,1
GSTP1,GST,Macaque,UpperIleum,1,0.03290805831028952,0.03290805831028952,0.03290805831028952
GSTP1,GST,Dog,BloodCells,2,0.034209935119384874,0.034209935119384874,0.06520279823947109
GSTP1,GST,Dog,Bone,1,0.3492179113952423,0.3492179113952423,0.3492179113952423
GSTP1,GST,Dog,Brain,44,0.10371250523747139,0.09162139423038036,0.2573242099731158
GSTP1,GST,Dog,Breasts,2,0.11024064139139995,0.11024064139139995,0.11847029777759847
GSTP1,GST,Dog,Caecum,13,0.11468421036026345,0.10766178988430253,0.41268700709110007
GSTP1,GST,Dog,Cartilage,1,0.09484550923392998,0.09484550923392998,0.09484550923392998
GSTP1,GST,Dog,ColonAscendens,13,0.11468421036026345,0.10766178988430253,0.41268700709110007
GSTP1,GST,Dog,ColonDescendens,13,0.11468421036026345,0.10766178988430253,0.41268700709110007
GSTP1,GST,Dog,ColonSigmoid,13,0.11468421036026345,0.10766178988430253,0.41268700709110007
GSTP1,GST,Dog,ColonTransversum,13,0.11468421036026345,0.10766178988430253,0.41268700709110007
GSTP1,GST,Dog,Duodenum,2,0.14342705041705242,0.14342705041705242,0.21763257810316902
GSTP1,GST,Dog,Embryo,1,0.11446575370988679,0.11446575370988679,0.11446575370988679
GSTP1,GST,Dog,Eye,1,0.11032096434939008,0.11032096434939008,0.11032096434939008
GSTP1,GST,Dog,Fat,10,0.11557908316980076,0.10221716676360876,0.23746405414242247
GSTP1,GST,Dog,Gonads,25,0.036091373837332734,0.020457600602948375,0.13874850099993255
GSTP1,GST,Dog,Heart,24,0.047975683721891996,0.04042119712456713,0.19120146821082906
GSTP1,GST,Dog,Kidney,13,0.16829188049490362,0.15407274652728953,0.2580267082072956
GSTP1,GST,Dog,LargeIntestine,13,0.11468421036026345,0.10766178988430253,0.41268700709110007
GSTP1,GST,Dog,LowerIleum,2,0.14342705041705242,0.14342705041705242,0.21763257810316902
GSTP1,GST,Dog,LowerJejunum,3,0.15141473922112456,0.16739011682926883,0.21763257810316902
GSTP1,GST,Dog,Lung,15,0.1703474891701241,0.14926400797056627,0.3569673351321595
GSTP1,GST,Dog,LymphNode,5,0.042812822337584586,0.04037036222648528,0.06496996744517086
GSTP1,GST,Dog,Muscle,15,0.026204855378617598,0.022035567634365507,0.058360774598081824
GSTP1,GST,Dog,Pancreas,3,0.045480954497586934,0.03849597218363916,0.0697176447330228
GSTP1,GST,Dog,Pericentral,28,0.1542389550587109,0.12007761494028418,0.42169913145084176
GSTP1,GST,Dog,Periportal,28,0.1542389550587109,0.12007761494028418,0.42169913145084176
GSTP1,GST,Dog,Placenta,1,0.3638300929603411,0.3638300929603411,0.3638300929603411
GSTP1,GST,Dog,Rectum,13,0.11468421036026345,0.10766178988430253,0.41268700709110007
GSTP1,GST,Dog,SalivaryGland,1,0.06724097642408697,0.06724097642408697,0.06724097642408697
GSTP1,GST,Dog,Skin,25,0.09776238467078481,0.061360204385615215,1
GSTP1,GST,Dog,SmallIntestine,3,0.15141473922112456,0.16739011682926883,0.21763257810316902
GSTP1,GST,Dog,Spleen,12,0.12760864378622813,0.12795503344410986,0.18106995562084283
GSTP1,GST,Dog,Stomach,2,0.11051862386863932,0.11051862386863932,0.13850674540347427
GSTP1,GST,Dog,Thymus,1,0.034070054611210605,0.034070054611210605,0.034070054611210605
GSTP1,GST,Dog,Thyroid,6,0.5142516764749457,0.5560719889622356,0.760103218066399
GSTP1,GST,Dog,Tongue,1,0.047868366481784566,0.047868366481784566,0.047868366481784566
GSTP1,GST,Dog,Undefined,10,0.07693303484700423,0.07115411405213073,0.1237094022421134
GSTP1,GST,Dog,UpperIleum,2,0.14342705041705242,0.14342705041705242,0.21763257810316902
GSTP1,GST,Dog,UpperJejunum,3,0.15141473922112456,0.16739011682926883,0.21763257810316902
GSTP1,GST,Rat,Brain,314,0.06960187454193491,0.06229645672528271,0.19479684017868668
GSTP1,GST,Rat,Caecum,18,0.17344049576658027,0.13576558380240683,1
GSTP1,GST,Rat,ColonAscendens,18,0.17344049576658027,0.13576558380240683,1
GSTP1,GST,Rat,ColonDescendens,18,0.17344049576658027,0.13576558380240683,1
GSTP1,GST,Rat,ColonSigmoid,18,0.17344049576658027,0.13576558380240683,1
GSTP1,GST,Rat,ColonTransversum,18,0.17344049576658027,0.13576558380240683,1
GSTP1,GST,Rat,Duodenum,3,0.19434498106535605,0.21648392882251413,0.23943690142517732
GSTP1,GST,Rat,Esophagus,3,0.04001412512587446,0.041068072005919234,0.042621448847514724
GSTP1,GST,Rat,Eye,6,0.06176158764618421,0.062410412038546054,0.06704922851633471
GSTP1,GST,Rat,Fat,7,0.12510436053004462,0.13068650715025068,0.21357256643548883
GSTP1,GST,Rat,Gonads,100,0.10104414652220065,0.09736568941060175,0.577855783891601
GSTP1,GST,Rat,Heart,110,0.04311701238041573,0.04404801363589524,0.10893567302742943
GSTP1,GST,Rat,Kidney,104,0.10855893684284491,0.10076416066443622,0.35709634149489783
GSTP1,GST,Rat,LargeIntestine,18,0.17344049576658027,0.13576558380240683,1
GSTP1,GST,Rat,LowerIleum,3,0.1544293278950673,0.16408054892500434,0.21762330878931246
GSTP1,GST,Rat,LowerJejunum,3,0.17621247872333096,0.1814601203593914,0.2257147129474152
GSTP1,GST,Rat,Lung,42,0.1950062252474424,0.1774009379742167,0.34860076869306417
GSTP1,GST,Rat,Muscle,164,0.024037898861139998,0.02336900435870822,0.04559380122511533
GSTP1,GST,Rat,Myometrium,16,0.14665624711119424,0.14944064650261135,0.20864767471988807
GSTP1,GST,Rat,Pancreas,3,0.21819490449697615,0.23598826816843377,0.2429616638317048
GSTP1,GST,Rat,Pericentral,145,0.030548762536361584,0.008474202035341364,0.2034511666758424
GSTP1,GST,Rat,Periportal,145,0.030548762536361584,0.008474202035341364,0.2034511666758424
GSTP1,GST,Rat,Rectum,18,0.17344049576658027,0.13576558380240683,1
GSTP1,GST,Rat,Skin,8,0.1188155993186598,0.06580626899598788,0.3205579690976061
GSTP1,GST,Rat,SmallIntestine,9,0.17499559589458477,0.1814601203593914,0.23943690142517732
GSTP1,GST,Rat,Spleen,42,0.1711170730630965,0.1662932253553956,0.4790949862020523
GSTP1,GST,Rat,Stomach,3,0.16160628181357323,0.16551286140453947,0.1663669031875438
GSTP1,GST,Rat,Thymus,35,0.24035732624439385,0.26321597710292033,0.33387876229116875
GSTP1,GST,Rat,Thyroid,6,0.19706633778025423,0.21913747028394132,0.27237084002212536
GSTP1,GST,Rat,Undefined,14,0.12655600208459258,0.1512564569177564,0.19549971572217034
GSTP1,GST,Rat,UpperIleum,3,0.1544293278950673,0.16408054892500434,0.21762330878931246
GSTP1,GST,Rat,UpperJejunum,3,0.17621247872333096,0.1814601203593914,0.2257147129474152
GSTP1,GST,Mouse,BloodCells,103,0.0030449483547165096,0.0024116962532980007,0.010666979714573211
GSTP1,GST,Mouse,Bone,193,0.005298635729908594,0.004158663925243539,0.01932837213277491
GSTP1,GST,Mouse,Brain,406,0.004404270909994859,0.0015598209419659084,0.2530499637399739
GSTP1,GST,Mouse,Breasts,2,0.012712933928063181,0.012712933928063181,0.01873096773177454
GSTP1,GST,Mouse,Caecum,36,0.019306953664432972,0.010627631323623644,0.12256402666771742
GSTP1,GST,Mouse,ColonAscendens,36,0.019306953664432972,0.010627631323623644,0.12256402666771742
GSTP1,GST,Mouse,ColonDescendens,36,0.019306953664432972,0.010627631323623644,0.12256402666771742
GSTP1,GST,Mouse,ColonSigmoid,38,0.018698428503018862,0.010627631323623644,0.12256402666771742
GSTP1,GST,Mouse,ColonTransversum,36,0.019306953664432972,0.010627631323623644,0.12256402666771742
GSTP1,GST,Mouse,Duodenum,137,0.0381865858452743,0.03897758685579737,0.06831421298159655
GSTP1,GST,Mouse,Egg,6,0.006700531380292769,0.006571555766455179,0.012818536068385018
GSTP1,GST,Mouse,Embryo,76,0.004149363189417435,0.002052909193995133,0.024406793291973174
GSTP1,GST,Mouse,Esophagus,3,0.026891957354976685,0.028934795869466817,0.035321500035513445
GSTP1,GST,Mouse,Eye,18,0.018339083218562022,0.01868188175411875,0.039976939107804366
GSTP1,GST,Mouse,Fat,232,0.0074348226747404525,0.0068848152990418285,0.023480747196646418
GSTP1,GST,Mouse,Gonads,225,0.00582264431272073,0.00500832738112763,0.031118314684708492
GSTP1,GST,Mouse,Heart,242,0.002816287542605993,0.0022735493521720456,0.02379098241766391
GSTP1,GST,Mouse,Kidney,226,0.002628626786483998,0.001385447969510618,0.034986539710254644
GSTP1,GST,Mouse,LargeIntestine,38,0.018698428503018862,0.010627631323623644,0.12256402666771742
GSTP1,GST,Mouse,LowerIleum,133,0.03715198670696311,0.03889087776165261,0.06831421298159655
GSTP1,GST,Mouse,LowerJejunum,133,0.037231133751865764,0.03889087776165261,0.06831421298159655
GSTP1,GST,Mouse,Lung,158,0.007262257916847822,0.006718940808316877,0.033585223731324935
GSTP1,GST,Mouse,Muscle,286,0.010546722043451223,0.011176171193303788,0.03217366919034086
GSTP1,GST,Mouse,Myometrium,2,0.00972767537434696,0.00972767537434696,0.018537672242021182
GSTP1,GST,Mouse,Pancreas,99,0.025370030117857628,0.020359818458860892,0.14868729808531597
GSTP1,GST,Mouse,Pericentral,324,0.024294586863659828,0.006223084911262394,1
GSTP1,GST,Mouse,Periportal,324,0.024294586863659828,0.006223084911262394,1
GSTP1,GST,Mouse,Placenta,13,0.0027274727630123958,0.0021068090280998643,0.010738954971467886
GSTP1,GST,Mouse,Plasma,10,0.013052166835095344,0.012251537681704502,0.034714924525651725
GSTP1,GST,Mouse,Rectum,36,0.019306953664432972,0.010627631323623644,0.12256402666771742
GSTP1,GST,Mouse,Skin,241,0.007675909866813034,0.00571715137514133,0.027282569702772323
GSTP1,GST,Mouse,SmallIntestine,143,0.037269659139788525,0.03880964580701429,0.06831421298159655
GSTP1,GST,Mouse,Spleen,133,0.005705965748577967,0.003883876710948597,0.04945353470609089
GSTP1,GST,Mouse,Stomach,15,0.019986877792771224,0.014135096494750723,0.06928969446326104
GSTP1,GST,Mouse,Thymus,17,0.005770939348904642,0.006000183248876426,0.013286353472040975
GSTP1,GST,Mouse,Thyroid,6,0.007540090278978434,0.007464086744906882,0.009459049210767257
GSTP1,GST,Mouse,Undefined,66,0.0032305816669287043,0.001396680069863241,0.026348799138183047
GSTP1,GST,Mouse,UpperIleum,133,0.03715198670696311,0.03889087776165261,0.06831421298159655
GSTP1,GST,Mouse,UpperJejunum,133,0.037231133751865764,0.03889087776165261,0.06831421298159655
SLC10A1,SLC,Human,BloodCells,330,0.013368576152588352,0.0027502299675251623,0.16610224349314026
SLC10A1,SLC,Human,Bone,9,0.011563536712249725,0.002672010608465835,0.04656193868265289
SLC10A1,SLC,Human,Brain,639,0.002687696715163738,0.001123320494029426,0.12893499047275706
SLC10A1,SLC,Human,Breasts,10,8.484730779593432e-4,7.019640254058177e-4,0.0014509658165985874
SLC10A1,SLC,Human,Caecum,28,0.006454450841035392,0.003678367816918747,0.020940816526441076
SLC10A1,SLC,Human,Cartilage,12,0.06756319921206332,0.07028398474173439,0.11600120450266924
SLC10A1,SLC,Human,ColonAscendens,28,0.006454450841035392,0.003678367816918747,0.020940816526441076
SLC10A1,SLC,Human,ColonDescendens,28,0.006454450841035392,0.003678367816918747,0.020940816526441076
SLC10A1,SLC,Human,ColonSigmoid,65,0.0031486635262849877,7.04347257263011e-4,0.020940816526441076
SLC10A1,SLC,Human,ColonTransversum,123,0.0020472531296691046,6.832619345041565e-4,0.020940816526441076
SLC10A1,SLC,Human,Duodenum,15,0.007349180601675332,0.004795696742369341,0.024890812687087597
SLC10A1,SLC,Human,Embryo,9,0.00807831774974053,0.0025983505743588753,0.025612637386778304
SLC10A1,SLC,Human,Endometrium,53,0.0016072195743787906,0.0012254941701664033,0.011149864312531298
SLC10A1,SLC,Human,Esophagus,5,8.708541395525478e-4,9.56145159088109e-4,0.001165658508305389
SLC10A1,SLC,Human,Eye,19,0.0017772418293017578,0.0014486023716318893,0.008843699705093093
SLC10A1,SLC,Human,Fat,268,9.252130592757791e-4,6.625892297722478e-4,0.023042539845502277
SLC10A1,SLC,Human,GallBladder,7,0.003097125635753245,0.0021270267175365213,0.006191922595758654
SLC10A1,SLC,Human,Gonads,146,0.002621440194500535,0.0018638093881042507,0.0429118418792664
SLC10A1,SLC,Human,Heart,91,8.246851314832516e-4,2.3671217357397107e-4,0.02352040125620113
SLC10A1,SLC,Human,Kidney,28,0.0022244937446913586,8.661178421743593e-4,0.022185660177863005
SLC10A1,SLC,Human,LargeIntestine,165,0.0017190355627481194,6.628298403248847e-4,0.020940816526441076
SLC10A1,SLC,Human,LowerIleum,14,0.007795309731327426,0.005519696582876301,0.024890812687087597
SLC10A1,SLC,Human,LowerJejunum,14,0.007795309731327426,0.005519696582876301,0.024890812687087597
SLC10A1,SLC,Human,Lung,40,0.0034803671367637525,0.0012435873306424106,0.030353583539924667
SLC10A1,SLC,Human,LymphNode,71,0.001412376718045564,8.309564842524164e-4,0.013829084663869912
SLC10A1,SLC,Human,Muscle,86,6.069761337122177e-4,2.715584527127602e-4,0.014914375327709915
SLC10A1,SLC,Human,Myometrium,11,0.004177610035357637,7.244659338385258e-4,0.036504768768218086
SLC10A1,SLC,Human,Pancreas,54,0.0010770430297086704,9.032454463321726e-4,0.0036726035182064153
SLC10A1,SLC,Human,Pericentral,132,0.21323607125426003,0.12108451460559044,1
SLC10A1,SLC,Human,Periportal,132,0.21323607125426003,0.12108451460559044,1
SLC10A1,SLC,Human,Placenta,4,9.415198723337103e-4,8.803877587305262e-4,0.0016227748501095854
SLC10A1,SLC,Human,Plasma,69,7.22823862279403e-4,5.926531746497029e-4,0.0033634151520795003
SLC10A1,SLC,Human,Rectum,32,0.005755084331317361,0.0027953010417931237,0.020940816526441076
SLC10A1,SLC,Human,SalivaryGland,34,0.0011134405294314724,9.765650881829395e-4,0.004724726513321965
SLC10A1,SLC,Human,Skin,113,0.003303676646167228,8.716952794462425e-4,0.08335514103909387
SLC10A1,SLC,Human,SmallIntestine,15,0.007349180601675332,0.004795696742369341,0.024890812687087597
SLC10A1,SLC,Human,Spleen,65,0.00269881838396875,0.0012599017121309559,0.05918496500044849
SLC10A1,SLC,Human,Stomach,88,0.001487685226976397,6.212342579411647e-4,0.02177763636446497
SLC10A1,SLC,Human,Thyroid,62,0.0015728781934333212,0.001159313679992253,0.012797273832911484
SLC10A1,SLC,Human,Undefined,99,0.002571492779481362,8.036370585270467e-4,0.028709840978093898
SLC10A1,SLC,Human,UpperIleum,14,0.007795309731327426,0.005519696582876301,0.024890812687087597
SLC10A1,SLC,Human,UpperJejunum,14,0.007795309731327426,0.005519696582876301,0.024890812687087597
SLC10A1,SLC,Macaque,BloodCells,2,0.04965614461010666,0.04965614461010666,0.05261735118568122
SLC10A1,SLC,Macaque,Brain,464,0.0025720499962507614,0.0015647444187918671,0.03298111245657186
SLC10A1,SLC,Macaque,Caecum,1,0.001244518888290335,0.001244518888290335,0.001244518888290335
SLC10A1,SLC,Macaque,ColonAscendens,1,0.001244518888290335,0.001244518888290335,0.001244518888290335
SLC10A1,SLC,Macaque,ColonDescendens,1,0.001244518888290335,0.001244518888290335,0.001244518888290335
SLC10A1,SLC,Macaque,ColonSigmoid,1,0.001244518888290335,0.001244518888290335,0.001244518888290335
SLC10A1,SLC,Macaque,ColonTransversum,1,0.001244518888290335,0.001244518888290335,0.001244518888290335
SLC10A1,SLC,Macaque,Eye,12,0.01747146548796265,0.017436660655647727,0.021933901937843697
SLC10A1,SLC,Macaque,Fat,1,9.544539565601277e-5,9.544539565601277e-5,9.544539565601277e-5
SLC10A1,SLC,Macaque,Fibroblast,4,3.72621498783457e-4,3.379073617934763e-4,6.632465911771602e-4
SLC10A1,SLC,Macaque,Gonads,39,0.008298243146986312,0.005567208291251427,0.04159398852509863
SLC10A1,SLC,Macaque,Heart,36,0.0014849544529986916,5.199391062739739e-4,0.010419160648819821
SLC10A1,SLC,Macaque,Kidney,35,0.0021532580152420345,7.433069525814952e-4,0.042834044650924163
SLC10A1,SLC,Macaque,LargeIntestine,1,0.001244518888290335,0.001244518888290335,0.001244518888290335
SLC10A1,SLC,Macaque,LowerIleum,1,0.017733027784551176,0.017733027784551176,0.017733027784551176
SLC10A1,SLC,Macaque,Lung,9,0.010838806285335576,0.01086473083270179,0.023261744795568917
SLC10A1,SLC,Macaque,Muscle,13,0.00365887885744179,0.0014341869531598703,0.01229736738502575
SLC10A1,SLC,Macaque,Pericentral,85,0.40372991757971594,0.39182742993700986,1
SLC10A1,SLC,Macaque,Periportal,85,0.40372991757971594,0.39182742993700986,1
SLC10A1,SLC,Macaque,Rectum,1,0.001244518888290335,0.001244518888290335,0.001244518888290335
SLC10A1,SLC,Macaque,SmallIntestine,1,0.017733027784551176,0.017733027784551176,0.017733027784551176
SLC10A1,SLC,Macaque,Spleen,5,0.00357473018870649,0.0038595391877223567,0.0059018789226522005
SLC10A1,SLC,Macaque,Undefined,9,0.0029231300146139415,0.002896670271739969,0.005147118589934048
SLC10A1,SLC,Macaque,UpperIleum,1,0.017733027784551176,0.017733027784551176,0.017733027784551176
SLC10A1,SLC,Dog,BloodCells,2,0.005089329968626585,0.005089329968626585,0.00718685963728328
SLC10A1,SLC,Dog,Brain,13,0.008126166867846712,0.002035178168710839,0.030925157308741787
SLC10A1,SLC,Dog,Caecum,5,4.5661404557153254e-4,4.277222029950544e-4,7.631876146571383e-4
SLC10A1,SLC,Dog,ColonAscendens,5,4.5661404557153254e-4,4.277222029950544e-4,7.631876146571383e-4
SLC10A1,SLC,Dog,ColonDescendens,5,4.5661404557153254e-4,4.277222029950544e-4,7.631876146571383e-4
SLC10A1,SLC,Dog,ColonSigmoid,5,4.5661404557153254e-4,4.277222029950544e-4,7.631876146571383e-4
SLC10A1,SLC,Dog,ColonTransversum,5,4.5661404557153254e-4,4.277222029950544e-4,7.631876146571383e-4
SLC10A1,SLC,Dog,Duodenum,1,6.577244638232097e-4,6.577244638232097e-4,6.577244638232097e-4
SLC10A1,SLC,Dog,Fat,4,0.01919697574190447,0.02291754586243104,0.030206756121846083
SLC10A1,SLC,Dog,Gonads,4,0.027995818772311953,0.035203887988527735,0.039988552993971235
SLC10A1,SLC,Dog,Heart,7,0.0014435401465320483,0.0010330566854674583,0.00245208171687359
SLC10A1,SLC,Dog,Kidney,7,0.0021687265058251194,6.850896899649495e-4,0.006064797357094934
SLC10A1,SLC,Dog,LargeIntestine,5,4.5661404557153254e-4,4.277222029950544e-4,7.631876146571383e-4
SLC10A1,SLC,Dog,LowerIleum,1,6.577244638232097e-4,6.577244638232097e-4,6.577244638232097e-4
SLC10A1,SLC,Dog,LowerJejunum,1,6.577244638232097e-4,6.577244638232097e-4,6.577244638232097e-4
SLC10A1,SLC,Dog,Lung,4,0.014031635800130468,0.015423531060105973,0.023783341871231243
SLC10A1,SLC,Dog,LymphNode,4,0.04829717916617942,0.04619452311037981,0.08170778482147929
SLC10A1,SLC,Dog,Muscle,9,0.00549967421369192,0.004853616725349092,0.013515506388512694
SLC10A1,SLC,Dog,Pancreas,2,0.003973441805852436,0.003973441805852436,0.007240533585654493
SLC10A1,SLC,Dog,Pericentral,28,0.4220680084052774,0.4751787451362638,1
SLC10A1,SLC,Dog,Periportal,28,0.4220680084052774,0.4751787451362638,1
SLC10A1,SLC,Dog,Rectum,5,4.5661404557153254e-4,4.277222029950544e-4,7.631876146571383e-4
SLC10A1,SLC,Dog,Skin,9,0.09984639107701339,0.10266760249904551,0.13509695667826596
SLC10A1,SLC,Dog,SmallIntestine,1,6.577244638232097e-4,6.577244638232097e-4,6.577244638232097e-4
SLC10A1,SLC,Dog,Spleen,7,0.00640384802762932,0.0022766008011070008,0.015666513206901996
SLC10A1,SLC,Dog,Stomach,1,6.430329470499804e-4,6.430329470499804e-4,6.430329470499804e-4
SLC10A1,SLC,Dog,Thyroid,4,0.0017580658578185142,0.0017206387067872685,0.0022211805491162803
SLC10A1,SLC,Dog,Tongue,1,8.905441074181741e-4,8.905441074181741e-4,8.905441074181741e-4
SLC10A1,SLC,Dog,UpperIleum,1,6.577244638232097e-4,6.577244638232097e-4,6.577244638232097e-4
SLC10A1,SLC,Dog,UpperJejunum,1,6.577244638232097e-4,6.577244638232097e-4,6.577244638232097e-4
SLC10A1,SLC,Rat,Brain,277,0.005522545239511709,0.003527813799946299,0.03885076884875344
SLC10A1,SLC,Rat,Caecum,18,0.0031029828679765815,0.0023834799883108463,0.011427815372023647
SLC10A1,SLC,Rat,ColonAscendens,18,0.0031029828679765815,0.0023834799883108463,0.011427815372023647
SLC10A1,SLC,Rat,ColonDescendens,18,0.0031029828679765815,0.0023834799883108463,0.011427815372023647
SLC10A1,SLC,Rat,ColonSigmoid,18,0.0031029828679765815,0.0023834799883108463,0.011427815372023647
SLC10A1,SLC,Rat,ColonTransversum,18,0.0031029828679765815,0.0023834799883108463,0.011427815372023647
SLC10A1,SLC,Rat,Duodenum,3,4.158711860270265e-4,4.6738447986438287e-4,5.150543119473729e-4
SLC10A1,SLC,Rat,Esophagus,2,0.0013117971111885557,0.0013117971111885557,0.0018750919281801902
SLC10A1,SLC,Rat,Eye,6,0.007468180966108005,0.0067802489200008,0.013246872407847022
SLC10A1,SLC,Rat,Fat,7,0.0034647665187946333,0.003357185362938357,0.004993892443803686
SLC10A1,SLC,Rat,Gonads,72,0.006601537041164358,0.0029372430756676262,0.050922695502878056
SLC10A1,SLC,Rat,Heart,97,0.0036928241361887985,0.0018635412892258883,0.014879074332167237
SLC10A1,SLC,Rat,Kidney,104,0.005616550735084048,0.002411965458283813,0.10630987670367632
SLC10A1,SLC,Rat,LargeIntestine,18,0.0031029828679765815,0.0023834799883108463,0.011427815372023647
SLC10A1,SLC,Rat,LowerIleum,3,0.0013449845052196465,0.0010494034197795759,0.0023973319482756264
SLC10A1,SLC,Rat,LowerJejunum,3,8.624348403244337e-4,9.684879697193509e-4,9.741950902473766e-4
SLC10A1,SLC,Rat,Lung,41,0.034818247373866934,0.02447367417924875,0.35040227535960333
SLC10A1,SLC,Rat,Muscle,147,0.0017101558861407245,4.254155617893929e-4,0.01475918725353373
SLC10A1,SLC,Rat,Myometrium,16,0.04802866794667171,0.0356190316353841,0.12549642304988168
SLC10A1,SLC,Rat,Pancreas,2,0.0034730876524971853,0.0034730876524971853,0.004076485697519929
SLC10A1,SLC,Rat,Pericentral,145,0.4320888952980733,0.5153106296887667,1
SLC10A1,SLC,Rat,Periportal,145,0.4320888952980733,0.5153106296887667,1
SLC10A1,SLC,Rat,Rectum,18,0.0031029828679765815,0.0023834799883108463,0.011427815372023647
SLC10A1,SLC,Rat,Skin,8,0.003583973684747658,0.0016970532138406982,0.008605363259418084
SLC10A1,SLC,Rat,SmallIntestine,9,8.74430177190369e-4,6.446214610065735e-4,0.0023973319482756264
SLC10A1,SLC,Rat,Spleen,42,0.03483324330363791,0.04181727926233249,0.07542385531867621
SLC10A1,SLC,Rat,Stomach,3,0.001283423023634079,0.0011740083121071089,0.0015775498453682647
SLC10A1,SLC,Rat,Thymus,35,0.03744916127122874,0.043078335986620586,0.06869895929342004
SLC10A1,SLC,Rat,Thyroid,6,0.005550025392894082,0.0035610131598953895,0.01652146425170617
SLC10A1,SLC,Rat,Undefined,4,0.004534589534939243,8.398664039017832e-4,0.015798264067084285
SLC10A1,SLC,Rat,UpperIleum,3,0.0013449845052196465,0.0010494034197795759,0.0023973319482756264
SLC10A1,SLC,Rat,UpperJejunum,3,8.624348403244337e-4,9.684879697193509e-4,9.741950902473766e-4
SLC10A1,SLC,Mouse,BloodCells,61,0.0035189511867536965,0.0022254129640151485,0.021478363072445158
SLC10A1,SLC,Mouse,Bone,174,0.017093756585510236,0.012200417108745146,0.09871790968405467
SLC10A1,SLC,Mouse,Brain,341,0.0023986699915928256,9.14077565855402e-4,0.05214003265200794
SLC10A1,SLC,Mouse,Breasts,2,0.0031708098367889412,0.0031708098367889412,0.0059319520407587235
SLC10A1,SLC,Mouse,Caecum,31,6.222207391882164e-4,5.248232048009939e-4,0.0019591188903436345
SLC10A1,SLC,Mouse,ColonAscendens,31,6.222207391882164e-4,5.248232048009939e-4,0.0019591188903436345
SLC10A1,SLC,Mouse,ColonDescendens,31,6.222207391882164e-4,5.248232048009939e-4,0.0019591188903436345
SLC10A1,SLC,Mouse,ColonSigmoid,33,5.992481747045881e-4,4.564833227389611e-4,0.0019591188903436345
SLC10A1,SLC,Mouse,ColonTransversum,31,6.222207391882164e-4,5.248232048009939e-4,0.0019591188903436345
SLC10A1,SLC,Mouse,Duodenum,118,0.002094122567515279,0.001543927476797543,0.02426716834562265
SLC10A1,SLC,Mouse,Embryo,69,0.0071538281661391616,0.0022882420369627165,0.08277319297237251
SLC10A1,SLC,Mouse,Esophagus,2,3.2909529484671573e-4,3.2909529484671573e-4,4.075783825176082e-4
SLC10A1,SLC,Mouse,Eye,12,0.0015951112483063431,0.0013556589080487476,0.0031739476885693104
SLC10A1,SLC,Mouse,Fat,207,0.004134833730060501,0.003275892287880666,0.038198739223427355
SLC10A1,SLC,Mouse,Gonads,155,0.0020698326753045182,0.0015712228533625611,0.009481790451141881
SLC10A1,SLC,Mouse,Heart,183,0.0010098264976810855,7.733356476807655e-4,0.010606060281063766
SLC10A1,SLC,Mouse,Kidney,223,0.0021641780637951,0.0011762126623164415,0.04043804237246783
SLC10A1,SLC,Mouse,LargeIntestine,33,5.992481747045881e-4,4.564833227389611e-4,0.0019591188903436345
SLC10A1,SLC,Mouse,LowerIleum,116,0.002122904517726009,0.001570796464838162,0.02426716834562265
SLC10A1,SLC,Mouse,LowerJejunum,117,0.002110558058845851,0.0015511360129960336,0.02426716834562265
SLC10A1,SLC,Mouse,Lung,142,0.007775914793874547,0.004849090473203605,0.21334065694466037
SLC10A1,SLC,Mouse,Muscle,166,6.856195577665843e-4,2.5415062630060434e-4,0.007088895927181429
SLC10A1,SLC,Mouse,Myometrium,2,0.01431372803960394,0.01431372803960394,0.014807252348248822
SLC10A1,SLC,Mouse,Pancreas,73,0.023944879660881234,0.01389940605853115,0.10237525883622277
SLC10A1,SLC,Mouse,Pericentral,321,0.2975780195238963,0.2958619601819359,1
SLC10A1,SLC,Mouse,Periportal,321,0.2975780195238963,0.2958619601819359,1
SLC10A1,SLC,Mouse,Placenta,11,0.0035290539607572154,5.39608913328493e-4,0.026564723281445882
SLC10A1,SLC,Mouse,Plasma,9,3.828029746270313e-4,3.0880233902952944e-4,7.807164330560591e-4
SLC10A1,SLC,Mouse,Rectum,31,6.222207391882164e-4,5.248232048009939e-4,0.0019591188903436345
SLC10A1,SLC,Mouse,Skin,197,0.006166260009633987,0.0011511723276131439,0.04479864123125728
SLC10A1,SLC,Mouse,SmallIntestine,123,0.0020309133277473432,0.0015247548414575854,0.02426716834562265
SLC10A1,SLC,Mouse,Spleen,118,0.010071527502305942,0.005923796304996608,0.13851292038107652
SLC10A1,SLC,Mouse,Stomach,14,9.57743146748949e-4,9.008284506538901e-4,0.0020812304078885965
SLC10A1,SLC,Mouse,Thymus,17,0.00396492880447487,0.0032206016076581794,0.01545566390685071
SLC10A1,SLC,Mouse,Thyroid,6,5.34784117388875e-4,5.011903519237406e-4,0.0011683961059941361
SLC10A1,SLC,Mouse,Undefined,49,0.003683903229125556,7.647776624113702e-4,0.07588899762198827
SLC10A1,SLC,Mouse,UpperIleum,116,0.002122904517726009,0.001570796464838162,0.02426716834562265
SLC10A1,SLC,Mouse,UpperJejunum,117,0.002110558058845851,0.0015511360129960336,0.02426716834562265
SLC10A2,SLC,Human,BloodCells,58,0.0010299942814153504,8.031898806058807e-4,0.006799834212806789
SLC10A2,SLC,Human,Bone,8,0.002644269787799482,0.002676540632250965,0.004880963304429941
SLC10A2,SLC,Human,Brain,14,0.0018477450648781996,8.65778590598361e-4,0.01278273265920656
SLC10A2,SLC,Human,Breasts,1,6.616697834002872e-4,6.616697834002872e-4,6.616697834002872e-4
SLC10A2,SLC,Human,Caecum,19,0.0036846842805116874,0.004034451243456114,0.008694103674231068
SLC10A2,SLC,Human,ColonAscendens,19,0.0036846842805116874,0.004034451243456114,0.008694103674231068
SLC10A2,SLC,Human,ColonDescendens,19,0.0036846842805116874,0.004034451243456114,0.008694103674231068
SLC10A2,SLC,Human,ColonSigmoid,26,0.002844729714570977,0.0020563258551986614,0.008694103674231068
SLC10A2,SLC,Human,ColonTransversum,74,0.0016440217776652465,6.612907263692163e-4,0.009997953503161789
SLC10A2,SLC,Human,Duodenum,17,0.09697218418480498,0.023001729950655785,0.6270644566406253
SLC10A2,SLC,Human,Embryo,2,0.003280674294340011,0.003280674294340011,0.004738115377751541
SLC10A2,SLC,Human,Endometrium,1,9.918801781504574e-4,9.918801781504574e-4,9.918801781504574e-4
SLC10A2,SLC,Human,Eye,1,4.7100458219336304e-4,4.7100458219336304e-4,4.7100458219336304e-4
SLC10A2,SLC,Human,Fat,8,3.272923510054375e-4,2.1936140429580994e-4,9.115398527399117e-4
SLC10A2,SLC,Human,GallBladder,7,0.0036230367273917354,0.0023347198436417488,0.007833274243296965
SLC10A2,SLC,Human,Gonads,17,0.0011337678689992332,8.651799465570612e-4,0.0036220445170662896
SLC10A2,SLC,Human,Heart,8,8.932446650510295e-5,8.394759126594486e-5,1.4488400708020772e-4
SLC10A2,SLC,Human,Kidney,74,0.029571619082756833,0.004369053227040908,0.2197319477162349
SLC10A2,SLC,Human,LargeIntestine,82,0.0015471085588071429,6.401164580616129e-4,0.009997953503161789
SLC10A2,SLC,Human,LowerIleum,13,0.10562093904264494,0.01157925712315674,0.6270644566406253
SLC10A2,SLC,Human,LowerJejunum,13,0.10562093904264494,0.01157925712315674,0.6270644566406253
SLC10A2,SLC,Human,Lung,7,0.009409679320117282,0.009892039058960338,0.030353539461898938
SLC10A2,SLC,Human,LymphNode,78,0.23765910037685467,0.17270316429122984,1
SLC10A2,SLC,Human,Muscle,11,4.8640022612323673e-4,1.4411049226273006e-4,0.003714495328666427
SLC10A2,SLC,Human,Pancreas,18,4.0143435860051874e-4,3.0567452951914487e-4,0.0012264084300139403
SLC10A2,SLC,Human,Pericentral,4,1.350795491208702e-4,1.2311990784842782e-4,2.1656683121951053e-4
SLC10A2,SLC,Human,Periportal,4,1.350795491208702e-4,1.2311990784842782e-4,2.1656683121951053e-4
SLC10A2,SLC,Human,Placenta,1,4.540713610923591e-4,4.540713610923591e-4,4.540713610923591e-4
SLC10A2,SLC,Human,Plasma,6,2.916409448142533e-4,3.0188043862802705e-4,4.0060603629024286e-4
SLC10A2,SLC,Human,Rectum,20,0.0035325153563486814,0.0038740548511234357,0.008694103674231068
SLC10A2,SLC,Human,SalivaryGland,1,3.718447083194353e-4,3.718447083194353e-4,3.718447083194353e-4
SLC10A2,SLC,Human,Skin,60,7.303619502833994e-4,6.07037081095669e-4,0.002271972249979932
SLC10A2,SLC,Human,SmallIntestine,17,0.09697218418480498,0.023001729950655785,0.6270644566406253
SLC10A2,SLC,Human,Stomach,10,7.282984690485757e-4,5.694596375339835e-4,0.0021976817295648043
SLC10A2,SLC,Human,Undefined,6,6.28145444915041e-4,5.572101482976721e-4,0.0013243472905427646
SLC10A2,SLC,Human,UpperIleum,13,0.10562093904264494,0.01157925712315674,0.6270644566406253
SLC10A2,SLC,Human,UpperJejunum,13,0.10562093904264494,0.01157925712315674,0.6270644566406253
SLC10A2,SLC,Macaque,Brain,3,0.011412905461735293,0.010904288770716563,0.014321250187832386
SLC10A2,SLC,Macaque,Caecum,3,0.4092873615420463,0.47065588570730665,0.5190063456008633
SLC10A2,SLC,Macaque,ColonAscendens,3,0.4092873615420463,0.47065588570730665,0.5190063456008633
SLC10A2,SLC,Macaque,ColonDescendens,3,0.4092873615420463,0.47065588570730665,0.5190063456008633
SLC10A2,SLC,Macaque,ColonSigmoid,3,0.4092873615420463,0.47065588570730665,0.5190063456008633
SLC10A2,SLC,Macaque,ColonTransversum,3,0.4092873615420463,0.47065588570730665,0.5190063456008633
SLC10A2,SLC,Macaque,Gonads,2,0.03141440885759075,0.03141440885759075,0.03712666496251085
SLC10A2,SLC,Macaque,Heart,7,0.02559999087199165,0.029023543652516224,0.049496356813634526
SLC10A2,SLC,Macaque,Kidney,56,0.26296617133466554,0.1873225506475522,1
SLC10A2,SLC,Macaque,LargeIntestine,3,0.4092873615420463,0.47065588570730665,0.5190063456008633
SLC10A2,SLC,Macaque,Muscle,7,0.05995334271956418,0.01997202535529581,0.14889898075349944
SLC10A2,SLC,Macaque,Pericentral,1,0.054110660791640806,0.054110660791640806,0.054110660791640806
SLC10A2,SLC,Macaque,Periportal,1,0.054110660791640806,0.054110660791640806,0.054110660791640806
SLC10A2,SLC,Macaque,Rectum,3,0.4092873615420463,0.47065588570730665,0.5190063456008633
SLC10A2,SLC,Macaque,Spleen,1,0.009177826125514073,0.009177826125514073,0.009177826125514073
SLC10A2,SLC,Dog,Caecum,6,0.43991498068121565,0.3033192173933967,1
SLC10A2,SLC,Dog,ColonAscendens,6,0.43991498068121565,0.3033192173933967,1
SLC10A2,SLC,Dog,ColonDescendens,6,0.43991498068121565,0.3033192173933967,1
SLC10A2,SLC,Dog,ColonSigmoid,6,0.43991498068121565,0.3033192173933967,1
SLC10A2,SLC,Dog,ColonTransversum,6,0.43991498068121565,0.3033192173933967,1
SLC10A2,SLC,Dog,Duodenum,2,0.05110414327263127,0.05110414327263127,0.05624482055955785
SLC10A2,SLC,Dog,Embryo,1,0.403856924468434,0.403856924468434,0.403856924468434
SLC10A2,SLC,Dog,Gonads,20,0.13756718523032452,0.12591097735901796,0.36439319203360504
SLC10A2,SLC,Dog,Kidney,10,0.2465789457535023,0.19551402927386366,0.7134066144812176
SLC10A2,SLC,Dog,LargeIntestine,6,0.43991498068121565,0.3033192173933967,1
SLC10A2,SLC,Dog,LowerIleum,2,0.05110414327263127,0.05110414327263127,0.05624482055955785
SLC10A2,SLC,Dog,LowerJejunum,3,0.15110915057127766,0.05624482055955785,0.35111916516857045
SLC10A2,SLC,Dog,Rectum,6,0.43991498068121565,0.3033192173933967,1
SLC10A2,SLC,Dog,Skin,2,0.09977373923267607,0.09977373923267607,0.1277620407098234
SLC10A2,SLC,Dog,SmallIntestine,3,0.15110915057127766,0.05624482055955785,0.35111916516857045
SLC10A2,SLC,Dog,Undefined,3,0.06988166786848188,0.07178543775552876,0.12131460122927346
SLC10A2,SLC,Dog,UpperIleum,2,0.05110414327263127,0.05110414327263127,0.05624482055955785
SLC10A2,SLC,Dog,UpperJejunum,3,0.15110915057127766,0.05624482055955785,0.35111916516857045
SLC10A2,SLC,Rat,Brain,1,9.582035266002178e-4,9.582035266002178e-4,9.582035266002178e-4
SLC10A2,SLC,Rat,Caecum,4,0.040701295336611806,0.025416225427586217,0.11087092676686412
SLC10A2,SLC,Rat,ColonAscendens,4,0.040701295336611806,0.025416225427586217,0.11087092676686412
SLC10A2,SLC,Rat,ColonDescendens,4,0.040701295336611806,0.025416225427586217,0.11087092676686412
SLC10A2,SLC,Rat,ColonSigmoid,4,0.040701295336611806,0.025416225427586217,0.11087092676686412
SLC10A2,SLC,Rat,ColonTransversum,4,0.040701295336611806,0.025416225427586217,0.11087092676686412
SLC10A2,SLC,Rat,Duodenum,3,0.004633301192567502,0.0046356826901744344,0.008873588106797212
SLC10A2,SLC,Rat,Fat,1,0.01359456335301562,0.01359456335301562,0.01359456335301562
SLC10A2,SLC,Rat,Gonads,33,0.013038385390215687,0.00983550062309059,0.05973318921184534
SLC10A2,SLC,Rat,Kidney,59,0.0039181429726445486,0.0037093032476894073,0.01057732964610471
SLC10A2,SLC,Rat,LargeIntestine,4,0.040701295336611806,0.025416225427586217,0.11087092676686412
SLC10A2,SLC,Rat,LowerIleum,2,0.5023413291430626,0.5023413291430626,1
SLC10A2,SLC,Rat,LowerJejunum,3,0.16530307559924967,8.745201448574759e-4,0.49461612880367645
SLC10A2,SLC,Rat,Pancreas,1,0.007175436691807007,0.007175436691807007,0.007175436691807007
SLC10A2,SLC,Rat,Pericentral,51,0.0023220185078087208,0.0014801772224980352,0.012525754139302845
SLC10A2,SLC,Rat,Periportal,51,0.0023220185078087208,0.0014801772224980352,0.012525754139302845
SLC10A2,SLC,Rat,Rectum,4,0.040701295336611806,0.025416225427586217,0.11087092676686412
SLC10A2,SLC,Rat,Skin,1,0.003349542807409273,0.003349542807409273,0.003349542807409273
SLC10A2,SLC,Rat,SmallIntestine,8,0.1893114735826971,0.0046591704881498,1
SLC10A2,SLC,Rat,UpperIleum,2,0.5023413291430626,0.5023413291430626,1
SLC10A2,SLC,Rat,UpperJejunum,3,0.16530307559924967,8.745201448574759e-4,0.49461612880367645
SLC10A2,SLC,Mouse,BloodCells,9,0.004003295545723023,0.0033982350909740246,0.006421583934490687
SLC10A2,SLC,Mouse,Bone,144,0.04336897174146631,0.023357303311450375,0.9066393604161275
SLC10A2,SLC,Mouse,Brain,79,0.007290796897998419,0.007071618001645923,0.01697073686638368
SLC10A2,SLC,Mouse,Caecum,22,0.05035149394257238,0.0032390000924667024,0.3519546459792907
SLC10A2,SLC,Mouse,ColonAscendens,22,0.05035149394257238,0.0032390000924667024,0.3519546459792907
SLC10A2,SLC,Mouse,ColonDescendens,22,0.05035149394257238,0.0032390000924667024,0.3519546459792907
SLC10A2,SLC,Mouse,ColonSigmoid,24,0.046332915940643864,0.002584863940499846,0.3519546459792907
SLC10A2,SLC,Mouse,ColonTransversum,22,0.05035149394257238,0.0032390000924667024,0.3519546459792907
SLC10A2,SLC,Mouse,Duodenum,102,0.002941394430752499,0.001752114628882036,0.08523907045110553
SLC10A2,SLC,Mouse,Embryo,2,0.0017156948107160455,0.0017156948107160455,0.002138526130965212
SLC10A2,SLC,Mouse,Esophagus,1,6.487087845784808e-4,6.487087845784808e-4,6.487087845784808e-4
SLC10A2,SLC,Mouse,Fat,114,0.007399781963800028,0.004883387486912424,0.05278246397179539
SLC10A2,SLC,Mouse,Gonads,77,0.005284455422842834,0.004348263804736737,0.01586653354955683
SLC10A2,SLC,Mouse,Heart,57,0.002325316654131609,0.002008302047576284,0.005985765313083802
SLC10A2,SLC,Mouse,Kidney,209,0.028291972715994086,0.023145503191393402,0.09351656322818552
SLC10A2,SLC,Mouse,LargeIntestine,24,0.046332915940643864,0.002584863940499846,0.3519546459792907
SLC10A2,SLC,Mouse,LowerIleum,102,0.026206138735755908,0.0017684673062579822,1
SLC10A2,SLC,Mouse,LowerJejunum,102,0.011269484565954809,0.0017586442738566264,0.8490419988454936
SLC10A2,SLC,Mouse,Lung,73,0.010611848107154468,0.009439359247411941,0.029168339753687284
SLC10A2,SLC,Mouse,Muscle,46,7.148154591227458e-4,5.345742461224738e-4,0.0026560508493831646
SLC10A2,SLC,Mouse,Pancreas,36,0.031133678867642223,0.013590412071524081,0.15253884403734144
SLC10A2,SLC,Mouse,Pericentral,244,0.023633229012726152,0.013206846285466756,0.16813290498318156
SLC10A2,SLC,Mouse,Periportal,244,0.023633229012726152,0.013206846285466756,0.16813290498318156
SLC10A2,SLC,Mouse,Rectum,22,0.05035149394257238,0.0032390000924667024,0.3519546459792907
SLC10A2,SLC,Mouse,Skin,76,0.017287100323895573,0.017165607893466377,0.09128476961077767
SLC10A2,SLC,Mouse,SmallIntestine,108,0.032698543575979774,0.0017684673062579822,1
SLC10A2,SLC,Mouse,Spleen,51,0.01042118018561455,0.00942413216519313,0.02817982197221643
SLC10A2,SLC,Mouse,Stomach,3,6.515199631556307e-4,6.57536808692163e-4,8.641689692108654e-4
SLC10A2,SLC,Mouse,Thymus,1,0.005316720113029648,0.005316720113029648,0.005316720113029648
SLC10A2,SLC,Mouse,UpperIleum,102,0.026206138735755908,0.0017684673062579822,1
SLC10A2,SLC,Mouse,UpperJejunum,102,0.011269484565954809,0.0017586442738566264,0.8490419988454936
SLC15A1,SLC,Human,BloodCells,56,0.004827956633022972,6.544805899918026e-4,0.05030179685809328
SLC15A1,SLC,Human,Brain,186,0.0012780669761083858,7.339245552494262e-4,0.016143989842313966
SLC15A1,SLC,Human,Breasts,25,6.189031971631422e-4,5.525633273139785e-4,0.0012064970259643992
SLC15A1,SLC,Human,Caecum,33,0.2513068602144177,0.0873936280901178,0.9482384487939184
SLC15A1,SLC,Human,ColonAscendens,33,0.2513068602144177,0.0873936280901178,0.9482384487939184
SLC15A1,SLC,Human,ColonDescendens,33,0.2513068602144177,0.0873936280901178,0.9482384487939184
SLC15A1,SLC,Human,ColonSigmoid,102,0.08333242210711268,0.0010649530863757397,0.9482384487939184
SLC15A1,SLC,Human,ColonTransversum,148,0.06792540797255754,0.007823385059363804,0.9482384487939184
SLC15A1,SLC,Human,Duodenum,24,0.4443526122656957,0.5027825511904462,1
SLC15A1,SLC,Human,Embryo,10,0.011215986183437887,0.007076563509993085,0.037962773240105885
SLC15A1,SLC,Human,Endometrium,88,0.09443251192791044,0.005385167224055517,0.7852298943115955
SLC15A1,SLC,Human,Esophagus,10,0.013547507928158006,0.008284333080193561,0.06188450531398622
SLC15A1,SLC,Human,Fat,403,9.0774453609589e-4,4.7112074754074914e-4,0.07350061429512948
SLC15A1,SLC,Human,GallBladder,7,0.29272741785534934,0.2960732612744339,0.4735588417316489
SLC15A1,SLC,Human,Gonads,274,0.008251374404535893,0.002027146805247969,0.11384037105322686
SLC15A1,SLC,Human,Heart,61,0.0010555041535712983,1.6404409102058898e-4,0.047874556855347264
SLC15A1,SLC,Human,Kidney,99,0.027401114375724137,0.01912297016562579,0.1672696338355019
SLC15A1,SLC,Human,LargeIntestine,226,0.04570727863454374,0.0035417012100866017,0.9482384487939184
SLC15A1,SLC,Human,LowerIleum,20,0.42393395811293905,0.24350919468762955,1
SLC15A1,SLC,Human,LowerJejunum,20,0.42393395811293905,0.24350919468762955,1
SLC15A1,SLC,Human,Lung,17,9.716140891702162e-4,6.775199096604789e-4,0.0037843835456565873
SLC15A1,SLC,Human,LymphNode,87,0.22970770236743718,0.1743321086083889,0.7471764218837186
SLC15A1,SLC,Human,Muscle,76,4.1762473048406794e-4,1.575110502252473e-4,0.007216243617940269
SLC15A1,SLC,Human,Myometrium,20,0.003820730466466259,0.001167270866567512,0.018989827107639027
SLC15A1,SLC,Human,Pancreas,143,0.027354591982870533,0.025857787595591278,0.092189209007428
SLC15A1,SLC,Human,Pericentral,131,0.014752006041070553,0.012968027875091773,0.05076185431780856
SLC15A1,SLC,Human,Periportal,131,0.014752006041070553,0.012968027875091773,0.05076185431780856
SLC15A1,SLC,Human,Placenta,9,0.0011086326256171022,0.0010587942729074283,0.002057362937141708
SLC15A1,SLC,Human,Plasma,80,4.643004192434229e-4,4.100325151115458e-4,0.0014778220530716102
SLC15A1,SLC,Human,Rectum,36,0.23147956737888847,0.03864973647418231,0.9482384487939184
SLC15A1,SLC,Human,SalivaryGland,48,0.002324654226936945,0.0014944268969560297,0.018554536973566023
SLC15A1,SLC,Human,Skin,441,0.07847317263653436,0.06982955923665116,0.40472919800731877
SLC15A1,SLC,Human,SmallIntestine,24,0.4443526122656957,0.5027825511904462,1
SLC15A1,SLC,Human,Spleen,7,0.001540198030654488,6.750329558200501e-4,0.006800930970526294
SLC15A1,SLC,Human,Stomach,108,0.0023373181490927947,9.268367801474127e-4,0.04633627470696479
SLC15A1,SLC,Human,Thyroid,164,0.0015359068822719032,0.0012630284848920057,0.00528815460475991
SLC15A1,SLC,Human,Undefined,76,0.0018703886413018848,6.034083906154102e-4,0.047245446152968475
SLC15A1,SLC,Human,UpperIleum,20,0.42393395811293905,0.24350919468762955,1
SLC15A1,SLC,Human,UpperJejunum,20,0.42393395811293905,0.24350919468762955,1
SLC15A1,SLC,Macaque,Brain,18,0.053832465166287286,0.05393736103615089,0.0902722110253761
SLC15A1,SLC,Macaque,Caecum,1,0.14659570838578256,0.14659570838578256,0.14659570838578256
SLC15A1,SLC,Macaque,ColonAscendens,1,0.14659570838578256,0.14659570838578256,0.14659570838578256
SLC15A1,SLC,Macaque,ColonDescendens,1,0.14659570838578256,0.14659570838578256,0.14659570838578256
SLC15A1,SLC,Macaque,ColonSigmoid,1,0.14659570838578256,0.14659570838578256,0.14659570838578256
SLC15A1,SLC,Macaque,ColonTransversum,1,0.14659570838578256,0.14659570838578256,0.14659570838578256
SLC15A1,SLC,Macaque,Gonads,12,0.2313349524916125,0.16691373421052244,0.6801665701205327
SLC15A1,SLC,Macaque,Kidney,9,0.23947763519087767,0.22068645552308522,0.42468735860116236
SLC15A1,SLC,Macaque,LargeIntestine,1,0.14659570838578256,0.14659570838578256,0.14659570838578256
SLC15A1,SLC,Macaque,LowerIleum,1,0.29764439230497186,0.29764439230497186,0.29764439230497186
SLC15A1,SLC,Macaque,Lung,1,0.20030555648273843,0.20030555648273843,0.20030555648273843
SLC15A1,SLC,Macaque,Muscle,1,0.09841829275071841,0.09841829275071841,0.09841829275071841
SLC15A1,SLC,Macaque,Pericentral,71,0.17579957545639058,0.11979138732648092,1
SLC15A1,SLC,Macaque,Periportal,71,0.17579957545639058,0.11979138732648092,1
SLC15A1,SLC,Macaque,Rectum,1,0.14659570838578256,0.14659570838578256,0.14659570838578256
SLC15A1,SLC,Macaque,SmallIntestine,1,0.29764439230497186,0.29764439230497186,0.29764439230497186
SLC15A1,SLC,Macaque,Spleen,4,0.19815972192474116,0.19017782411719997,0.3624766033774878
SLC15A1,SLC,Macaque,Undefined,13,0.062886465042755,0.058343662888768084,0.09228081471805057
SLC15A1,SLC,Macaque,UpperIleum,1,0.29764439230497186,0.29764439230497186,0.29764439230497186
SLC15A1,SLC,Dog,Brain,10,0.0017078117751352017,0.0010094566147545768,0.007853632895389607
SLC15A1,SLC,Dog,Breasts,1,0.02217909074691448,0.02217909074691448,0.02217909074691448
SLC15A1,SLC,Dog,Caecum,7,0.014604838759720183,0.007099441838727577,0.0631280943042361
SLC15A1,SLC,Dog,Cartilage,1,9.051757266464914e-4,9.051757266464914e-4,9.051757266464914e-4
SLC15A1,SLC,Dog,ColonAscendens,7,0.014604838759720183,0.007099441838727577,0.0631280943042361
SLC15A1,SLC,Dog,ColonDescendens,7,0.014604838759720183,0.007099441838727577,0.0631280943042361
SLC15A1,SLC,Dog,ColonSigmoid,7,0.014604838759720183,0.007099441838727577,0.0631280943042361
SLC15A1,SLC,Dog,ColonTransversum,7,0.014604838759720183,0.007099441838727577,0.0631280943042361
SLC15A1,SLC,Dog,Duodenum,2,0.1598556982215654,0.1598556982215654,0.3112838160216807
SLC15A1,SLC,Dog,Embryo,1,4.3591779677829744e-4,4.3591779677829744e-4,4.3591779677829744e-4
SLC15A1,SLC,Dog,Eye,1,0.0017214848177225673,0.0017214848177225673,0.0017214848177225673
SLC15A1,SLC,Dog,Fat,1,4.5164473751715874e-4,4.5164473751715874e-4,4.5164473751715874e-4
SLC15A1,SLC,Dog,Gonads,4,0.0021880812845924656,0.002208873963347506,0.002634350613457026
SLC15A1,SLC,Dog,Heart,4,8.427360048589842e-4,6.719844242115196e-4,0.0015605936937153344
SLC15A1,SLC,Dog,Kidney,2,8.852068431548257e-4,8.852068431548257e-4,0.0010677888907982926
SLC15A1,SLC,Dog,LargeIntestine,7,0.014604838759720183,0.007099441838727577,0.0631280943042361
SLC15A1,SLC,Dog,LowerIleum,2,0.1598556982215654,0.1598556982215654,0.3112838160216807
SLC15A1,SLC,Dog,LowerJejunum,3,0.4399037988143769,0.3112838160216807,1
SLC15A1,SLC,Dog,Lung,1,9.57914972324294e-4,9.57914972324294e-4,9.57914972324294e-4
SLC15A1,SLC,Dog,LymphNode,1,0.15213734605089074,0.15213734605089074,0.15213734605089074
SLC15A1,SLC,Dog,Pancreas,3,0.0013530458309852261,0.0013695362195940424,0.0023438640380523484
SLC15A1,SLC,Dog,Pericentral,28,0.10323822389330971,0.06814969923092754,0.3359536799563249
SLC15A1,SLC,Dog,Periportal,28,0.10323822389330971,0.06814969923092754,0.3359536799563249
SLC15A1,SLC,Dog,Placenta,1,0.004355767656261886,0.004355767656261886,0.004355767656261886
SLC15A1,SLC,Dog,Rectum,7,0.014604838759720183,0.007099441838727577,0.0631280943042361
SLC15A1,SLC,Dog,Skin,23,0.07210313888633937,0.06945090136559523,0.1628174434378969
SLC15A1,SLC,Dog,SmallIntestine,3,0.4399037988143769,0.3112838160216807,1
SLC15A1,SLC,Dog,Spleen,5,0.00373670858450412,0.0022839740412838876,0.0095490690123644
SLC15A1,SLC,Dog,Stomach,1,0.005004625135810277,0.005004625135810277,0.005004625135810277
SLC15A1,SLC,Dog,Thymus,1,0.062705806961476,0.062705806961476,0.062705806961476
SLC15A1,SLC,Dog,Thyroid,5,0.012140670559444228,0.007313889468905967,0.023849021988282617
SLC15A1,SLC,Dog,Undefined,4,0.04773453824101765,0.045280705115267716,0.10026315542030385
SLC15A1,SLC,Dog,UpperIleum,2,0.1598556982215654,0.1598556982215654,0.3112838160216807
SLC15A1,SLC,Dog,UpperJejunum,3,0.4399037988143769,0.3112838160216807,1
SLC15A1,SLC,Rat,Brain,187,0.04226011477105178,0.001995247019842643,1
SLC15A1,SLC,Rat,Caecum,10,0.019350892214663715,0.005822719496348677,0.10325639344473748
SLC15A1,SLC,Rat,ColonAscendens,10,0.019350892214663715,0.005822719496348677,0.10325639344473748
SLC15A1,SLC,Rat,ColonDescendens,10,0.019350892214663715,0.005822719496348677,0.10325639344473748
SLC15A1,SLC,Rat,ColonSigmoid,10,0.019350892214663715,0.005822719496348677,0.10325639344473748
SLC15A1,SLC,Rat,ColonTransversum,10,0.019350892214663715,0.005822719496348677,0.10325639344473748
SLC15A1,SLC,Rat,Duodenum,3,0.1906129667805801,0.23357527294815592,0.2657622945713573
SLC15A1,SLC,Rat,Esophagus,3,0.06973799599941598,0.05584144391221372,0.10692906546313033
SLC15A1,SLC,Rat,Fat,1,0.002950375498570638,0.002950375498570638,0.002950375498570638
SLC15A1,SLC,Rat,Gonads,69,0.017501079279988507,0.018614042351024537,0.042706102842980084
SLC15A1,SLC,Rat,Heart,2,3.8312696531032355e-4,3.8312696531032355e-4,3.958101040815762e-4
SLC15A1,SLC,Rat,Kidney,101,0.01618323971560004,0.014938918685803868,0.047159442820816994
SLC15A1,SLC,Rat,LargeIntestine,10,0.019350892214663715,0.005822719496348677,0.10325639344473748
SLC15A1,SLC,Rat,LowerIleum,2,0.8546120141555522,0.8546120141555522,0.9393125611716906
SLC15A1,SLC,Rat,LowerJejunum,3,0.6667358397298953,0.6513049093304106,0.7801837732121261
SLC15A1,SLC,Rat,Muscle,6,0.0019768589700742962,3.4570304920893624e-4,0.00870283897178321
SLC15A1,SLC,Rat,Myometrium,6,0.015551571087391155,0.01357013915604698,0.024768932322159893
SLC15A1,SLC,Rat,Pancreas,2,0.009254495392161994,0.009254495392161994,0.012082838959017161
SLC15A1,SLC,Rat,Pericentral,12,6.8472012803813e-4,3.33101834970801e-4,0.002479516659966509
SLC15A1,SLC,Rat,Periportal,12,6.8472012803813e-4,3.33101834970801e-4,0.002479516659966509
SLC15A1,SLC,Rat,Rectum,10,0.019350892214663715,0.005822719496348677,0.10325639344473748
SLC15A1,SLC,Rat,Skin,7,0.030264398562785545,0.020555069945107217,0.09918267652895571
SLC15A1,SLC,Rat,SmallIntestine,8,0.5351588059803163,0.6100118729887798,0.9393125611716906
SLC15A1,SLC,Rat,Stomach,2,0.014191835330626873,0.014191835330626873,0.025210729106330137
SLC15A1,SLC,Rat,Thymus,2,0.0025507596687146116,0.0025507596687146116,0.0029324896521865187
SLC15A1,SLC,Rat,Thyroid,5,8.921894692300355e-4,7.526231217439883e-4,0.0013630170153643823
SLC15A1,SLC,Rat,UpperIleum,2,0.8546120141555522,0.8546120141555522,0.9393125611716906
SLC15A1,SLC,Rat,UpperJejunum,3,0.6667358397298953,0.6513049093304106,0.7801837732121261
SLC15A1,SLC,Mouse,BloodCells,8,0.002880764760232103,0.0029183181042080515,0.003672339741998173
SLC15A1,SLC,Mouse,Bone,81,0.016779756452925235,0.013801747779388784,0.06300040046271141
SLC15A1,SLC,Mouse,Brain,41,0.0029460279550391193,0.002844780526624165,0.008014184296913373
SLC15A1,SLC,Mouse,Breasts,1,9.094419475982012e-4,9.094419475982012e-4,9.094419475982012e-4
SLC15A1,SLC,Mouse,Caecum,24,0.08927624955378828,0.03856605762828512,0.595458495669857
SLC15A1,SLC,Mouse,ColonAscendens,24,0.08927624955378828,0.03856605762828512,0.595458495669857
SLC15A1,SLC,Mouse,ColonDescendens,24,0.08927624955378828,0.03856605762828512,0.595458495669857
SLC15A1,SLC,Mouse,ColonSigmoid,26,0.0870226839856172,0.03856605762828512,0.595458495669857
SLC15A1,SLC,Mouse,ColonTransversum,24,0.08927624955378828,0.03856605762828512,0.595458495669857
SLC15A1,SLC,Mouse,Duodenum,131,0.26827045758238915,0.28109535069130687,1
SLC15A1,SLC,Mouse,Embryo,22,0.005043891023251594,0.0032737735594222093,0.013631471840699714
SLC15A1,SLC,Mouse,Esophagus,3,0.035204083554972725,0.043960889817088934,0.04579726512456997
SLC15A1,SLC,Mouse,Eye,12,0.006212685179627905,0.006803693164571896,0.009857187693503392
SLC15A1,SLC,Mouse,Fat,84,0.006139320046573973,0.0036299573462344,0.05357666939947208
SLC15A1,SLC,Mouse,Gonads,121,0.0030730040398785335,0.00213027626277639,0.0370890026370385
SLC15A1,SLC,Mouse,Heart,37,0.0017360492342016064,0.001080909382058286,0.0052342803701441185
SLC15A1,SLC,Mouse,Kidney,149,7.664947608979669e-4,7.101327177410401e-4,0.0019711675517873626
SLC15A1,SLC,Mouse,LargeIntestine,26,0.0870226839856172,0.03856605762828512,0.595458495669857
SLC15A1,SLC,Mouse,LowerIleum,127,0.27449586573914037,0.2821511858084432,1
SLC15A1,SLC,Mouse,LowerJejunum,127,0.2779179808897631,0.29167778420681784,1
SLC15A1,SLC,Mouse,Lung,139,0.005764283895013522,0.0053351713478155234,0.012877197774001483
SLC15A1,SLC,Mouse,Muscle,23,0.001450547450548241,6.20952944375679e-4,0.018574717001639374
SLC15A1,SLC,Mouse,Pancreas,15,0.012170169094489286,0.006676549954859583,0.05581635316851676
SLC15A1,SLC,Mouse,Pericentral,29,5.371362959097329e-4,3.0492574494749274e-4,0.0053882586068616355
SLC15A1,SLC,Mouse,Periportal,29,5.371362959097329e-4,3.0492574494749274e-4,0.0053882586068616355
SLC15A1,SLC,Mouse,Placenta,9,0.002074216570895799,8.801767424212599e-4,0.009992093938247367
SLC15A1,SLC,Mouse,Rectum,24,0.08927624955378828,0.03856605762828512,0.595458495669857
SLC15A1,SLC,Mouse,Skin,137,0.03307098507972223,0.03319794192652755,0.0630471244549975
SLC15A1,SLC,Mouse,SmallIntestine,137,0.26470401458047177,0.2808989548861791,1
SLC15A1,SLC,Mouse,Spleen,15,0.00532943764016445,0.004639009913080081,0.009919676500206543
SLC15A1,SLC,Mouse,Stomach,12,0.005658945593194448,0.004099959529990137,0.01777254931664322
SLC15A1,SLC,Mouse,Thymus,15,0.005144174780776873,0.004002994443492859,0.008870520922856341
SLC15A1,SLC,Mouse,Thyroid,5,6.170358559324371e-4,7.129245207716411e-4,7.99127078231939e-4
SLC15A1,SLC,Mouse,Undefined,24,0.0033960869834656193,0.0013975543143899746,0.024061626409172424
SLC15A1,SLC,Mouse,UpperIleum,127,0.27449586573914037,0.2821511858084432,1
SLC15A1,SLC,Mouse,UpperJejunum,127,0.2779179808897631,0.29167778420681784,1
SLC22A1,SLC,Human,BloodCells,488,0.004031194249929279,0.0028396099812174926,0.02805552140748164
SLC22A1,SLC,Human,Bone,10,0.0015547586295012856,5.591368669104903e-4,0.008633726716479554
SLC22A1,SLC,Human,Brain,1337,2.147397609459718e-4,1.1866679037999289e-4,0.005208506072965167
SLC22A1,SLC,Human,Breasts,40,3.9445470289511145e-4,3.2727003513784603e-4,0.0015592274377630739
SLC22A1,SLC,Human,Caecum,25,2.5550467409489594e-4,1.3290433588011456e-4,0.0017813344329215672
SLC22A1,SLC,Human,Cartilage,12,0.0024091407628249783,0.0017673749304525194,0.01078853976850034
SLC22A1,SLC,Human,ColonAscendens,25,2.5550467409489594e-4,1.3290433588011456e-4,0.0017813344329215672
SLC22A1,SLC,Human,ColonDescendens,25,2.5550467409489594e-4,1.3290433588011456e-4,0.0017813344329215672
SLC22A1,SLC,Human,ColonSigmoid,131,1.8832817697962307e-4,1.6156082955370317e-4,0.0017813344329215672
SLC22A1,SLC,Human,ColonTransversum,147,2.026271954945104e-4,1.581352749408439e-4,0.0017813344329215672
SLC22A1,SLC,Human,Duodenum,17,3.166852434022405e-4,1.5681475612695043e-4,0.0019424675027998543
SLC22A1,SLC,Human,Embryo,24,3.443637884645342e-4,2.6814264915973397e-4,0.0010981358893738383
SLC22A1,SLC,Human,Endometrium,145,3.868367049969465e-4,3.2725708715130306e-4,0.0020837455374188483
SLC22A1,SLC,Human,Esophagus,15,4.1722063666091344e-4,2.537019758125141e-4,0.001953575110489979
SLC22A1,SLC,Human,Eye,37,1.4334091500400333e-4,1.2244798264379435e-4,6.321917480643322e-4
SLC22A1,SLC,Human,Fat,765,3.212846176698215e-4,2.633587004278174e-4,0.0016300090613970706
SLC22A1,SLC,Human,GallBladder,7,6.983549900179115e-4,6.409938748179537e-4,0.0014121431984286134
SLC22A1,SLC,Human,Gonads,360,4.619482612035661e-4,3.6904698413821465e-4,0.008260127676883073
SLC22A1,SLC,Human,Heart,238,7.523250674762691e-5,3.811891495992365e-5,0.0015813021498191015
SLC22A1,SLC,Human,Kidney,97,9.50332964203569e-4,3.1772994706483394e-4,0.0070681742017334615
SLC22A1,SLC,Human,LargeIntestine,262,1.9147288471331353e-4,1.6039765583320453e-4,0.0017813344329215672
SLC22A1,SLC,Human,LowerIleum,15,3.4373196969084716e-4,2.27245949251513e-4,0.0019424675027998543
SLC22A1,SLC,Human,LowerJejunum,15,3.4373196969084716e-4,2.27245949251513e-4,0.0019424675027998543
SLC22A1,SLC,Human,Lung,58,4.0792323251098944e-4,3.2244749149286074e-4,0.0015405005956137128
SLC22A1,SLC,Human,LymphNode,96,2.5427875289635825e-4,2.100277663943339e-4,0.002064877370859739
SLC22A1,SLC,Human,Muscle,371,1.44940846985519e-4,9.655328846346727e-5,0.004015168136807368
SLC22A1,SLC,Human,Myometrium,57,4.2019393589366917e-4,3.4074770960673657e-4,0.0029692909950010055
SLC22A1,SLC,Human,Pancreas,138,2.8098146113250086e-4,2.3966510838144704e-4,0.001314385657450602
SLC22A1,SLC,Human,Pericentral,134,0.07899958426565665,0.058191351993094234,1
SLC22A1,SLC,Human,Periportal,134,0.07899958426565665,0.058191351993094234,1
SLC22A1,SLC,Human,Placenta,5,1.2010708638954779e-4,1.0061195090329717e-4,2.3658650375140897e-4
SLC22A1,SLC,Human,Plasma,313,2.964366054869492e-4,2.5778710028115517e-4,0.0010168716937069867
SLC22A1,SLC,Human,Rectum,29,2.392340285277381e-4,1.3290433588011456e-4,0.0017813344329215672
SLC22A1,SLC,Human,SalivaryGland,52,4.121552330138228e-4,3.084041582880772e-4,0.0014760383279551273
SLC22A1,SLC,Human,Skin,435,3.844554234337114e-4,3.3637621387583755e-4,0.0017174948562969589
SLC22A1,SLC,Human,SmallIntestine,17,3.166852434022405e-4,1.5681475612695043e-4,0.0019424675027998543
SLC22A1,SLC,Human,Spleen,88,0.0016223906269172944,0.0012069531322377951,0.024590608534712947
SLC22A1,SLC,Human,Stomach,132,2.0224532179830183e-4,1.8117752312555793e-4,6.454110983236327e-4
SLC22A1,SLC,Human,Thyroid,199,8.106872155742133e-4,7.097298995160304e-4,0.002343614302190502
SLC22A1,SLC,Human,Undefined,307,3.048557802332422e-4,2.4851604859364956e-4,0.002871721561667448
SLC22A1,SLC,Human,UpperIleum,15,3.4373196969084716e-4,2.27245949251513e-4,0.0019424675027998543
SLC22A1,SLC,Human,UpperJejunum,15,3.4373196969084716e-4,2.27245949251513e-4,0.0019424675027998543
SLC22A1,SLC,Macaque,Brain,17,0.0018190573726086646,0.001599270460953746,0.004908953099932163
SLC22A1,SLC,Macaque,Gonads,5,0.0035829098302657034,0.0013959525766319742,0.012348762248666666
SLC22A1,SLC,Macaque,Heart,21,9.98109587997431e-4,2.5257125590038415e-4,0.007655525810983839
SLC22A1,SLC,Macaque,Kidney,40,0.0028387850110704336,9.051443520619065e-4,0.04102050540774875
SLC22A1,SLC,Macaque,LowerIleum,1,0.9294564740866491,0.9294564740866491,0.9294564740866491
SLC22A1,SLC,Macaque,Lung,5,0.007086112880755075,0.004708937984142041,0.019172328920044363
SLC22A1,SLC,Macaque,Muscle,3,6.395751472687341e-4,5.910860297463205e-4,8.86084936806806e-4
SLC22A1,SLC,Macaque,Pericentral,85,0.33415493707528293,0.3190102928697647,1
SLC22A1,SLC,Macaque,Periportal,85,0.33415493707528293,0.3190102928697647,1
SLC22A1,SLC,Macaque,SmallIntestine,1,0.9294564740866491,0.9294564740866491,0.9294564740866491
SLC22A1,SLC,Macaque,UpperIleum,1,0.9294564740866491,0.9294564740866491,0.9294564740866491
SLC22A1,SLC,Dog,Bone,1,0.02621633400343361,0.02621633400343361,0.02621633400343361
SLC22A1,SLC,Dog,Brain,1,0.01174182179982482,0.01174182179982482,0.01174182179982482
SLC22A1,SLC,Dog,Caecum,1,0.002600330309191926,0.002600330309191926,0.002600330309191926
SLC22A1,SLC,Dog,ColonAscendens,1,0.002600330309191926,0.002600330309191926,0.002600330309191926
SLC22A1,SLC,Dog,ColonDescendens,1,0.002600330309191926,0.002600330309191926,0.002600330309191926
SLC22A1,SLC,Dog,ColonSigmoid,1,0.002600330309191926,0.002600330309191926,0.002600330309191926
SLC22A1,SLC,Dog,ColonTransversum,1,0.002600330309191926,0.002600330309191926,0.002600330309191926
SLC22A1,SLC,Dog,Embryo,1,0.03606389160302603,0.03606389160302603,0.03606389160302603
SLC22A1,SLC,Dog,Fat,10,0.19495345816331877,0.154956261714487,0.5514143690449558
SLC22A1,SLC,Dog,Gonads,1,0.01157116351617183,0.01157116351617183,0.01157116351617183
SLC22A1,SLC,Dog,Heart,4,5.278481452851404e-4,5.26416819571396e-4,5.696966503075384e-4
SLC22A1,SLC,Dog,Kidney,11,0.23412789852775698,0.06308255337947534,1
SLC22A1,SLC,Dog,LargeIntestine,1,0.002600330309191926,0.002600330309191926,0.002600330309191926
SLC22A1,SLC,Dog,LymphNode,1,0.00621225805425234,0.00621225805425234,0.00621225805425234
SLC22A1,SLC,Dog,Muscle,4,0.0026027535631146332,0.0013990629746933043,0.006475810596793743
SLC22A1,SLC,Dog,Pericentral,26,0.04240590180532087,0.027513914618501254,0.1246147099992418
SLC22A1,SLC,Dog,Periportal,26,0.04240590180532087,0.027513914618501254,0.1246147099992418
SLC22A1,SLC,Dog,Rectum,1,0.002600330309191926,0.002600330309191926,0.002600330309191926
SLC22A1,SLC,Dog,Skin,11,0.054043567717270924,0.017382357928990757,0.31381066681552916
SLC22A1,SLC,Dog,Spleen,1,0.006483941657545376,0.006483941657545376,0.006483941657545376
SLC22A1,SLC,Dog,Thyroid,2,0.004042180441398426,0.004042180441398426,0.004415102524100931
SLC22A1,SLC,Rat,Brain,6,0.0019968658305856493,0.0016279233673211074,0.004611999800576905
SLC22A1,SLC,Rat,Caecum,18,0.08881170278217451,0.08106489967164135,0.24024443867161674
SLC22A1,SLC,Rat,ColonAscendens,18,0.08881170278217451,0.08106489967164135,0.24024443867161674
SLC22A1,SLC,Rat,ColonDescendens,18,0.08881170278217451,0.08106489967164135,0.24024443867161674
SLC22A1,SLC,Rat,ColonSigmoid,18,0.08881170278217451,0.08106489967164135,0.24024443867161674
SLC22A1,SLC,Rat,ColonTransversum,18,0.08881170278217451,0.08106489967164135,0.24024443867161674
SLC22A1,SLC,Rat,Duodenum,3,0.1502578232436249,0.14340659074562248,0.198382522353313
SLC22A1,SLC,Rat,Esophagus,2,0.0031347854628315224,0.0031347854628315224,0.003486846703595375
SLC22A1,SLC,Rat,Fat,4,0.003026244110815577,0.0023345491420506967,0.005312514196463672
SLC22A1,SLC,Rat,Gonads,26,0.01052759100111305,0.008845416588906203,0.027183753616498305
SLC22A1,SLC,Rat,Heart,86,0.01073661869553369,0.009264477699662635,0.02693156822748086
SLC22A1,SLC,Rat,Kidney,90,0.4196189022357762,0.3438613756847947,1
SLC22A1,SLC,Rat,LargeIntestine,18,0.08881170278217451,0.08106489967164135,0.24024443867161674
SLC22A1,SLC,Rat,LowerIleum,2,0.1268114262292565,0.1268114262292565,0.15469703503192186
SLC22A1,SLC,Rat,LowerJejunum,3,0.11406631104986958,0.10538163524500897,0.14647542559872778
SLC22A1,SLC,Rat,Lung,16,0.041163119639967806,0.019720000972265526,0.24011174076688022
SLC22A1,SLC,Rat,Muscle,20,0.0016067465742219864,6.147327283596376e-4,0.0068639544352157135
SLC22A1,SLC,Rat,Myometrium,2,0.07146368928702317,0.07146368928702317,0.08253762629044736
SLC22A1,SLC,Rat,Pancreas,1,0.01202698926886877,0.01202698926886877,0.01202698926886877
SLC22A1,SLC,Rat,Pericentral,134,0.27067625929480793,0.29100722264542644,0.8238637691081221
SLC22A1,SLC,Rat,Periportal,134,0.27067625929480793,0.29100722264542644,0.8238637691081221
SLC22A1,SLC,Rat,Rectum,18,0.08881170278217451,0.08106489967164135,0.24024443867161674
SLC22A1,SLC,Rat,Skin,6,0.003636234963666442,0.003109850079162697,0.00631757545096767
SLC22A1,SLC,Rat,SmallIntestine,8,0.13082440691737457,0.12619547368878087,0.198382522353313
SLC22A1,SLC,Rat,Spleen,1,0.04681297449978268,0.04681297449978268,0.04681297449978268
SLC22A1,SLC,Rat,Stomach,1,0.002617152122377025,0.002617152122377025,0.002617152122377025
SLC22A1,SLC,Rat,Thymus,14,0.03409837030035539,0.035013524233779375,0.04919233932075924
SLC22A1,SLC,Rat,Thyroid,2,0.006463437709194696,0.006463437709194696,0.01133315114600647
SLC22A1,SLC,Rat,Undefined,1,0.0023679566195580824,0.0023679566195580824,0.0023679566195580824
SLC22A1,SLC,Rat,UpperIleum,2,0.1268114262292565,0.1268114262292565,0.15469703503192186
SLC22A1,SLC,Rat,UpperJejunum,3,0.11406631104986958,0.10538163524500897,0.14647542559872778
SLC22A1,SLC,Mouse,BloodCells,11,0.0030492343662977817,0.002479358132060484,0.005116549082566712
SLC22A1,SLC,Mouse,Bone,31,0.021999385084436707,0.01435297072884742,0.07055489317419986
SLC22A1,SLC,Mouse,Brain,125,0.002694712579432633,0.0012116512416651237,0.033999365477049744
SLC22A1,SLC,Mouse,Breasts,1,0.0021522649007096324,0.0021522649007096324,0.0021522649007096324
SLC22A1,SLC,Mouse,Caecum,32,0.0372184353083197,0.014400281333551672,0.27104435908739005
SLC22A1,SLC,Mouse,ColonAscendens,32,0.0372184353083197,0.014400281333551672,0.27104435908739005
SLC22A1,SLC,Mouse,ColonDescendens,32,0.0372184353083197,0.014400281333551672,0.27104435908739005
SLC22A1,SLC,Mouse,ColonSigmoid,34,0.035606098604097094,0.012620463037199924,0.27104435908739005
SLC22A1,SLC,Mouse,ColonTransversum,32,0.0372184353083197,0.014400281333551672,0.27104435908739005
SLC22A1,SLC,Mouse,Duodenum,133,0.10024713609781903,0.10837542621037158,0.22469082251747685
SLC22A1,SLC,Mouse,Embryo,28,0.0015686848759028107,0.001383243824723252,0.005050649575364507
SLC22A1,SLC,Mouse,Esophagus,2,4.930001950793459e-4,4.930001950793459e-4,7.764126126378673e-4
SLC22A1,SLC,Mouse,Fat,65,0.005922732396291117,0.0035850901446885636,0.03315802859153632
SLC22A1,SLC,Mouse,Gonads,96,0.0027864668965132075,0.002062199658800941,0.015315806048788886
SLC22A1,SLC,Mouse,Heart,239,0.015680821082886754,0.011616777123405494,0.18612358474431137
SLC22A1,SLC,Mouse,Kidney,222,0.3034245082095174,0.367758542149413,0.8655914010550245
SLC22A1,SLC,Mouse,LargeIntestine,34,0.035606098604097094,0.012620463037199924,0.27104435908739005
SLC22A1,SLC,Mouse,LowerIleum,129,0.09817817637418348,0.10820460005357091,0.22469082251747685
SLC22A1,SLC,Mouse,LowerJejunum,129,0.09859107490540309,0.10820460005357091,0.22469082251747685
SLC22A1,SLC,Mouse,Lung,123,0.014499399395265677,0.009024892663773754,0.23587331889770166
SLC22A1,SLC,Mouse,Muscle,67,7.506330224387901e-4,4.760421847727973e-4,0.0029065801048266714
SLC22A1,SLC,Mouse,Myometrium,1,0.006654110830394923,0.006654110830394923,0.006654110830394923
SLC22A1,SLC,Mouse,Pancreas,17,0.03602519711924515,0.008871547206561678,0.23358354445225876
SLC22A1,SLC,Mouse,Pericentral,290,0.24738576781849864,0.26636792517079017,1
SLC22A1,SLC,Mouse,Periportal,290,0.24738576781849864,0.26636792517079017,1
SLC22A1,SLC,Mouse,Placenta,12,0.0039549944389221355,0.0027225521293290007,0.013219035702529393
SLC22A1,SLC,Mouse,Plasma,10,0.1746412118434914,0.17548023344111735,0.255303207226039
SLC22A1,SLC,Mouse,Rectum,32,0.0372184353083197,0.014400281333551672,0.27104435908739005
SLC22A1,SLC,Mouse,Skin,50,0.007709493188846819,0.001185171184872735,0.0567628745104604
SLC22A1,SLC,Mouse,SmallIntestine,139,0.09752533863812708,0.10703253716489461,0.22469082251747685
SLC22A1,SLC,Mouse,Spleen,8,0.009298201768330305,0.00862620621644604,0.02116907812771693
SLC22A1,SLC,Mouse,Stomach,14,0.00674442126659081,0.0065309682771865964,0.01863882977292768
SLC22A1,SLC,Mouse,Thymus,9,0.0018023139120204065,0.0021192497055499975,0.0032334446477457974
SLC22A1,SLC,Mouse,Thyroid,3,7.36580323334701e-4,5.306707833208557e-4,0.0011806344586301953
SLC22A1,SLC,Mouse,Undefined,30,0.0021765746010539732,0.001025409757044626,0.01265166783679976
SLC22A1,SLC,Mouse,UpperIleum,129,0.09817817637418348,0.10820460005357091,0.22469082251747685
SLC22A1,SLC,Mouse,UpperJejunum,129,0.09859107490540309,0.10820460005357091,0.22469082251747685
SLC22A11,OAT,Human,BloodCells,33,8.70248380425229e-4,7.162772540293951e-4,0.0030104071882948915
SLC22A11,OAT,Human,Bone,1,6.067868787694333e-4,6.067868787694333e-4,6.067868787694333e-4
SLC22A11,OAT,Human,Brain,345,6.442765307011594e-4,4.022940817105473e-4,0.010758745653568408
SLC22A11,OAT,Human,Breasts,18,0.0013229475518441352,9.108610237683648e-4,0.007064356177670888
SLC22A11,OAT,Human,Caecum,11,9.355606500608388e-4,0.001039411470598188,0.0022332376479228962
SLC22A11,OAT,Human,Cartilage,3,0.008229869951195923,0.009721448917101042,0.010569289155322566
SLC22A11,OAT,Human,ColonAscendens,11,9.355606500608388e-4,0.001039411470598188,0.0022332376479228962
SLC22A11,OAT,Human,ColonDescendens,11,9.355606500608388e-4,0.001039411470598188,0.0022332376479228962
SLC22A11,OAT,Human,ColonSigmoid,32,6.388681427128988e-4,4.3788966210151707e-4,0.0022332376479228962
SLC22A11,OAT,Human,ColonTransversum,48,5.549260230784074e-4,3.904212505516063e-4,0.0022332376479228962
SLC22A11,OAT,Human,Duodenum,6,0.001028720785396669,8.392036968140277e-4,0.0022332376479228962
SLC22A11,OAT,Human,Embryo,7,0.031639178930753464,0.0015267655851168098,0.20864078807333408
SLC22A11,OAT,Human,Endometrium,71,0.001226661765749497,9.645510581109916e-4,0.005085149573763198
SLC22A11,OAT,Human,Esophagus,1,2.3964386629432934e-4,2.3964386629432934e-4,2.3964386629432934e-4
SLC22A11,OAT,Human,Eye,31,0.0013505174293086725,0.001168252208898027,0.005047313788378856
SLC22A11,OAT,Human,Fat,92,5.098790078850918e-4,3.7041847668249834e-4,0.0024951260116215512
SLC22A11,OAT,Human,GallBladder,4,9.36880336098988e-4,8.257322508535435e-4,0.001514430503949043
SLC22A11,OAT,Human,Gonads,220,0.008616197645689744,0.0018641688409882272,0.21194689804781922
SLC22A11,OAT,Human,Heart,42,5.388893149068965e-4,3.3405058700766406e-4,0.0057374917528039936
SLC22A11,OAT,Human,Kidney,103,0.21097185870789573,0.04729405780401157,1
SLC22A11,OAT,Human,LargeIntestine,71,5.400551775099469e-4,3.897244140836977e-4,0.0022332376479228962
SLC22A11,OAT,Human,LowerIleum,6,0.001028720785396669,8.392036968140277e-4,0.0022332376479228962
SLC22A11,OAT,Human,LowerJejunum,6,0.001028720785396669,8.392036968140277e-4,0.0022332376479228962
SLC22A11,OAT,Human,Lung,13,0.0011331005240354066,9.583200303135015e-4,0.002756862466243743
SLC22A11,OAT,Human,LymphNode,26,4.901764986411959e-4,4.378523187714286e-4,0.0015788839825853374
SLC22A11,OAT,Human,Muscle,27,2.1344834349140907e-4,1.7276823263821247e-4,7.865269007164133e-4
SLC22A11,OAT,Human,Myometrium,14,8.663989568548521e-4,5.887126495941217e-4,0.002155447632749425
SLC22A11,OAT,Human,Pancreas,57,0.0011824771258924336,8.606721379158625e-4,0.005836932931199403
SLC22A11,OAT,Human,Pericentral,90,0.0019994584120911216,8.810202238675603e-4,0.020387016946057147
SLC22A11,OAT,Human,Periportal,90,0.0019994584120911216,8.810202238675603e-4,0.020387016946057147
SLC22A11,OAT,Human,Placenta,10,0.39025385248418265,0.36709812868766223,0.5633310164653569
SLC22A11,OAT,Human,Plasma,62,6.091442490157344e-4,4.914487435025793e-4,0.001793247914343792
SLC22A11,OAT,Human,Rectum,13,9.112324792283352e-4,0.001039411470598188,0.0022332376479228962
SLC22A11,OAT,Human,SalivaryGland,12,7.019520118673961e-4,6.327761497041278e-4,0.0016237699190055405
SLC22A11,OAT,Human,Skin,19,8.087070058500021e-4,6.170398662220083e-4,0.0025582201674192494
SLC22A11,OAT,Human,SmallIntestine,6,0.001028720785396669,8.392036968140277e-4,0.0022332376479228962
SLC22A11,OAT,Human,Spleen,74,0.001965902585902123,0.0016492473706835988,0.008614614497383785
SLC22A11,OAT,Human,Stomach,14,4.144852816802964e-4,2.768413505796066e-4,0.0018797630945731863
SLC22A11,OAT,Human,Thyroid,74,0.0012283244778132684,8.856434788106942e-4,0.006722368033436493
SLC22A11,OAT,Human,Undefined,38,0.001238726741500525,6.333602277871543e-4,0.02012137815093678
SLC22A11,OAT,Human,UpperIleum,6,0.001028720785396669,8.392036968140277e-4,0.0022332376479228962
SLC22A11,OAT,Human,UpperJejunum,6,0.001028720785396669,8.392036968140277e-4,0.0022332376479228962
SLC22A11,OAT,Macaque,Brain,63,9.254266678513492e-4,6.764244549935578e-4,0.0031693288277134554
SLC22A11,OAT,Macaque,Gonads,17,0.0034039005222373333,0.0021389618716031135,0.014412092667355325
SLC22A11,OAT,Macaque,Heart,15,3.5679634601102554e-4,1.6815321330940314e-4,0.0010085061263405898
SLC22A11,OAT,Macaque,Kidney,57,0.2932142985966758,0.25032327486310885,1
SLC22A11,OAT,Macaque,Lung,4,0.005089234819509984,0.006014149802281932,0.007057711817070094
SLC22A11,OAT,Macaque,Muscle,4,0.0010493187579759024,2.5838813562428266e-4,0.003574639757496763
SLC22A11,OAT,Macaque,Pericentral,69,0.001993277196916167,8.55168904664252e-4,0.024739295975675344
SLC22A11,OAT,Macaque,Periportal,69,0.001993277196916167,8.55168904664252e-4,0.024739295975675344
SLC22A11,OAT,Macaque,Spleen,1,3.881094802838695e-4,3.881094802838695e-4,3.881094802838695e-4
SLC22A11,OAT,Macaque,Undefined,1,3.3027868307634303e-4,3.3027868307634303e-4,3.3027868307634303e-4
SLC22A11,OAT,Dog,BloodCells,1,0.0048811978879600105,0.0048811978879600105,0.0048811978879600105
SLC22A11,OAT,Dog,Brain,2,0.0029264682923700563,0.0029264682923700563,0.0029312431464035417
SLC22A11,OAT,Dog,Embryo,1,0.28851303104582365,0.28851303104582365,0.28851303104582365
SLC22A11,OAT,Dog,Gonads,1,0.0020323364321586,0.0020323364321586,0.0020323364321586
SLC22A11,OAT,Dog,Heart,2,8.733040239724975e-4,8.733040239724975e-4,8.742617279201223e-4
SLC22A11,OAT,Dog,Kidney,12,0.39807388737009675,0.3340219053484548,1
SLC22A11,OAT,Dog,Lung,2,0.0023715222773286315,0.0023715222773286315,0.0023819849199745017
SLC22A11,OAT,Dog,Muscle,4,0.002562987477513085,0.001938268101981795,0.005803023376344948
SLC22A11,OAT,Dog,Pericentral,26,0.010646252212066342,0.0063716063559223724,0.03399102640762414
SLC22A11,OAT,Dog,Periportal,26,0.010646252212066342,0.0063716063559223724,0.03399102640762414
SLC22A11,OAT,Dog,Thymus,1,0.09864836995844055,0.09864836995844055,0.09864836995844055
SLC22A6,OAT,Human,BloodCells,24,5.63596321669488e-4,3.7974655375561724e-4,0.00190890851894603
SLC22A6,OAT,Human,Brain,1372,0.003504305229951347,0.002054338166050847,0.1643070977794343
SLC22A6,OAT,Human,Caecum,8,0.002726310150261188,0.003080826669244742,0.0043413504448161
SLC22A6,OAT,Human,ColonAscendens,8,0.002726310150261188,0.003080826669244742,0.0043413504448161
SLC22A6,OAT,Human,ColonDescendens,8,0.002726310150261188,0.003080826669244742,0.0043413504448161
SLC22A6,OAT,Human,ColonSigmoid,10,0.0022767420890345675,0.0022722054564426495,0.0043413504448161
SLC22A6,OAT,Human,ColonTransversum,8,0.002726310150261188,0.003080826669244742,0.0043413504448161
SLC22A6,OAT,Human,Duodenum,5,0.0025065462846521522,0.0036390770191494473,0.004192968414395817
SLC22A6,OAT,Human,Embryo,13,0.04115557955404424,0.0111485923316836,0.29272377959625456
SLC22A6,OAT,Human,Endometrium,2,3.3475303804080263e-4,3.3475303804080263e-4,4.573194690542785e-4
SLC22A6,OAT,Human,Eye,41,0.02513353305928909,0.01247111837605886,0.10943834831620444
SLC22A6,OAT,Human,Fat,4,7.742110269388921e-4,5.305266969393709e-4,0.0019265975593093332
SLC22A6,OAT,Human,GallBladder,2,3.9857452840283387e-4,3.9857452840283387e-4,5.066628197486374e-4
SLC22A6,OAT,Human,Gonads,18,0.002835310135013977,0.001221232799261352,0.009759129318484177
SLC22A6,OAT,Human,Heart,10,1.8715568338613904e-4,8.337115167083121e-5,8.562173781880055e-4
SLC22A6,OAT,Human,Kidney,98,0.25572312523881674,0.07088695697346521,1
SLC22A6,OAT,Human,LargeIntestine,10,0.0022767420890345675,0.0022722054564426495,0.0043413504448161
SLC22A6,OAT,Human,LowerIleum,4,0.003078225766764571,0.003784507744574923,0.004192968414395817
SLC22A6,OAT,Human,LowerJejunum,4,0.003078225766764571,0.003784507744574923,0.004192968414395817
SLC22A6,OAT,Human,Lung,3,0.013782340261991474,0.008474763681584936,0.028284462299251283
SLC22A6,OAT,Human,LymphNode,1,2.8974849518286324e-4,2.8974849518286324e-4,2.8974849518286324e-4
SLC22A6,OAT,Human,Muscle,11,1.008229502782014e-4,8.664129502373354e-5,1.9002843356914087e-4
SLC22A6,OAT,Human,Pericentral,11,0.0018759519853160144,6.602254044469204e-4,0.00558477942862148
SLC22A6,OAT,Human,Periportal,11,0.0018759519853160144,6.602254044469204e-4,0.00558477942862148
SLC22A6,OAT,Human,Plasma,5,3.2431509616555603e-4,2.7335463939669766e-4,6.650098535971596e-4
SLC22A6,OAT,Human,Rectum,8,0.002726310150261188,0.003080826669244742,0.0043413504448161
SLC22A6,OAT,Human,Skin,6,0.0022821596349393587,0.0012507439584635964,0.008280504831047756
SLC22A6,OAT,Human,SmallIntestine,5,0.0025065462846521522,0.0036390770191494473,0.004192968414395817
SLC22A6,OAT,Human,Stomach,4,4.396691846684296e-4,1.2116927089214196e-4,0.0014436680265394295
SLC22A6,OAT,Human,Undefined,5,8.207067851998575e-4,8.303806612119523e-4,0.0011993365344774918
SLC22A6,OAT,Human,UpperIleum,4,0.003078225766764571,0.003784507744574923,0.004192968414395817
SLC22A6,OAT,Human,UpperJejunum,4,0.003078225766764571,0.003784507744574923,0.004192968414395817
SLC22A6,OAT,Macaque,Brain,625,0.007484705449424735,0.003932862764771362,0.34192467652318265
SLC22A6,OAT,Macaque,Eye,1,0.002652516375542037,0.002652516375542037,0.002652516375542037
SLC22A6,OAT,Macaque,Gonads,23,0.002452159627364158,0.0013285957445864653,0.013595835158233512
SLC22A6,OAT,Macaque,Heart,21,1.8218946707418868e-4,1.2052924740896599e-4,4.5059477193947357e-4
SLC22A6,OAT,Macaque,Kidney,57,0.23141244639323152,0.18762970690521563,1
SLC22A6,OAT,Macaque,Lung,4,0.0022383516197227583,0.0025418988386722704,0.0028741476181107788
SLC22A6,OAT,Macaque,Muscle,4,0.0011760874752597956,2.8995820641267194e-4,0.004028145738112594
SLC22A6,OAT,Macaque,Pericentral,17,1.8968535705801226e-4,1.319368548910953e-4,6.750262559978871e-4
SLC22A6,OAT,Macaque,Periportal,17,1.8968535705801226e-4,1.319368548910953e-4,6.750262559978871e-4
SLC22A6,OAT,Macaque,Spleen,2,3.514164743782682e-4,3.514164743782682e-4,3.912909195077459e-4
SLC22A6,OAT,Macaque,Undefined,32,0.006354178978581689,0.003045605943628163,0.022798385032165587
SLC22A6,OAT,Dog,Bone,1,0.002521575815847574,0.002521575815847574,0.002521575815847574
SLC22A6,OAT,Dog,Brain,30,0.02081051296167863,0.019496053623187067,0.0776994901660472
SLC22A6,OAT,Dog,Embryo,1,0.18607587739600406,0.18607587739600406,0.18607587739600406
SLC22A6,OAT,Dog,Eye,1,0.08541695509885389,0.08541695509885389,0.08541695509885389
SLC22A6,OAT,Dog,Gonads,15,0.014884051590413607,0.014328810752762494,0.04308151546792874
SLC22A6,OAT,Dog,Heart,2,4.5206301338213416e-4,4.5206301338213416e-4,4.5358463899628344e-4
SLC22A6,OAT,Dog,Kidney,13,0.30451292420908566,0.27788342994443355,1
SLC22A6,OAT,Dog,Lung,1,0.001533223129130621,0.001533223129130621,0.001533223129130621
SLC22A6,OAT,Dog,Muscle,4,0.001839582667238196,0.0013282358003856274,0.00424810087783263
SLC22A6,OAT,Dog,Skin,2,0.0031795408070175958,0.0031795408070175958,0.004314054657137081
SLC22A6,OAT,Dog,Undefined,5,0.0047182228695628395,0.0030517247136704635,0.011821830001644162
SLC22A6,OAT,Rat,Brain,279,0.023301156387318278,0.015358103216431931,0.12540736176506334
SLC22A6,OAT,Rat,Caecum,2,0.001972342830776847,0.001972342830776847,0.0025488646829192837
SLC22A6,OAT,Rat,ColonAscendens,2,0.001972342830776847,0.001972342830776847,0.0025488646829192837
SLC22A6,OAT,Rat,ColonDescendens,2,0.001972342830776847,0.001972342830776847,0.0025488646829192837
SLC22A6,OAT,Rat,ColonSigmoid,2,0.001972342830776847,0.001972342830776847,0.0025488646829192837
SLC22A6,OAT,Rat,ColonTransversum,2,0.001972342830776847,0.001972342830776847,0.0025488646829192837
SLC22A6,OAT,Rat,Duodenum,1,7.447148295012821e-4,7.447148295012821e-4,7.447148295012821e-4
SLC22A6,OAT,Rat,Esophagus,1,0.0016942872576519836,0.0016942872576519836,0.0016942872576519836
SLC22A6,OAT,Rat,Gonads,10,0.0067063935974062665,0.0024180849918066065,0.03595511103161098
SLC22A6,OAT,Rat,Heart,7,6.723696196828958e-4,5.340289052239719e-4,0.001447509178222964
SLC22A6,OAT,Rat,Kidney,95,0.3520296565769585,0.306303540436432,1
SLC22A6,OAT,Rat,LargeIntestine,2,0.001972342830776847,0.001972342830776847,0.0025488646829192837
SLC22A6,OAT,Rat,LowerIleum,2,0.0010021124638505679,0.0010021124638505679,0.0012070911739877285
SLC22A6,OAT,Rat,LowerJejunum,2,0.0010747286930494013,0.0010747286930494013,0.0012194408026769531
SLC22A6,OAT,Rat,Muscle,6,0.0020014317589275186,0.0014190057862712509,0.0038415913418516456
SLC22A6,OAT,Rat,Pericentral,33,0.006381709208011108,3.4146463823928036e-4,0.188686544990592
SLC22A6,OAT,Rat,Periportal,33,0.006381709208011108,3.4146463823928036e-4,0.188686544990592
SLC22A6,OAT,Rat,Rectum,2,0.001972342830776847,0.001972342830776847,0.0025488646829192837
SLC22A6,OAT,Rat,SmallIntestine,5,9.79679428660244e-4,9.300165834218493e-4,0.0012194408026769531
SLC22A6,OAT,Rat,Stomach,1,0.0015490610330676274,0.0015490610330676274,0.0015490610330676274
SLC22A6,OAT,Rat,Thymus,1,0.0033894185610562084,0.0033894185610562084,0.0033894185610562084
SLC22A6,OAT,Rat,UpperIleum,2,0.0010021124638505679,0.0010021124638505679,0.0012070911739877285
SLC22A6,OAT,Rat,UpperJejunum,2,0.0010747286930494013,0.0010747286930494013,0.0012194408026769531
SLC22A6,OAT,Mouse,BloodCells,4,0.0019291436802215782,0.0019202048111302628,0.002472687846731913
SLC22A6,OAT,Mouse,Bone,1,7.051734504254054e-4,7.051734504254054e-4,7.051734504254054e-4
SLC22A6,OAT,Mouse,Brain,394,0.008984105927875916,0.007583706706200487,0.057852165695876354
SLC22A6,OAT,Mouse,Caecum,1,5.40703618394991e-4,5.40703618394991e-4,5.40703618394991e-4
SLC22A6,OAT,Mouse,ColonAscendens,1,5.40703618394991e-4,5.40703618394991e-4,5.40703618394991e-4
SLC22A6,OAT,Mouse,ColonDescendens,1,5.40703618394991e-4,5.40703618394991e-4,5.40703618394991e-4
SLC22A6,OAT,Mouse,ColonSigmoid,1,5.40703618394991e-4,5.40703618394991e-4,5.40703618394991e-4
SLC22A6,OAT,Mouse,ColonTransversum,1,5.40703618394991e-4,5.40703618394991e-4,5.40703618394991e-4
SLC22A6,OAT,Mouse,Embryo,38,0.008494452388398115,0.003301581539397606,0.04556668977437285
SLC22A6,OAT,Mouse,Eye,7,0.0018702615689972482,0.0016156907888231079,0.0032882624193805022
SLC22A6,OAT,Mouse,Gonads,18,0.002482321462350005,0.001256462535563884,0.009895348916566748
SLC22A6,OAT,Mouse,Heart,13,2.6309533012503633e-4,2.9632879314900573e-4,5.108174572889624e-4
SLC22A6,OAT,Mouse,Kidney,229,0.26097612682275334,0.22174593064532466,1
SLC22A6,OAT,Mouse,LargeIntestine,1,5.40703618394991e-4,5.40703618394991e-4,5.40703618394991e-4
SLC22A6,OAT,Mouse,LowerJejunum,1,2.47175291739674e-4,2.47175291739674e-4,2.47175291739674e-4
SLC22A6,OAT,Mouse,Muscle,7,3.1711267616959236e-4,2.3974450938537507e-4,9.44578986103135e-4
SLC22A6,OAT,Mouse,Pancreas,4,0.014793986195702593,0.007220639000480802,0.041390923985436735
SLC22A6,OAT,Mouse,Pericentral,8,2.4782762525869145e-4,2.1111323632790836e-4,5.824935449907868e-4
SLC22A6,OAT,Mouse,Periportal,8,2.4782762525869145e-4,2.1111323632790836e-4,5.824935449907868e-4
SLC22A6,OAT,Mouse,Placenta,6,0.008261988816587169,0.001402815527837902,0.026196971182056664
SLC22A6,OAT,Mouse,Rectum,1,5.40703618394991e-4,5.40703618394991e-4,5.40703618394991e-4
SLC22A6,OAT,Mouse,Skin,2,0.012386461218541327,0.012386461218541327,0.013685525809158805
SLC22A6,OAT,Mouse,SmallIntestine,1,2.47175291739674e-4,2.47175291739674e-4,2.47175291739674e-4
SLC22A6,OAT,Mouse,Stomach,1,3.929747562969197e-4,3.929747562969197e-4,3.929747562969197e-4
SLC22A6,OAT,Mouse,Undefined,23,0.0040429171974475896,0.002312718047387341,0.016872155887503185
SLC22A6,OAT,Mouse,UpperJejunum,1,2.47175291739674e-4,2.47175291739674e-4,2.47175291739674e-4
SLC22A7,OAT,Human,BloodCells,199,0.0019888498366638467,0.0014655493927914441,0.01531581547714648
SLC22A7,OAT,Human,Bone,6,0.0020195055044785895,0.0015743315357826776,0.0034747384748420817
SLC22A7,OAT,Human,Brain,1404,0.0026349511955235027,0.0016219793550870708,0.04358948235647863
SLC22A7,OAT,Human,Breasts,14,6.972550580305372e-4,4.910857727448388e-4,0.002339296316380696
SLC22A7,OAT,Human,Caecum,12,0.0033520344884543913,0.0022857751374717548,0.009939632875849204
SLC22A7,OAT,Human,ColonAscendens,12,0.0033520344884543913,0.0022857751374717548,0.009939632875849204
SLC22A7,OAT,Human,ColonDescendens,12,0.0033520344884543913,0.0022857751374717548,0.009939632875849204
SLC22A7,OAT,Human,ColonSigmoid,62,0.0011480650106115908,6.444977673829112e-4,0.009939632875849204
SLC22A7,OAT,Human,ColonTransversum,62,0.0010568194129636458,5.102454779564785e-4,0.009939632875849204
SLC22A7,OAT,Human,Duodenum,13,0.0036219943788836032,0.003057320754482685,0.009939632875849204
SLC22A7,OAT,Human,Embryo,33,0.006455948644154429,0.003848759557367881,0.08275914626831546
SLC22A7,OAT,Human,Endometrium,72,0.001071494156907703,9.25511393900056e-4,0.0032762950034704664
SLC22A7,OAT,Human,Esophagus,2,3.245499857024484e-4,3.245499857024484e-4,3.408296910228518e-4
SLC22A7,OAT,Human,Eye,21,0.0015822801292335819,0.0010073194479018818,0.0046979743380183535
SLC22A7,OAT,Human,Fat,237,5.726592677854387e-4,5.064259261925271e-4,0.002396908226602598
SLC22A7,OAT,Human,GallBladder,1,0.001576508626700969,0.001576508626700969,0.001576508626700969
SLC22A7,OAT,Human,Gonads,308,0.02834484967727527,0.015751625316772867,0.16619360207518472
SLC22A7,OAT,Human,Heart,224,0.0018081049389734336,7.456485497180987e-4,0.020459591337239597
SLC22A7,OAT,Human,Kidney,92,0.20606508382415156,0.04330345797296842,0.9791804049838048
SLC22A7,OAT,Human,LargeIntestine,113,8.818184961744147e-4,5.61744170220329e-4,0.009939632875849204
SLC22A7,OAT,Human,LowerIleum,9,0.004092237101969307,0.003057320754482685,0.009939632875849204
SLC22A7,OAT,Human,LowerJejunum,9,0.004092237101969307,0.003057320754482685,0.009939632875849204
SLC22A7,OAT,Human,Lung,7,0.0010302859202370059,8.798214441339626e-4,0.0017759518834090844
SLC22A7,OAT,Human,LymphNode,66,0.0012214689547294514,8.166679763620794e-4,0.005384166849369928
SLC22A7,OAT,Human,Muscle,67,2.9262892489794146e-4,2.0606536681379452e-4,0.0017229924696690806
SLC22A7,OAT,Human,Myometrium,17,0.001259823247329976,0.0011526932068081802,0.0023661102075663307
SLC22A7,OAT,Human,Pancreas,51,7.582501228196603e-4,6.422024706212832e-4,0.0019429439839748076
SLC22A7,OAT,Human,Pericentral,133,0.25179237200026294,0.162861385256711,1
SLC22A7,OAT,Human,Periportal,133,0.25179237200026294,0.162861385256711,1
SLC22A7,OAT,Human,Plasma,103,5.730304915550049e-4,4.782123562672037e-4,0.0022886146247258162
SLC22A7,OAT,Human,Rectum,12,0.0033520344884543913,0.0022857751374717548,0.009939632875849204
SLC22A7,OAT,Human,SalivaryGland,13,8.403124760667448e-4,8.222221320820406e-4,0.002280216353374384
SLC22A7,OAT,Human,Skin,303,0.0012914293430357504,0.0010244380553941668,0.005317356970900665
SLC22A7,OAT,Human,SmallIntestine,13,0.0036219943788836032,0.003057320754482685,0.009939632875849204
SLC22A7,OAT,Human,Spleen,75,0.004117815845406608,0.0016376980856471876,0.1597984459998219
SLC22A7,OAT,Human,Stomach,72,8.955798380684129e-4,4.451664256041589e-4,0.01329761956334887
SLC22A7,OAT,Human,Thyroid,47,0.001034194018298589,7.759572759531402e-4,0.0034732019380435608
SLC22A7,OAT,Human,Undefined,132,0.0011878104166092856,7.620783311713334e-4,0.02049433287557556
SLC22A7,OAT,Human,UpperIleum,9,0.004092237101969307,0.003057320754482685,0.009939632875849204
SLC22A7,OAT,Human,UpperJejunum,9,0.004092237101969307,0.003057320754482685,0.009939632875849204
SLC22A7,OAT,Macaque,Brain,591,0.005377866963883221,0.003722447814050409,0.03427613020878052
SLC22A7,OAT,Macaque,Eye,4,0.010831869724866636,0.010310515089132975,0.013376275206852034
SLC22A7,OAT,Macaque,Gonads,48,0.028316772969299506,0.013944243797234662,0.33370802653185394
SLC22A7,OAT,Macaque,Heart,39,0.0015677195657254617,0.001047825177230928,0.0067814369824801555
SLC22A7,OAT,Macaque,Kidney,56,0.07927451461875445,0.07376141558585912,0.22218284900178212
SLC22A7,OAT,Macaque,LowerIleum,1,0.23910579605894053,0.23910579605894053,0.23910579605894053
SLC22A7,OAT,Macaque,Lung,4,0.01719537422182594,0.015267113669128491,0.02931154554962486
SLC22A7,OAT,Macaque,Muscle,3,6.686308119491919e-4,6.381652038870608e-4,8.3576566916234e-4
SLC22A7,OAT,Macaque,Pericentral,85,0.26848520119697783,0.22332181939823828,1
SLC22A7,OAT,Macaque,Periportal,85,0.26848520119697783,0.22332181939823828,1
SLC22A7,OAT,Macaque,SmallIntestine,1,0.23910579605894053,0.23910579605894053,0.23910579605894053
SLC22A7,OAT,Macaque,Spleen,5,0.007080552355506879,0.0022294038127078832,0.02111255271898345
SLC22A7,OAT,Macaque,Undefined,25,0.00345928360735005,0.0016589172193617152,0.009109178200039416
SLC22A7,OAT,Macaque,UpperIleum,1,0.23910579605894053,0.23910579605894053,0.23910579605894053
SLC22A7,OAT,Rat,Brain,4,0.004023801577783995,0.004266461274387576,0.0055606468028356806
SLC22A7,OAT,Rat,Caecum,1,0.0028766293439035084,0.0028766293439035084,0.0028766293439035084
SLC22A7,OAT,Rat,ColonAscendens,1,0.0028766293439035084,0.0028766293439035084,0.0028766293439035084
SLC22A7,OAT,Rat,ColonDescendens,1,0.0028766293439035084,0.0028766293439035084,0.0028766293439035084
SLC22A7,OAT,Rat,ColonSigmoid,1,0.0028766293439035084,0.0028766293439035084,0.0028766293439035084
SLC22A7,OAT,Rat,ColonTransversum,1,0.0028766293439035084,0.0028766293439035084,0.0028766293439035084
SLC22A7,OAT,Rat,Duodenum,3,0.009047892884797147,0.009613354743836495,0.01205353415543222
SLC22A7,OAT,Rat,Gonads,1,0.00915230501554082,0.00915230501554082,0.00915230501554082
SLC22A7,OAT,Rat,Kidney,65,0.11614306017493418,0.05528932535001581,1
SLC22A7,OAT,Rat,LargeIntestine,1,0.0028766293439035084,0.0028766293439035084,0.0028766293439035084
SLC22A7,OAT,Rat,LowerJejunum,2,0.004342317124353309,0.004342317124353309,0.004568033657716822
SLC22A7,OAT,Rat,Lung,1,0.0864035144426679,0.0864035144426679,0.0864035144426679
SLC22A7,OAT,Rat,Pancreas,2,0.029943595104776146,0.029943595104776146,0.031018250149113753
SLC22A7,OAT,Rat,Pericentral,124,0.22140734315995633,0.21619562797817682,0.6254977347853483
SLC22A7,OAT,Rat,Periportal,124,0.22140734315995633,0.21619562797817682,0.6254977347853483
SLC22A7,OAT,Rat,Rectum,1,0.0028766293439035084,0.0028766293439035084,0.0028766293439035084
SLC22A7,OAT,Rat,Skin,1,0.0034514865696808014,0.0034514865696808014,0.0034514865696808014
SLC22A7,OAT,Rat,SmallIntestine,5,0.007165662580619612,0.005476789755122727,0.01205353415543222
SLC22A7,OAT,Rat,Stomach,3,0.008389127158026612,0.009098468091687014,0.009772563012892052
SLC22A7,OAT,Rat,Thyroid,1,0.00700479411997863,0.00700479411997863,0.00700479411997863
SLC22A7,OAT,Rat,UpperJejunum,2,0.004342317124353309,0.004342317124353309,0.004568033657716822
SLC22A7,OAT,Mouse,BloodCells,2,0.0017681628203715671,0.0017681628203715671,0.0017743636511842345
SLC22A7,OAT,Mouse,Bone,6,0.040759281664373,0.023828140787770027,0.14418657249548017
SLC22A7,OAT,Mouse,Brain,160,0.0014052893323198035,7.869193652358354e-4,0.010370608929624955
SLC22A7,OAT,Mouse,Breasts,1,7.421233892136394e-4,7.421233892136394e-4,7.421233892136394e-4
SLC22A7,OAT,Mouse,Caecum,3,0.001160915339205467,7.133894139766864e-4,0.0022495020447280086
SLC22A7,OAT,Mouse,ColonAscendens,3,0.001160915339205467,7.133894139766864e-4,0.0022495020447280086
SLC22A7,OAT,Mouse,ColonDescendens,3,0.001160915339205467,7.133894139766864e-4,0.0022495020447280086
SLC22A7,OAT,Mouse,ColonSigmoid,3,0.001160915339205467,7.133894139766864e-4,0.0022495020447280086
SLC22A7,OAT,Mouse,ColonTransversum,3,0.001160915339205467,7.133894139766864e-4,0.0022495020447280086
SLC22A7,OAT,Mouse,Duodenum,9,6.086030170637848e-4,6.706509281001692e-4,7.803328300457394e-4
SLC22A7,OAT,Mouse,Embryo,27,0.0012451358833561513,8.05047054430417e-4,0.005729153049311905
SLC22A7,OAT,Mouse,Esophagus,3,3.711085346862516e-4,2.975729774661463e-4,5.303085229537574e-4
SLC22A7,OAT,Mouse,Eye,10,0.0012436469343711136,0.0010243092577905042,0.0031430925383546414
SLC22A7,OAT,Mouse,Fat,18,0.0019351331061687625,0.0014964852446657708,0.005031976576954706
SLC22A7,OAT,Mouse,Gonads,75,0.003029939734810327,0.0026595179699273235,0.0209553830175264
SLC22A7,OAT,Mouse,Heart,41,5.38968259284546e-4,3.812911372962046e-4,0.0017123455425305692
SLC22A7,OAT,Mouse,Kidney,208,0.14406330301730502,0.10220365857321817,1
SLC22A7,OAT,Mouse,LargeIntestine,3,0.001160915339205467,7.133894139766864e-4,0.0022495020447280086
SLC22A7,OAT,Mouse,LowerIleum,5,6.876722636312858e-4,7.133894139766864e-4,7.803328300457394e-4
SLC22A7,OAT,Mouse,LowerJejunum,6,6.080568205416345e-4,7.096646755773109e-4,7.803328300457394e-4
SLC22A7,OAT,Mouse,Lung,15,0.005344430213961351,0.004063797097020424,0.012421129713523363
SLC22A7,OAT,Mouse,Muscle,43,2.978051043883494e-4,2.1488283284962076e-4,0.0018753466882882903
SLC22A7,OAT,Mouse,Pancreas,7,0.011922216864559939,0.013002595154001253,0.01688193102100219
SLC22A7,OAT,Mouse,Pericentral,279,0.020394358471700746,0.017230012752163064,0.1102509164783099
SLC22A7,OAT,Mouse,Periportal,279,0.020394358471700746,0.017230012752163064,0.1102509164783099
SLC22A7,OAT,Mouse,Placenta,8,0.004194243739055503,0.0022972622676599506,0.01343670722646481
SLC22A7,OAT,Mouse,Rectum,3,0.001160915339205467,7.133894139766864e-4,0.0022495020447280086
SLC22A7,OAT,Mouse,Skin,6,0.0012322639879352594,5.243793188834533e-4,0.003300385509239065
SLC22A7,OAT,Mouse,SmallIntestine,10,5.687406758667442e-4,6.661624905135292e-4,7.803328300457394e-4
SLC22A7,OAT,Mouse,Spleen,8,0.005964130610386656,0.004139088082486747,0.011685961714122412
SLC22A7,OAT,Mouse,Stomach,2,2.015390728282516e-4,2.015390728282516e-4,2.2613732002350296e-4
SLC22A7,OAT,Mouse,Thymus,16,0.009107815840631561,0.008963826744671912,0.016920296925567034
SLC22A7,OAT,Mouse,Thyroid,2,2.3453314375190528e-4,2.3453314375190528e-4,2.7231622169990267e-4
SLC22A7,OAT,Mouse,Undefined,17,0.0024183744429338064,0.0021277536701773507,0.010070158404913748
SLC22A7,OAT,Mouse,UpperIleum,5,6.876722636312858e-4,7.133894139766864e-4,7.803328300457394e-4
SLC22A7,OAT,Mouse,UpperJejunum,6,6.080568205416345e-4,7.096646755773109e-4,7.803328300457394e-4
SLC22A8,OAT,Human,BloodCells,22,5.102527473442779e-4,3.0657335850977805e-4,0.0012482883200862142
SLC22A8,OAT,Human,Brain,695,0.0025684791731879386,5.64227266441023e-4,0.11305182185980192
SLC22A8,OAT,Human,Breasts,2,2.656800077957705e-4,2.656800077957705e-4,3.0137946286353835e-4
SLC22A8,OAT,Human,Caecum,10,0.003043215662999265,0.00231091412229547,0.0075095718770640365
SLC22A8,OAT,Human,Cartilage,1,0.0025649532468664353,0.0025649532468664353,0.0025649532468664353
SLC22A8,OAT,Human,ColonAscendens,10,0.003043215662999265,0.00231091412229547,0.0075095718770640365
SLC22A8,OAT,Human,ColonDescendens,10,0.003043215662999265,0.00231091412229547,0.0075095718770640365
SLC22A8,OAT,Human,ColonSigmoid,14,0.002223247028661349,0.002033010542342714,0.0075095718770640365
SLC22A8,OAT,Human,ColonTransversum,17,0.0018850022279935479,0.001553417285749481,0.0075095718770640365
SLC22A8,OAT,Human,Duodenum,3,0.0021372091405622226,0.0021162766040886535,0.0023456063370012404
SLC22A8,OAT,Human,Embryo,7,0.015004074081306806,0.0011068271476559668,0.09367984311000775
SLC22A8,OAT,Human,Endometrium,5,2.8327169298723116e-4,3.1003371339224505e-4,3.58480409049725e-4
SLC22A8,OAT,Human,Esophagus,1,2.8608317274056655e-4,2.8608317274056655e-4,2.8608317274056655e-4
SLC22A8,OAT,Human,Eye,47,0.1806265333820233,0.053340895441422155,1
SLC22A8,OAT,Human,Fat,21,3.4561516910031347e-4,2.0563161812942323e-4,0.0017780295775305668
SLC22A8,OAT,Human,GallBladder,3,3.2489117287000797e-4,3.4609702969652813e-4,3.889547778322427e-4
SLC22A8,OAT,Human,Gonads,39,0.0010440376804419357,6.456748986972906e-4,0.004747003911501527
SLC22A8,OAT,Human,Heart,20,2.3428421921346189e-4,6.550450402466546e-5,0.0024558557096923247
SLC22A8,OAT,Human,Kidney,100,0.17175491449744495,0.0447940625293439,0.7227826846374683
SLC22A8,OAT,Human,LargeIntestine,21,0.0015589685546265025,3.921622181063744e-4,0.0075095718770640365
SLC22A8,OAT,Human,LowerIleum,3,0.0021372091405622226,0.0021162766040886535,0.0023456063370012404
SLC22A8,OAT,Human,LowerJejunum,3,0.0021372091405622226,0.0021162766040886535,0.0023456063370012404
SLC22A8,OAT,Human,Lung,10,0.004582297392416891,0.0013907361354716446,0.014953951844307966
SLC22A8,OAT,Human,LymphNode,2,0.002234245078773218,0.002234245078773218,0.003125294048491049
SLC22A8,OAT,Human,Muscle,12,1.015228073132397e-4,8.081507508804467e-5,2.4048890407761195e-4
SLC22A8,OAT,Human,Myometrium,2,0.0012383425219482853,0.0012383425219482853,0.0022259001166411883
SLC22A8,OAT,Human,Pancreas,4,2.5302762269907835e-4,2.618709477143538e-4,3.409672683448722e-4
SLC22A8,OAT,Human,Pericentral,41,0.0035367189621219033,2.7726201627770007e-4,0.12200066345443208
SLC22A8,OAT,Human,Periportal,41,0.0035367189621219033,2.7726201627770007e-4,0.12200066345443208
SLC22A8,OAT,Human,Plasma,15,2.0704833416492136e-4,2.1074038672101334e-4,2.930256694669256e-4
SLC22A8,OAT,Human,Rectum,7,0.0022192001648300955,0.0021162766040886535,0.0046443305915124826
SLC22A8,OAT,Human,Skin,20,0.0010645808918676876,2.595226951017408e-4,0.012497991832231194
SLC22A8,OAT,Human,SmallIntestine,3,0.0021372091405622226,0.0021162766040886535,0.0023456063370012404
SLC22A8,OAT,Human,Spleen,4,5.182722080720478e-4,5.214710282922912e-4,6.710112919182721e-4
SLC22A8,OAT,Human,Stomach,55,3.650485702372795e-4,2.3885233788267007e-4,0.002002814057835947
SLC22A8,OAT,Human,Thyroid,1,3.279583512764324e-4,3.279583512764324e-4,3.279583512764324e-4
SLC22A8,OAT,Human,Undefined,11,5.298953999803435e-4,2.269940266537005e-4,0.0035107016250149063
SLC22A8,OAT,Human,UpperIleum,3,0.0021372091405622226,0.0021162766040886535,0.0023456063370012404
SLC22A8,OAT,Human,UpperJejunum,3,0.0021372091405622226,0.0021162766040886535,0.0023456063370012404
SLC22A8,OAT,Macaque,Brain,205,0.010326593072025351,0.00407462244107956,0.30810966588796174
SLC22A8,OAT,Macaque,Gonads,17,0.005400495300586441,0.002268796362167303,0.028195925505218232
SLC22A8,OAT,Macaque,Heart,16,3.4047382074961995e-4,2.1163795039410408e-4,0.0010134716992905783
SLC22A8,OAT,Macaque,Kidney,57,0.29984718523670917,0.24837188179617867,1
SLC22A8,OAT,Macaque,Lung,3,0.006058472531617536,0.006310822431969295,0.006519589113619916
SLC22A8,OAT,Macaque,Muscle,2,0.0022600292886518093,0.0022600292886518093,0.004257463900111963
SLC22A8,OAT,Macaque,Pericentral,13,4.1074414868780555e-4,3.02665304819404e-4,0.0015493469737828719
SLC22A8,OAT,Macaque,Periportal,13,4.1074414868780555e-4,3.02665304819404e-4,0.0015493469737828719
SLC22A8,OAT,Macaque,Spleen,1,4.228282494990702e-4,4.228282494990702e-4,4.228282494990702e-4
SLC22A8,OAT,Macaque,Undefined,13,0.007508870768191381,0.008308909391334478,0.02005587403779412
SLC22A8,OAT,Dog,Brain,27,0.010051788245446997,0.010277574348554596,0.02657889708563934
SLC22A8,OAT,Dog,Embryo,1,0.2971258058867757,0.2971258058867757,0.2971258058867757
SLC22A8,OAT,Dog,Eye,1,0.005936393620077497,0.005936393620077497,0.005936393620077497
SLC22A8,OAT,Dog,Heart,2,6.74412110823049e-4,6.74412110823049e-4,6.764104400979341e-4
SLC22A8,OAT,Dog,Kidney,12,0.4165847553811053,0.3319393345045219,1
SLC22A8,OAT,Dog,Muscle,5,0.0016045640273850382,4.974218959545257e-4,0.004537799859921166
SLC22A8,OAT,Dog,Pericentral,4,0.0019623429603028014,0.0016975623711749308,0.0038100860716007824
SLC22A8,OAT,Dog,Periportal,4,0.0019623429603028014,0.0016975623711749308,0.0038100860716007824
SLC22A8,OAT,Dog,Skin,1,0.0017716105154918734,0.0017716105154918734,0.0017716105154918734
SLC22A8,OAT,Dog,Thymus,1,0.010641433122285073,0.010641433122285073,0.010641433122285073
SLC22A8,OAT,Dog,Tongue,1,3.187485609082675e-4,3.187485609082675e-4,3.187485609082675e-4
SLC22A8,OAT,Dog,Undefined,1,0.0012147901445871618,0.0012147901445871618,0.0012147901445871618
SLC22A8,OAT,Rat,Brain,295,0.03736661514035535,0.03141987567160339,0.1803173762734226
SLC22A8,OAT,Rat,Caecum,1,0.0014725103859791694,0.0014725103859791694,0.0014725103859791694
SLC22A8,OAT,Rat,ColonAscendens,1,0.0014725103859791694,0.0014725103859791694,0.0014725103859791694
SLC22A8,OAT,Rat,ColonDescendens,1,0.0014725103859791694,0.0014725103859791694,0.0014725103859791694
SLC22A8,OAT,Rat,ColonSigmoid,1,0.0014725103859791694,0.0014725103859791694,0.0014725103859791694
SLC22A8,OAT,Rat,ColonTransversum,1,0.0014725103859791694,0.0014725103859791694,0.0014725103859791694
SLC22A8,OAT,Rat,Duodenum,1,5.037937098865172e-4,5.037937098865172e-4,5.037937098865172e-4
SLC22A8,OAT,Rat,Esophagus,1,5.64220390823912e-4,5.64220390823912e-4,5.64220390823912e-4
SLC22A8,OAT,Rat,Eye,6,0.04149611830193292,0.040343773867880406,0.05703248427241654
SLC22A8,OAT,Rat,Gonads,9,0.005413099941813201,0.0016979941168550421,0.03036577920239072
SLC22A8,OAT,Rat,Heart,6,8.230577522912196e-4,6.290539831917782e-4,0.002458802670104341
SLC22A8,OAT,Rat,Kidney,95,0.3313045989989064,0.3909544431044743,1
SLC22A8,OAT,Rat,LargeIntestine,1,0.0014725103859791694,0.0014725103859791694,0.0014725103859791694
SLC22A8,OAT,Rat,LowerIleum,2,5.621721264098493e-4,5.621721264098493e-4,6.162076801484363e-4
SLC22A8,OAT,Rat,LowerJejunum,2,5.374168725477431e-4,5.374168725477431e-4,5.902075772889547e-4
SLC22A8,OAT,Rat,Lung,1,0.09129710353067555,0.09129710353067555,0.09129710353067555
SLC22A8,OAT,Rat,Muscle,5,0.0017232992710584044,4.945744751076957e-4,0.004030679786326404
SLC22A8,OAT,Rat,Pericentral,132,0.0842123950923016,0.06544488466378355,0.2845281517060622
SLC22A8,OAT,Rat,Periportal,132,0.0842123950923016,0.06544488466378355,0.2845281517060622
SLC22A8,OAT,Rat,Rectum,1,0.0014725103859791694,0.0014725103859791694,0.0014725103859791694
SLC22A8,OAT,Rat,SmallIntestine,5,5.405943415603404e-4,5.081365726712623e-4,6.162076801484363e-4
SLC22A8,OAT,Rat,Stomach,1,6.099538283827169e-4,6.099538283827169e-4,6.099538283827169e-4
SLC22A8,OAT,Rat,UpperIleum,2,5.621721264098493e-4,5.621721264098493e-4,6.162076801484363e-4
SLC22A8,OAT,Rat,UpperJejunum,2,5.374168725477431e-4,5.374168725477431e-4,5.902075772889547e-4
SLC22A8,OAT,Mouse,BloodCells,14,0.01185551019240434,0.004611919040549431,0.03793676179103905
SLC22A8,OAT,Mouse,Bone,114,0.060723801366904,0.04481679243778584,0.18796792144167204
SLC22A8,OAT,Mouse,Brain,422,0.052410717317771575,0.043725250050927145,0.6068076174948522
SLC22A8,OAT,Mouse,Caecum,4,8.326771851371747e-4,5.982645644532887e-4,0.001993780975562312
SLC22A8,OAT,Mouse,ColonAscendens,4,8.326771851371747e-4,5.982645644532887e-4,0.001993780975562312
SLC22A8,OAT,Mouse,ColonDescendens,4,8.326771851371747e-4,5.982645644532887e-4,0.001993780975562312
SLC22A8,OAT,Mouse,ColonSigmoid,4,8.326771851371747e-4,5.982645644532887e-4,0.001993780975562312
SLC22A8,OAT,Mouse,ColonTransversum,4,8.326771851371747e-4,5.982645644532887e-4,0.001993780975562312
SLC22A8,OAT,Mouse,Duodenum,20,0.0072587632857271335,0.002848265411788684,0.031794848975770396
SLC22A8,OAT,Mouse,Embryo,38,0.018150790158117252,0.00835032751852775,0.0813229679235223
SLC22A8,OAT,Mouse,Eye,18,0.027570919773051084,0.014203615954968447,0.07157447504300346
SLC22A8,OAT,Mouse,Fat,99,0.012153478648962128,0.007145693908522146,0.07585106125884578
SLC22A8,OAT,Mouse,Gonads,78,0.004896182354652611,0.0038807957386335547,0.021238395490358032
SLC22A8,OAT,Mouse,Heart,79,0.003839583844206603,0.0033469898320069576,0.016280891398362907
SLC22A8,OAT,Mouse,Kidney,229,0.4214238250376415,0.4211190370244716,1
SLC22A8,OAT,Mouse,LargeIntestine,4,8.326771851371747e-4,5.982645644532887e-4,0.001993780975562312
SLC22A8,OAT,Mouse,LowerIleum,19,0.007594110369812326,0.0029445927319990237,0.031794848975770396
SLC22A8,OAT,Mouse,LowerJejunum,19,0.007594110369812326,0.0029445927319990237,0.031794848975770396
SLC22A8,OAT,Mouse,Lung,60,0.014996009898988014,0.012349852535516882,0.03424136097841356
SLC22A8,OAT,Mouse,Muscle,23,0.0023536508220831347,9.835380033430313e-4,0.010340437516022873
SLC22A8,OAT,Mouse,Pancreas,11,0.08089565714261268,0.020675077971050594,0.3203784589692865
SLC22A8,OAT,Mouse,Pericentral,101,0.00829764593902476,0.003385857663698442,0.032490096709178275
SLC22A8,OAT,Mouse,Periportal,101,0.00829764593902476,0.003385857663698442,0.032490096709178275
SLC22A8,OAT,Mouse,Placenta,7,0.01306671441394032,0.01672908804396901,0.026199566348192364
SLC22A8,OAT,Mouse,Rectum,4,8.326771851371747e-4,5.982645644532887e-4,0.001993780975562312
SLC22A8,OAT,Mouse,Skin,65,0.039949902140416736,0.032978255440756776,0.12534200930056977
SLC22A8,OAT,Mouse,SmallIntestine,20,0.0072587632857271335,0.002848265411788684,0.031794848975770396
SLC22A8,OAT,Mouse,Spleen,36,0.04525064881354659,0.014685160410343758,0.93890177025649
SLC22A8,OAT,Mouse,Stomach,2,6.844457820934807e-4,6.844457820934807e-4,7.811996055683854e-4
SLC22A8,OAT,Mouse,Thymus,2,0.002473485357971262,0.002473485357971262,0.0027848121620895035
SLC22A8,OAT,Mouse,Thyroid,1,5.609235546715175e-4,5.609235546715175e-4,5.609235546715175e-4
SLC22A8,OAT,Mouse,Undefined,32,0.022203306627779574,0.014064262810525365,0.07872180595889895
SLC22A8,OAT,Mouse,UpperIleum,19,0.007594110369812326,0.0029445927319990237,0.031794848975770396
SLC22A8,OAT,Mouse,UpperJejunum,19,0.007594110369812326,0.0029445927319990237,0.031794848975770396
SLC22A9,OAT,Human,BloodCells,20,0.002866376290291154,0.0020353769096489224,0.010145294536140527
SLC22A9,OAT,Human,Brain,913,0.009361186123921263,0.00639975383566581,0.0951965713874931
SLC22A9,OAT,Human,Breasts,1,6.514509180626689e-4,6.514509180626689e-4,6.514509180626689e-4
SLC22A9,OAT,Human,Caecum,5,0.007020668645433941,0.0014999126008537161,0.020882082585323307
SLC22A9,OAT,Human,ColonAscendens,5,0.007020668645433941,0.0014999126008537161,0.020882082585323307
SLC22A9,OAT,Human,ColonDescendens,5,0.007020668645433941,0.0014999126008537161,0.020882082585323307
SLC22A9,OAT,Human,ColonSigmoid,5,0.007020668645433941,0.0014999126008537161,0.020882082585323307
SLC22A9,OAT,Human,ColonTransversum,7,0.005197592319448447,0.0013945022005862847,0.020882082585323307
SLC22A9,OAT,Human,Duodenum,9,0.004454925246455428,0.0013945022005862847,0.020882082585323307
SLC22A9,OAT,Human,Endometrium,3,0.003868144559909284,0.0037146364276784295,0.004281692217860263
SLC22A9,OAT,Human,Esophagus,2,0.001122615371122752,0.001122615371122752,0.0015267104025542492
SLC22A9,OAT,Human,Eye,2,0.0012563567725108983,0.0012563567725108983,0.001373469788741176
SLC22A9,OAT,Human,Fat,42,0.001429893557888327,0.0013952931827986366,0.0030943437183852908
SLC22A9,OAT,Human,GallBladder,6,0.006973078074732724,0.007304322568246598,0.010528344453457922
SLC22A9,OAT,Human,Gonads,29,0.01058674151996696,0.006871156658964975,0.04476489783693894
SLC22A9,OAT,Human,Heart,9,0.023227052638505958,0.0013424448218189722,0.18016338509563565
SLC22A9,OAT,Human,Kidney,36,0.007539535785997026,0.004212233842112944,0.04730219970193286
SLC22A9,OAT,Human,LargeIntestine,7,0.005197592319448447,0.0013945022005862847,0.020882082585323307
SLC22A9,OAT,Human,LowerIleum,8,0.004871303155727697,0.0014472074007200004,0.020882082585323307
SLC22A9,OAT,Human,LowerJejunum,8,0.004871303155727697,0.0014472074007200004,0.020882082585323307
SLC22A9,OAT,Human,Lung,1,0.004039307877607536,0.004039307877607536,0.004039307877607536
SLC22A9,OAT,Human,LymphNode,4,0.003791821521052797,0.0035419178423953847,0.0073659700495116885
SLC22A9,OAT,Human,Muscle,23,0.001050177835294168,5.150074831063344e-4,0.004584041010936622
SLC22A9,OAT,Human,Pancreas,60,0.002087320939438029,0.001989170978207126,0.005399675988622313
SLC22A9,OAT,Human,Pericentral,131,0.17157174652314597,0.06937189760719403,1
SLC22A9,OAT,Human,Periportal,131,0.17157174652314597,0.06937189760719403,1
SLC22A9,OAT,Human,Placenta,1,0.0015062748252505783,0.0015062748252505783,0.0015062748252505783
SLC22A9,OAT,Human,Plasma,6,9.199870386607361e-4,0.00090133385024997105,0.0013419585495406208
SLC22A9,OAT,Human,Rectum,5,0.007020668645433941,0.0014999126008537161,0.020882082585323307
SLC22A9,OAT,Human,Skin,17,0.0020798535352873726,0.0014495129403572049,0.007601485820441877
SLC22A9,OAT,Human,SmallIntestine,9,0.004454925246455428,0.0013945022005862847,0.020882082585323307
SLC22A9,OAT,Human,Spleen,1,0.02056519025954442,0.02056519025954442,0.02056519025954442
SLC22A9,OAT,Human,Stomach,13,0.012855503277668361,8.460451515113738e-4,0.08345855440480411
SLC22A9,OAT,Human,Undefined,8,0.001354360949596626,0.001012850442649923,0.003923060820799878
SLC22A9,OAT,Human,UpperIleum,8,0.004871303155727697,0.0014472074007200004,0.020882082585323307
SLC22A9,OAT,Human,UpperJejunum,8,0.004871303155727697,0.0014472074007200004,0.020882082585323307
SLC22A9,OAT,Dog,BloodCells,2,0.06547239045317454,0.06547239045317454,0.11401320499210806
SLC22A9,OAT,Dog,Bone,1,0.20273441700030548,0.20273441700030548,0.20273441700030548
SLC22A9,OAT,Dog,Brain,42,0.1066822531208143,0.08760642285135394,0.42282085876765185
SLC22A9,OAT,Dog,Breasts,2,0.061789069767866175,0.061789069767866175,0.07277046850333709
SLC22A9,OAT,Dog,Caecum,13,0.03164150734770993,0.016285074146124477,0.11522720732669946
SLC22A9,OAT,Dog,Cartilage,1,0.13547933715808352,0.13547933715808352,0.13547933715808352
SLC22A9,OAT,Dog,ColonAscendens,13,0.03164150734770993,0.016285074146124477,0.11522720732669946
SLC22A9,OAT,Dog,ColonDescendens,13,0.03164150734770993,0.016285074146124477,0.11522720732669946
SLC22A9,OAT,Dog,ColonSigmoid,13,0.03164150734770993,0.016285074146124477,0.11522720732669946
SLC22A9,OAT,Dog,ColonTransversum,13,0.03164150734770993,0.016285074146124477,0.11522720732669946
SLC22A9,OAT,Dog,Duodenum,2,0.04639503715980382,0.04639503715980382,0.08482760796167503
SLC22A9,OAT,Dog,Embryo,1,0.048257572285563426,0.048257572285563426,0.048257572285563426
SLC22A9,OAT,Dog,Eye,1,0.09558415060812647,0.09558415060812647,0.09558415060812647
SLC22A9,OAT,Dog,Fat,10,0.09085941801082846,0.07219860612662901,0.17131440219754474
SLC22A9,OAT,Dog,Gonads,24,0.06192138235766394,0.05504474911781628,0.2055726858458291
SLC22A9,OAT,Dog,Heart,16,0.033679590273144995,0.02679909699264988,0.08997360658106608
SLC22A9,OAT,Dog,Kidney,12,0.05875673651953762,0.054202720578988985,0.13515813818546302
SLC22A9,OAT,Dog,LargeIntestine,13,0.03164150734770993,0.016285074146124477,0.11522720732669946
SLC22A9,OAT,Dog,LowerIleum,2,0.04639503715980382,0.04639503715980382,0.08482760796167503
SLC22A9,OAT,Dog,LowerJejunum,3,0.04228479226110804,0.034064302463716466,0.08482760796167503
SLC22A9,OAT,Dog,Lung,15,0.1687780291587988,0.16628945367791845,0.2477081946913335
SLC22A9,OAT,Dog,LymphNode,4,0.14510277657943899,0.1275077925244485,0.2516818277372275
SLC22A9,OAT,Dog,Muscle,14,0.014206385957346522,0.00999559105677841,0.047962745799704505
SLC22A9,OAT,Dog,Pancreas,3,0.029455104952241167,0.03442626780606129,0.04129966076405059
SLC22A9,OAT,Dog,Pericentral,28,0.5019439996881134,0.5414839523332444,1
SLC22A9,OAT,Dog,Periportal,28,0.5019439996881134,0.5414839523332444,1
SLC22A9,OAT,Dog,Placenta,1,0.1497709494979665,0.1497709494979665,0.1497709494979665
SLC22A9,OAT,Dog,Rectum,13,0.03164150734770993,0.016285074146124477,0.11522720732669946
SLC22A9,OAT,Dog,SalivaryGland,1,0.12630505174519852,0.12630505174519852,0.12630505174519852
SLC22A9,OAT,Dog,Skin,25,0.07641270463019145,0.06956121178619179,0.14464071542075477
SLC22A9,OAT,Dog,SmallIntestine,3,0.04228479226110804,0.034064302463716466,0.08482760796167503
SLC22A9,OAT,Dog,Spleen,12,0.14402015058763534,0.1319450788292789,0.27439778640295404
SLC22A9,OAT,Dog,Stomach,2,0.06731798032770943,0.06731798032770943,0.12537677773916478
SLC22A9,OAT,Dog,Thymus,1,0.1375681551316936,0.1375681551316936,0.1375681551316936
SLC22A9,OAT,Dog,Thyroid,6,0.1493461374299394,0.13962901970340508,0.213655703291181
SLC22A9,OAT,Dog,Tongue,1,0.0035392463413464717,0.0035392463413464717,0.0035392463413464717
SLC22A9,OAT,Dog,Undefined,10,0.10539020445186166,0.10675806925649514,0.19539180233699766
SLC22A9,OAT,Dog,UpperIleum,2,0.04639503715980382,0.04639503715980382,0.08482760796167503
SLC22A9,OAT,Dog,UpperJejunum,3,0.04228479226110804,0.034064302463716466,0.08482760796167503
SLC22A9,OAT,Rat,Brain,40,0.006556755752632557,0.00458250603238344,0.03582128007708578
SLC22A9,OAT,Rat,Gonads,16,0.010716621655050771,0.009467937849630289,0.024036297339013985
SLC22A9,OAT,Rat,Heart,1,7.481218634953123e-4,7.481218634953123e-4,7.481218634953123e-4
SLC22A9,OAT,Rat,Kidney,93,0.3994294585610441,0.24173515134328402,1
SLC22A9,OAT,Rat,Lung,1,0.013912902412222308,0.013912902412222308,0.013912902412222308
SLC22A9,OAT,Rat,Muscle,1,0.0017749610392484864,0.0017749610392484864,0.0017749610392484864
SLC22A9,OAT,Rat,Pericentral,83,0.010680060674775815,0.005640811147931673,0.2687208153997393
SLC22A9,OAT,Rat,Periportal,83,0.010680060674775815,0.005640811147931673,0.2687208153997393
SLC22A9,OAT,Mouse,BloodCells,6,0.009680006116027129,0.004550417872791994,0.022244871061594736
SLC22A9,OAT,Mouse,Bone,210,0.0626625567786026,0.03935400981649777,0.6271655599317816
SLC22A9,OAT,Mouse,Brain,113,0.011006941082842866,0.00951926212943046,0.04163327964533197
SLC22A9,OAT,Mouse,Duodenum,42,0.0033637370498105917,0.0025038987813566504,0.01850835481066942
SLC22A9,OAT,Mouse,Embryo,7,0.006321207172116124,0.004179525744491347,0.013925149017730877
SLC22A9,OAT,Mouse,Fat,169,0.0117107684319783,0.008823868429556765,0.05835589325242662
SLC22A9,OAT,Mouse,Gonads,70,0.0068396360845698065,0.004625926821066545,0.1091477428491894
SLC22A9,OAT,Mouse,Heart,94,0.004011396343156195,0.003348411970749075,0.010917234974168273
SLC22A9,OAT,Mouse,Kidney,213,0.26648350709777824,0.194768291459143,1
SLC22A9,OAT,Mouse,LowerIleum,42,0.0033637370498105917,0.0025038987813566504,0.01850835481066942
SLC22A9,OAT,Mouse,LowerJejunum,42,0.0033637370498105917,0.0025038987813566504,0.01850835481066942
SLC22A9,OAT,Mouse,Lung,117,0.01759811051597516,0.015436060558494308,0.09816639564205429
SLC22A9,OAT,Mouse,Muscle,52,0.001877384014996473,0.0015084197330263558,0.00564460072426243
SLC22A9,OAT,Mouse,Pancreas,47,0.052780628710952356,0.026379117026276423,0.29725637922711207
SLC22A9,OAT,Mouse,Pericentral,54,0.001841946020075569,0.0013833201478497025,0.009848182476890848
SLC22A9,OAT,Mouse,Periportal,54,0.001841946020075569,0.0013833201478497025,0.009848182476890848
SLC22A9,OAT,Mouse,Skin,114,0.030859189410565646,0.03155584633431947,0.13338519447303787
SLC22A9,OAT,Mouse,SmallIntestine,42,0.0033637370498105917,0.0025038987813566504,0.01850835481066942
SLC22A9,OAT,Mouse,Spleen,67,0.01658655396551142,0.014026237188504253,0.04379100058923437
SLC22A9,OAT,Mouse,Thymus,3,0.005192083043696396,0.0036311906119912527,0.009018683240838115
SLC22A9,OAT,Mouse,Thyroid,6,0.005927258860840047,0.0055081783348987085,0.008868925236940653
SLC22A9,OAT,Mouse,Undefined,1,0.062433845018947685,0.062433845018947685,0.062433845018947685
SLC22A9,OAT,Mouse,UpperIleum,42,0.0033637370498105917,0.0025038987813566504,0.01850835481066942
SLC22A9,OAT,Mouse,UpperJejunum,42,0.0033637370498105917,0.0025038987813566504,0.01850835481066942
SLC47A1,SLC,Human,BloodCells,454,0.004936370041279658,0.0039558858917716384,0.026841448003845695
SLC47A1,SLC,Human,Bone,18,0.0441222074074319,0.029327976218273554,0.12748010617034672
SLC47A1,SLC,Human,Brain,1611,0.0127809841249456,0.00705534237591925,0.9134662372218962
SLC47A1,SLC,Human,Breasts,39,0.006415661226818493,0.0055732936072431325,0.020099395188441612
SLC47A1,SLC,Human,Caecum,34,0.006699338659443924,0.0038089788627156864,0.030880413430333462
SLC47A1,SLC,Human,Cartilage,18,0.22841378099988044,0.1788745575464169,0.7960455511724847
SLC47A1,SLC,Human,ColonAscendens,34,0.006699338659443924,0.0038089788627156864,0.030880413430333462
SLC47A1,SLC,Human,ColonDescendens,34,0.006699338659443924,0.0038089788627156864,0.030880413430333462
SLC47A1,SLC,Human,ColonSigmoid,143,0.007217782510230947,0.006308435329983921,0.030880413430333462
SLC47A1,SLC,Human,ColonTransversum,156,0.004699120096325686,0.0037456907030985268,0.030880413430333462
SLC47A1,SLC,Human,Duodenum,22,0.006212551936577385,0.00550889556301631,0.013271696659867356
SLC47A1,SLC,Human,Embryo,48,0.03191156621587364,0.012406372717830003,0.19316874575266435
SLC47A1,SLC,Human,Endometrium,162,0.0663471626758436,0.04407676173493386,0.47117357396751214
SLC47A1,SLC,Human,Esophagus,19,0.01112809102538173,0.010652210891277885,0.025397130933962883
SLC47A1,SLC,Human,Eye,47,0.02060116022547017,0.009113819752308886,0.2327366832734188
SLC47A1,SLC,Human,Fat,770,0.009540644436358244,0.008339751135721492,0.046045644519434895
SLC47A1,SLC,Human,GallBladder,7,0.03329447116987315,0.0287180632294014,0.0474670505938543
SLC47A1,SLC,Human,Gonads,389,0.0697634521311981,0.059042965537983515,0.7574678223228587
SLC47A1,SLC,Human,Heart,306,0.00953499391740694,0.005609073709964039,0.06542026071094982
SLC47A1,SLC,Human,Kidney,105,0.21734464293280928,0.049365912310633496,1
SLC47A1,SLC,Human,LargeIntestine,274,0.005942650103380821,0.0044592944876563866,0.030880413430333462
SLC47A1,SLC,Human,LowerIleum,18,0.006074772723231605,0.0054139094141752945,0.013271696659867356
SLC47A1,SLC,Human,LowerJejunum,18,0.006074772723231605,0.0054139094141752945,0.013271696659867356
SLC47A1,SLC,Human,Lung,68,0.023605604189440403,0.01768511568154877,0.09627436826911671
SLC47A1,SLC,Human,LymphNode,102,0.006861272073914602,0.004682574877423624,0.03173684070636122
SLC47A1,SLC,Human,Muscle,399,0.042997430183969676,0.037398988960760174,0.1641767196026697
SLC47A1,SLC,Human,Myometrium,58,0.04914249822586194,0.04029044068219552,0.2278514805607425
SLC47A1,SLC,Human,Pancreas,138,0.0029292867727683317,0.002250625453692794,0.02150402257730834
SLC47A1,SLC,Human,Pericentral,133,0.0899734607704244,0.07915629227086898,0.4854780444483802
SLC47A1,SLC,Human,Periportal,133,0.0899734607704244,0.07915629227086898,0.4854780444483802
SLC47A1,SLC,Human,Placenta,10,0.0033574374614199526,0.0025396031843508615,0.008601289784991915
SLC47A1,SLC,Human,Plasma,315,0.020717792019205032,0.01687479932186535,0.0826288615128217
SLC47A1,SLC,Human,Rectum,33,0.005981064936132426,0.0038611214207983705,0.018518355049823326
SLC47A1,SLC,Human,SalivaryGland,53,0.01092222795966281,0.005926457343485403,0.12416687835418055
SLC47A1,SLC,Human,Skin,443,0.03758756522243281,0.03253234469676832,0.3186917991061186
SLC47A1,SLC,Human,SmallIntestine,22,0.006212551936577385,0.00550889556301631,0.013271696659867356
SLC47A1,SLC,Human,Spleen,88,0.020419365665672623,0.01925578409836885,0.03801295380435405
SLC47A1,SLC,Human,Stomach,139,0.005078664692874516,0.0023675911612989976,0.08208497199452192
SLC47A1,SLC,Human,Thyroid,203,0.02511760608214953,0.021098614033464216,0.1219357349500689
SLC47A1,SLC,Human,Undefined,312,0.010687507002898106,0.008194696588239427,0.11176467504630082
SLC47A1,SLC,Human,UpperIleum,18,0.006074772723231605,0.0054139094141752945,0.013271696659867356
SLC47A1,SLC,Human,UpperJejunum,18,0.006074772723231605,0.0054139094141752945,0.013271696659867356
SLC47A1,SLC,Macaque,BloodCells,2,0.017861113226541915,0.017861113226541915,0.020024118478783087
SLC47A1,SLC,Macaque,Brain,617,0.04130620459272354,0.023934208731802957,1
SLC47A1,SLC,Macaque,Caecum,3,0.010991800060954444,0.010038096646850698,0.013865242278912874
SLC47A1,SLC,Macaque,ColonAscendens,3,0.010991800060954444,0.010038096646850698,0.013865242278912874
SLC47A1,SLC,Macaque,ColonDescendens,3,0.010991800060954444,0.010038096646850698,0.013865242278912874
SLC47A1,SLC,Macaque,ColonSigmoid,3,0.010991800060954444,0.010038096646850698,0.013865242278912874
SLC47A1,SLC,Macaque,ColonTransversum,3,0.010991800060954444,0.010038096646850698,0.013865242278912874
SLC47A1,SLC,Macaque,Fat,1,3.356378799950965e-4,3.356378799950965e-4,3.356378799950965e-4
SLC47A1,SLC,Macaque,Fibroblast,10,0.022738329248390577,0.017540712240718376,0.036787277646663286
SLC47A1,SLC,Macaque,Gonads,21,0.02267940301644417,0.0040797935948799924,0.12404252724558225
SLC47A1,SLC,Macaque,Heart,46,0.002001364367273787,0.0015927513368346308,0.009275409192565712
SLC47A1,SLC,Macaque,Kidney,58,0.2515329855025949,0.23568093834609488,0.5605845402259947
SLC47A1,SLC,Macaque,LargeIntestine,3,0.010991800060954444,0.010038096646850698,0.013865242278912874
SLC47A1,SLC,Macaque,LowerIleum,1,0.03431416229617362,0.03431416229617362,0.03431416229617362
SLC47A1,SLC,Macaque,Lung,11,0.035025127084419974,0.03611732094073655,0.07898944411461586
SLC47A1,SLC,Macaque,Muscle,17,0.015413432921126225,0.015598289242383935,0.042171900593884246
SLC47A1,SLC,Macaque,Pericentral,85,0.0194910019604079,0.017734929935654533,0.06450198095824669
SLC47A1,SLC,Macaque,Periportal,85,0.0194910019604079,0.017734929935654533,0.06450198095824669
SLC47A1,SLC,Macaque,Rectum,3,0.010991800060954444,0.010038096646850698,0.013865242278912874
SLC47A1,SLC,Macaque,SmallIntestine,1,0.03431416229617362,0.03431416229617362,0.03431416229617362
SLC47A1,SLC,Macaque,Spleen,6,0.011810381734108092,0.008632643054723815,0.03405362580810812
SLC47A1,SLC,Macaque,Undefined,32,0.01974706517007698,0.015407598354668362,0.054012407872136306
SLC47A1,SLC,Macaque,UpperIleum,1,0.03431416229617362,0.03431416229617362,0.03431416229617362
SLC47A1,SLC,Dog,Brain,22,0.05939656267639415,0.03004067619427806,0.5107990224754615
SLC47A1,SLC,Dog,Breasts,2,0.026613495966368486,0.026613495966368486,0.030134120969671475
SLC47A1,SLC,Dog,Caecum,5,0.013082100384227567,0.01320661982786968,0.017780523251299574
SLC47A1,SLC,Dog,ColonAscendens,5,0.013082100384227567,0.01320661982786968,0.017780523251299574
SLC47A1,SLC,Dog,ColonDescendens,5,0.013082100384227567,0.01320661982786968,0.017780523251299574
SLC47A1,SLC,Dog,ColonSigmoid,5,0.013082100384227567,0.01320661982786968,0.017780523251299574
SLC47A1,SLC,Dog,ColonTransversum,5,0.013082100384227567,0.01320661982786968,0.017780523251299574
SLC47A1,SLC,Dog,Gonads,23,0.39276162616237903,0.3353415172994215,1
SLC47A1,SLC,Dog,Heart,21,0.010714058008926542,0.01021227308041735,0.020348293738414184
SLC47A1,SLC,Dog,Kidney,1,0.0064956158454055396,0.0064956158454055396,0.0064956158454055396
SLC47A1,SLC,Dog,LargeIntestine,5,0.013082100384227567,0.01320661982786968,0.017780523251299574
SLC47A1,SLC,Dog,Muscle,9,0.005127698966817105,0.004634945741237948,0.010886122080733938
SLC47A1,SLC,Dog,Placenta,1,0.3718824921673744,0.3718824921673744,0.3718824921673744
SLC47A1,SLC,Dog,Rectum,5,0.013082100384227567,0.01320661982786968,0.017780523251299574
SLC47A1,SLC,Dog,Skin,4,0.012658662167959231,0.012483375870183923,0.017033470016138034
SLC47A1,SLC,Dog,Undefined,4,0.04345900726638024,0.04149508211210298,0.05552095349106676
SLC47A1,SLC,Rat,Brain,229,0.015420789686965959,0.008716058661675652,0.13326075305544674
SLC47A1,SLC,Rat,Caecum,14,0.003074107409926742,0.0030837603377531055,0.009705523345446467
SLC47A1,SLC,Rat,ColonAscendens,14,0.003074107409926742,0.0030837603377531055,0.009705523345446467
SLC47A1,SLC,Rat,ColonDescendens,14,0.003074107409926742,0.0030837603377531055,0.009705523345446467
SLC47A1,SLC,Rat,ColonSigmoid,14,0.003074107409926742,0.0030837603377531055,0.009705523345446467
SLC47A1,SLC,Rat,ColonTransversum,14,0.003074107409926742,0.0030837603377531055,0.009705523345446467
SLC47A1,SLC,Rat,Esophagus,3,0.008618975504991086,0.01000663727178063,0.010796038515374896
SLC47A1,SLC,Rat,Fat,4,0.004111656677072802,0.0020407425024205443,0.01065290374806413
SLC47A1,SLC,Rat,Gonads,26,0.007298295613591743,0.005028078791288432,0.04982028980500166
SLC47A1,SLC,Rat,Heart,52,0.002747471096608899,0.002257872337176661,0.0077879894488267175
SLC47A1,SLC,Rat,Kidney,95,0.3864113284932394,0.27912316197969694,1
SLC47A1,SLC,Rat,LargeIntestine,14,0.003074107409926742,0.0030837603377531055,0.009705523345446467
SLC47A1,SLC,Rat,LowerIleum,1,0.013087956365986357,0.013087956365986357,0.013087956365986357
SLC47A1,SLC,Rat,Lung,37,0.02549311483798755,0.025631315658922835,0.05956360462428933
SLC47A1,SLC,Rat,Muscle,164,0.02381696448740065,0.022872398345868954,0.053858711423349324
SLC47A1,SLC,Rat,Myometrium,11,0.03705431154475634,0.02503286137536301,0.10852615201550408
SLC47A1,SLC,Rat,Pericentral,6,0.04603537375708046,0.0027754753803110504,0.26397342385916955
SLC47A1,SLC,Rat,Periportal,6,0.04603537375708046,0.0027754753803110504,0.26397342385916955
SLC47A1,SLC,Rat,Rectum,14,0.003074107409926742,0.0030837603377531055,0.009705523345446467
SLC47A1,SLC,Rat,Skin,6,0.014796329147347508,0.016346789066938837,0.017424133408247545
SLC47A1,SLC,Rat,SmallIntestine,1,0.013087956365986357,0.013087956365986357,0.013087956365986357
SLC47A1,SLC,Rat,Spleen,42,0.1377380399290324,0.13128906723902306,0.26532036344812404
SLC47A1,SLC,Rat,Stomach,1,7.780429903795076e-4,7.780429903795076e-4,7.780429903795076e-4
SLC47A1,SLC,Rat,Thymus,31,0.039152891496117066,0.04175171413492973,0.055472001182915114
SLC47A1,SLC,Rat,Thyroid,6,0.008731864166243204,0.008699131972248177,0.012562412068140984
SLC47A1,SLC,Rat,Undefined,12,0.04065591423603924,0.03960473984081858,0.04811808351855199
SLC47A1,SLC,Rat,UpperIleum,1,0.013087956365986357,0.013087956365986357,0.013087956365986357
SLC47A1,SLC,Mouse,BloodCells,6,0.012629714020262636,0.003597927496718417,0.03661030557438154
SLC47A1,SLC,Mouse,Bone,101,0.0367824477544938,0.030202148369483976,0.14094933865792258
SLC47A1,SLC,Mouse,Brain,315,0.010052250555565778,0.00635098203223973,0.2878016816305402
SLC47A1,SLC,Mouse,Breasts,2,0.003896311035560724,0.003896311035560724,0.0063031531686275726
SLC47A1,SLC,Mouse,Caecum,31,0.018297309287679944,0.011647966132323188,0.0710233728884222
SLC47A1,SLC,Mouse,ColonAscendens,31,0.018297309287679944,0.011647966132323188,0.0710233728884222
SLC47A1,SLC,Mouse,ColonDescendens,31,0.018297309287679944,0.011647966132323188,0.0710233728884222
SLC47A1,SLC,Mouse,ColonSigmoid,32,0.017732259501050996,0.010799408617524797,0.0710233728884222
SLC47A1,SLC,Mouse,ColonTransversum,31,0.018297309287679944,0.011647966132323188,0.0710233728884222
SLC47A1,SLC,Mouse,Duodenum,132,0.09119719766432312,0.09778596064105251,0.1756140716507385
SLC47A1,SLC,Mouse,Egg,3,0.005465176090005011,0.006419248665387585,0.007083419086477862
SLC47A1,SLC,Mouse,Embryo,56,0.007812167878972428,0.0037137243621843206,0.028806048036641524
SLC47A1,SLC,Mouse,Esophagus,3,0.021063891362897404,0.026761732593911604,0.02791378556344922
SLC47A1,SLC,Mouse,Eye,16,0.0025703713675544796,0.0023344054229169093,0.005923090474042603
SLC47A1,SLC,Mouse,Fat,176,0.00892685245967036,0.00637646613308416,0.03226226355988802
SLC47A1,SLC,Mouse,Gonads,175,0.007556545681237492,0.004119760048773269,0.1405292637329735
SLC47A1,SLC,Mouse,Heart,243,0.0659577453341461,0.06990988866679645,0.17812011144364667
SLC47A1,SLC,Mouse,Kidney,229,0.460615211400667,0.47188018936329484,1
SLC47A1,SLC,Mouse,LargeIntestine,32,0.017732259501050996,0.010799408617524797,0.0710233728884222
SLC47A1,SLC,Mouse,LowerIleum,128,0.09281529726672921,0.10100507262923829,0.1756140716507385
SLC47A1,SLC,Mouse,LowerJejunum,128,0.09331030129927426,0.10100507262923829,0.1756140716507385
SLC47A1,SLC,Mouse,Lung,156,0.016399088094651494,0.013399298667483808,0.11528400061144005
SLC47A1,SLC,Mouse,Muscle,279,0.025867853402864606,0.01881851088774785,0.0767248517977265
SLC47A1,SLC,Mouse,Pancreas,29,0.04418983086804156,0.023723284870397123,0.20069441789679685
SLC47A1,SLC,Mouse,Pericentral,323,0.09804697547806226,0.08391704650718779,0.538519266790639
SLC47A1,SLC,Mouse,Periportal,323,0.09804697547806226,0.08391704650718779,0.538519266790639
SLC47A1,SLC,Mouse,Placenta,10,0.010327982669759546,0.0031164775249003076,0.04250572756175635
SLC47A1,SLC,Mouse,Plasma,10,0.0029985760494165422,0.0027964866911578783,0.005306831395725683
SLC47A1,SLC,Mouse,Rectum,31,0.018297309287679944,0.011647966132323188,0.0710233728884222
SLC47A1,SLC,Mouse,Skin,205,0.015739933694471703,0.00818095244124264,0.11611628991638974
SLC47A1,SLC,Mouse,SmallIntestine,138,0.0883563872535775,0.09581483366192588,0.1756140716507385
SLC47A1,SLC,Mouse,Spleen,34,0.017184528679994728,0.011132016866325636,0.15064375099413124
SLC47A1,SLC,Mouse,Stomach,10,0.0036248718825551284,0.0035798025135040917,0.00870677083590665
SLC47A1,SLC,Mouse,Thymus,16,0.007661066349328542,0.006365338118672554,0.02300911049244278
SLC47A1,SLC,Mouse,Thyroid,6,0.004125409065390831,0.0032118395220200567,0.009705834938245013
SLC47A1,SLC,Mouse,Undefined,49,0.008802670141348525,0.005045989132988252,0.08355123746725024
SLC47A1,SLC,Mouse,UpperIleum,128,0.09281529726672921,0.10100507262923829,0.1756140716507385
SLC47A1,SLC,Mouse,UpperJejunum,128,0.09331030129927426,0.10100507262923829,0.1756140716507385
SLCO1A2,SLCO,Human,BloodCells,110,0.0013758478874466263,7.185524028470243e-4,0.015583711018424285
SLCO1A2,SLCO,Human,Bone,2,0.013252375608861215,0.013252375608861215,0.01848446164067031
SLCO1A2,SLCO,Human,Brain,1587,0.04905872259013912,0.023522831534426195,1
SLCO1A2,SLCO,Human,Breasts,27,0.0033016719956969103,0.001780338508471191,0.01475896382762515
SLCO1A2,SLCO,Human,Caecum,7,6.531340015143342e-4,2.811503980103933e-4,0.0022966643588770877
SLCO1A2,SLCO,Human,Cartilage,3,0.020717395719525286,0.0072015852004889405,0.048403760581513376
SLCO1A2,SLCO,Human,ColonAscendens,7,6.531340015143342e-4,2.811503980103933e-4,0.0022966643588770877
SLCO1A2,SLCO,Human,ColonDescendens,7,6.531340015143342e-4,2.811503980103933e-4,0.0022966643588770877
SLCO1A2,SLCO,Human,ColonSigmoid,23,3.8182045699759634e-4,2.630293098502354e-4,0.0022966643588770877
SLCO1A2,SLCO,Human,ColonTransversum,31,3.6286583255319476e-4,2.3970386004152337e-4,0.0022966643588770877
SLCO1A2,SLCO,Human,Duodenum,4,0.0012203803986017513,0.00022572066517623029,0.004368393376860482
SLCO1A2,SLCO,Human,Embryo,35,0.006341840639027092,0.002055950576047198,0.033326174024457506
SLCO1A2,SLCO,Human,Endometrium,41,6.941527292155815e-4,5.907870041155427e-4,0.0025167123930044948
SLCO1A2,SLCO,Human,Esophagus,2,3.195243176878999e-4,3.195243176878999e-4,3.5278814534983653e-4
SLCO1A2,SLCO,Human,Eye,46,0.029502990579588793,0.004844876890486511,0.22173229149737347
SLCO1A2,SLCO,Human,Fat,119,3.852235179782361e-4,3.023509179032629e-4,0.0020161174769212898
SLCO1A2,SLCO,Human,GallBladder,1,4.773418334068113e-4,4.773418334068113e-4,4.773418334068113e-4
SLCO1A2,SLCO,Human,Gonads,260,0.006348315196706127,0.0031043640760073663,0.4999386723050453
SLCO1A2,SLCO,Human,Heart,99,2.4083001257747924e-4,1.3764280335088855e-4,0.0016349591850968695
SLCO1A2,SLCO,Human,Kidney,59,0.001971099123688589,7.98326954473132e-4,0.01889487361228028
SLCO1A2,SLCO,Human,LargeIntestine,51,4.17913924797305e-4,2.503054835946179e-4,0.0031844285279974825
SLCO1A2,SLCO,Human,LowerIleum,4,0.0012203803986017513,0.00022572066517623029,0.004368393376860482
SLCO1A2,SLCO,Human,LowerJejunum,4,0.0012203803986017513,0.00022572066517623029,0.004368393376860482
SLCO1A2,SLCO,Human,Lung,56,0.005797503290071873,0.0034151122201123004,0.03646168428978798
SLCO1A2,SLCO,Human,LymphNode,33,0.0033856216428678177,0.001163353458993575,0.024583182072262247
SLCO1A2,SLCO,Human,Muscle,107,1.904982112359621e-4,1.3452176522066133e-4,7.895416951963495e-4
SLCO1A2,SLCO,Human,Myometrium,11,0.001288057025501053,4.320315350079584e-4,0.009037348239165171
SLCO1A2,SLCO,Human,Pancreas,107,0.00891067115103945,0.00386851533779463,0.13207391588939804
SLCO1A2,SLCO,Human,Pericentral,127,0.003788414349765092,0.002314291174462764,0.021643400375023894
SLCO1A2,SLCO,Human,Periportal,127,0.003788414349765092,0.002314291174462764,0.021643400375023894
SLCO1A2,SLCO,Human,Placenta,10,9.344003038211046e-4,9.182596431647452e-4,0.0018928479615660224
SLCO1A2,SLCO,Human,Plasma,72,4.14594726644155e-4,3.287495296519413e-4,0.0013758149135509117
SLCO1A2,SLCO,Human,Rectum,7,3.698350922615702e-4,2.811503980103933e-4,0.0010331120902400167
SLCO1A2,SLCO,Human,SalivaryGland,41,0.009141334415971002,6.329967546986469e-4,0.15791280132336835
SLCO1A2,SLCO,Human,Skin,148,6.116254190214526e-4,4.4636287058775093e-4,0.008220850520366406
SLCO1A2,SLCO,Human,SmallIntestine,4,0.0012203803986017513,0.00022572066517623029,0.004368393376860482
SLCO1A2,SLCO,Human,Spleen,54,0.0012157823652872446,9.148652995386512e-4,0.005232515357919362
SLCO1A2,SLCO,Human,Stomach,34,5.527967505461731e-4,2.382765070377764e-4,0.0039017375614160093
SLCO1A2,SLCO,Human,Thyroid,99,9.428515818442826e-4,6.033972952165158e-4,0.008596710714163992
SLCO1A2,SLCO,Human,Undefined,130,0.0010521602464509346,5.734041437940772e-4,0.011033204940272264
SLCO1A2,SLCO,Human,UpperIleum,4,0.0012203803986017513,0.00022572066517623029,0.004368393376860482
SLCO1A2,SLCO,Human,UpperJejunum,4,0.0012203803986017513,0.00022572066517623029,0.004368393376860482
SLCO1A2,SLCO,Macaque,Brain,634,0.07869704624646617,0.043261699562521384,1
SLCO1A2,SLCO,Macaque,Eye,10,0.018832633806341145,0.017082719338008402,0.036203222239868944
SLCO1A2,SLCO,Macaque,Gonads,45,0.03092573504632898,0.020811426036366907,0.18420724825400644
SLCO1A2,SLCO,Macaque,Heart,37,0.001615004211785684,9.915713070112228e-4,0.007404631925266767
SLCO1A2,SLCO,Macaque,Kidney,55,0.06694149438058608,0.037979956024785384,0.4500508081105443
SLCO1A2,SLCO,Macaque,LowerIleum,1,0.018178541892083667,0.018178541892083667,0.018178541892083667
SLCO1A2,SLCO,Macaque,Lung,11,0.01592654116655569,0.013829104513923718,0.03173884758329145
SLCO1A2,SLCO,Macaque,Muscle,9,0.0011560679486953605,7.76008214387962e-4,0.0036516534265338425
SLCO1A2,SLCO,Macaque,Pericentral,85,0.06435369041367399,0.05106382879766457,0.24391263796987422
SLCO1A2,SLCO,Macaque,Periportal,85,0.06435369041367399,0.05106382879766457,0.24391263796987422
SLCO1A2,SLCO,Macaque,SmallIntestine,1,0.018178541892083667,0.018178541892083667,0.018178541892083667
SLCO1A2,SLCO,Macaque,Spleen,2,0.010138106194835201,0.010138106194835201,0.01217637061160723
SLCO1A2,SLCO,Macaque,Undefined,34,0.1592543277779474,0.11971785548847765,0.37619000082604304
SLCO1A2,SLCO,Macaque,UpperIleum,1,0.018178541892083667,0.018178541892083667,0.018178541892083667
SLCO1A2,SLCO,Dog,Brain,30,0.04770090825885178,0.03221525782539407,0.2426431374297479
SLCO1A2,SLCO,Dog,Embryo,1,0.01026528819321723,0.01026528819321723,0.01026528819321723
SLCO1A2,SLCO,Dog,Fat,1,0.0025659575270716595,0.0025659575270716595,0.0025659575270716595
SLCO1A2,SLCO,Dog,Gonads,1,0.30099158730792114,0.30099158730792114,0.30099158730792114
SLCO1A2,SLCO,Dog,Heart,1,0.009964499425593172,0.009964499425593172,0.009964499425593172
SLCO1A2,SLCO,Dog,Kidney,11,0.007654800895427044,0.00852079465313824,0.014703492513782645
SLCO1A2,SLCO,Dog,Lung,12,0.02567992504782831,0.02488957218483496,0.05352253805390176
SLCO1A2,SLCO,Dog,Pancreas,1,0.004611190137619516,0.004611190137619516,0.004611190137619516
SLCO1A2,SLCO,Dog,Pericentral,24,0.3014842663490702,0.2038818740427116,1
SLCO1A2,SLCO,Dog,Periportal,24,0.3014842663490702,0.2038818740427116,1
SLCO1A2,SLCO,Dog,Placenta,1,0.002428341895428136,0.002428341895428136,0.002428341895428136
SLCO1A2,SLCO,Dog,SalivaryGland,1,0.0174958290706585,0.0174958290706585,0.0174958290706585
SLCO1A2,SLCO,Dog,Skin,2,0.036009629707833606,0.036009629707833606,0.06980487981392815
SLCO1A2,SLCO,Dog,Tongue,1,8.752603451667214e-4,8.752603451667214e-4,8.752603451667214e-4
SLCO1A2,SLCO,Dog,Undefined,4,0.231496784672444,0.2334547716103556,0.4509047567243373
SLCO1A2,SLCO,Rat,Brain,10,0.0012473600630994164,0.001210338027460729,0.002654756768472394
SLCO1A2,SLCO,Rat,Caecum,1,0.0011794585535515923,0.0011794585535515923,0.0011794585535515923
SLCO1A2,SLCO,Rat,ColonAscendens,1,0.0011794585535515923,0.0011794585535515923,0.0011794585535515923
SLCO1A2,SLCO,Rat,ColonDescendens,1,0.0011794585535515923,0.0011794585535515923,0.0011794585535515923
SLCO1A2,SLCO,Rat,ColonSigmoid,1,0.0011794585535515923,0.0011794585535515923,0.0011794585535515923
SLCO1A2,SLCO,Rat,ColonTransversum,1,0.0011794585535515923,0.0011794585535515923,0.0011794585535515923
SLCO1A2,SLCO,Rat,Duodenum,1,8.134852487383396e-4,8.134852487383396e-4,8.134852487383396e-4
SLCO1A2,SLCO,Rat,Gonads,4,0.002556695008499843,0.0018341802541181405,0.005530259212168966
SLCO1A2,SLCO,Rat,Heart,3,3.6497950672051736e-4,3.432004628967044e-4,4.2685544535830066e-4
SLCO1A2,SLCO,Rat,Kidney,93,0.35260248315769316,0.3322895209756112,1
SLCO1A2,SLCO,Rat,LargeIntestine,1,0.0011794585535515923,0.0011794585535515923,0.0011794585535515923
SLCO1A2,SLCO,Rat,LowerIleum,1,0.0012802711427486206,0.0012802711427486206,0.0012802711427486206
SLCO1A2,SLCO,Rat,LowerJejunum,1,0.001573722331892459,0.001573722331892459,0.001573722331892459
SLCO1A2,SLCO,Rat,Muscle,2,5.12065889869005e-4,5.12065889869005e-4,7.245351737971379e-4
SLCO1A2,SLCO,Rat,Pericentral,13,0.06636526081461021,5.697297843086496e-4,0.8479982307954674
SLCO1A2,SLCO,Rat,Periportal,13,0.06636526081461021,5.697297843086496e-4,0.8479982307954674
SLCO1A2,SLCO,Rat,Rectum,1,0.0011794585535515923,0.0011794585535515923,0.0011794585535515923
SLCO1A2,SLCO,Rat,SmallIntestine,3,0.0012224929077931396,0.0012802711427486206,0.001573722331892459
SLCO1A2,SLCO,Rat,Stomach,1,0.0013072122870306385,0.0013072122870306385,0.0013072122870306385
SLCO1A2,SLCO,Rat,UpperIleum,1,0.0012802711427486206,0.0012802711427486206,0.0012802711427486206
SLCO1A2,SLCO,Rat,UpperJejunum,1,0.001573722331892459,0.001573722331892459,0.001573722331892459
SLCO1A2,SLCO,Mouse,BloodCells,23,0.0036718942112747574,0.002473631350051702,0.012864546124518032
SLCO1A2,SLCO,Mouse,Bone,212,0.03696503094750723,0.022708369672320615,0.3288226442384065
SLCO1A2,SLCO,Mouse,Brain,397,0.03885830594234894,0.03135759352637001,1
SLCO1A2,SLCO,Mouse,Caecum,6,1.4079265863687837e-4,1.290682650190182e-4,2.446863190426535e-4
SLCO1A2,SLCO,Mouse,ColonAscendens,6,1.4079265863687837e-4,1.290682650190182e-4,2.446863190426535e-4
SLCO1A2,SLCO,Mouse,ColonDescendens,6,1.4079265863687837e-4,1.290682650190182e-4,2.446863190426535e-4
SLCO1A2,SLCO,Mouse,ColonSigmoid,6,1.4079265863687837e-4,1.290682650190182e-4,2.446863190426535e-4
SLCO1A2,SLCO,Mouse,ColonTransversum,6,1.4079265863687837e-4,1.290682650190182e-4,2.446863190426535e-4
SLCO1A2,SLCO,Mouse,Duodenum,85,0.0017806077795540004,9.614106999167565e-4,0.010000705944393349
SLCO1A2,SLCO,Mouse,Egg,6,0.004226383699244147,0.004235902939296174,0.005480460895382669
SLCO1A2,SLCO,Mouse,Embryo,23,0.0017985073458551732,0.0011979384297713257,0.008138471621231316
SLCO1A2,SLCO,Mouse,Eye,13,0.014272078865717543,0.013617753478666473,0.027439626070508486
SLCO1A2,SLCO,Mouse,Fat,224,0.006578292906531923,0.005166174180298795,0.030476433896742008
SLCO1A2,SLCO,Mouse,Gonads,195,0.004789208515729977,0.0024938775958058853,0.22887666853524974
SLCO1A2,SLCO,Mouse,Heart,184,0.0020104116798008893,0.0012039594004005687,0.010352131297526624
SLCO1A2,SLCO,Mouse,Kidney,226,0.002123231102092916,0.0016794904368292556,0.02394552099095841
SLCO1A2,SLCO,Mouse,LargeIntestine,6,1.4079265863687837e-4,1.290682650190182e-4,2.446863190426535e-4
SLCO1A2,SLCO,Mouse,LowerIleum,84,0.0017989341376985115,9.672278243833839e-4,0.010000705944393349
SLCO1A2,SLCO,Mouse,LowerJejunum,84,0.0017989341376985115,9.672278243833839e-4,0.010000705944393349
SLCO1A2,SLCO,Mouse,Lung,116,0.011450887824008603,0.010194170827271053,0.034082093355800376
SLCO1A2,SLCO,Mouse,Muscle,135,4.281705165798761e-4,2.261675066385941e-4,0.003125503541511524
SLCO1A2,SLCO,Mouse,Pancreas,79,0.03749917441760416,0.009703390555903314,0.2521082684511284
SLCO1A2,SLCO,Mouse,Pericentral,268,0.03956430031371768,0.017200423030393472,0.5578212890255917
SLCO1A2,SLCO,Mouse,Periportal,268,0.03956430031371768,0.017200423030393472,0.5578212890255917
SLCO1A2,SLCO,Mouse,Plasma,7,2.891759808495557e-4,2.2389637615054516e-4,5.781377712011776e-4
SLCO1A2,SLCO,Mouse,Rectum,6,1.4079265863687837e-4,1.290682650190182e-4,2.446863190426535e-4
SLCO1A2,SLCO,Mouse,Skin,173,0.014373179750380693,0.003438734598291304,0.18015288227047405
SLCO1A2,SLCO,Mouse,SmallIntestine,85,0.0017806077795540004,9.614106999167565e-4,0.010000705944393349
SLCO1A2,SLCO,Mouse,Spleen,102,0.012873118395702514,0.007980542207918145,0.19376960068886143
SLCO1A2,SLCO,Mouse,Stomach,1,1.5897968099421331e-4,1.5897968099421331e-4,1.5897968099421331e-4
SLCO1A2,SLCO,Mouse,Thymus,2,9.884174151141437e-4,9.884174151141437e-4,9.987401737252496e-4
SLCO1A2,SLCO,Mouse,Thyroid,1,1.507999734994845e-4,1.507999734994845e-4,1.507999734994845e-4
SLCO1A2,SLCO,Mouse,Undefined,37,0.014129597868080587,0.005423623729257144,0.04506739284696444
SLCO1A2,SLCO,Mouse,UpperIleum,84,0.0017989341376985115,9.672278243833839e-4,0.010000705944393349
SLCO1A2,SLCO,Mouse,UpperJejunum,84,0.0017989341376985115,9.672278243833839e-4,0.010000705944393349
SLCO1B1,SLCO,Human,BloodCells,13,0.001377642920618956,8.780024706398474e-4,0.004037185394312943
SLCO1B1,SLCO,Human,Brain,36,0.0016489311190193878,5.448342610430801e-4,0.009707785301401383
SLCO1B1,SLCO,Human,Breasts,1,4.954943810826176e-4,4.954943810826176e-4,4.954943810826176e-4
SLCO1B1,SLCO,Human,Caecum,4,0.00692756441685188,0.0031269470506772304,0.019766334008293068
SLCO1B1,SLCO,Human,ColonAscendens,4,0.00692756441685188,0.0031269470506772304,0.019766334008293068
SLCO1B1,SLCO,Human,ColonDescendens,4,0.00692756441685188,0.0031269470506772304,0.019766334008293068
SLCO1B1,SLCO,Human,ColonSigmoid,6,0.005010990754940243,0.002144438260141533,0.019766334008293068
SLCO1B1,SLCO,Human,ColonTransversum,5,0.005653488857381489,0.002598846962523074,0.019766334008293068
SLCO1B1,SLCO,Human,Duodenum,4,0.00692756441685188,0.0031269470506772304,0.019766334008293068
SLCO1B1,SLCO,Human,Endometrium,3,0.00234992775705695,0.00144795713645011,0.004706272166774838
SLCO1B1,SLCO,Human,Fat,3,4.5136068002755135e-4,4.981871164966898e-4,5.942609284151373e-4
SLCO1B1,SLCO,Human,GallBladder,4,0.0035715951357651976,0.0028742858328377925,0.00787704089663132
SLCO1B1,SLCO,Human,Gonads,26,0.003776600922810417,0.0016701513438131307,0.053898671037404415
SLCO1B1,SLCO,Human,Heart,12,0.0020469377713470413,6.187544352956777e-4,0.008833781566935258
SLCO1B1,SLCO,Human,Kidney,6,0.0056331381605879,0.002231742329943469,0.02165175422294594
SLCO1B1,SLCO,Human,LargeIntestine,7,0.004374733021305912,0.001690029557759992,0.019766334008293068
SLCO1B1,SLCO,Human,LowerIleum,4,0.00692756441685188,0.0031269470506772304,0.019766334008293068
SLCO1B1,SLCO,Human,LowerJejunum,4,0.00692756441685188,0.0031269470506772304,0.019766334008293068
SLCO1B1,SLCO,Human,Lung,1,0.002679127000843693,0.002679127000843693,0.002679127000843693
SLCO1B1,SLCO,Human,LymphNode,1,6.819404204775454e-4,6.819404204775454e-4,6.819404204775454e-4
SLCO1B1,SLCO,Human,Muscle,6,2.7281660792123413e-4,1.802016639777487e-4,7.354952814138821e-4
SLCO1B1,SLCO,Human,Pancreas,15,6.597257838237636e-4,5.447267364432512e-4,0.002070324871316827
SLCO1B1,SLCO,Human,Pericentral,131,0.22861263036304624,0.17035261045438482,1
SLCO1B1,SLCO,Human,Periportal,131,0.22861263036304624,0.17035261045438482,1
SLCO1B1,SLCO,Human,Plasma,3,7.383537954733546e-4,7.051872139228664e-4,0.0010688899347985421
SLCO1B1,SLCO,Human,Rectum,4,0.00692756441685188,0.0031269470506772304,0.019766334008293068
SLCO1B1,SLCO,Human,SalivaryGland,4,0.0018258073352352294,0.0010523010866945394,0.004656755175740165
SLCO1B1,SLCO,Human,Skin,9,0.0013964979050778222,9.851835882757319e-4,0.0036703008422266084
SLCO1B1,SLCO,Human,SmallIntestine,4,0.00692756441685188,0.0031269470506772304,0.019766334008293068
SLCO1B1,SLCO,Human,Spleen,1,0.05190269481038358,0.05190269481038358,0.05190269481038358
SLCO1B1,SLCO,Human,Stomach,10,0.007579999274540073,5.621869992043105e-4,0.04318864972459484
SLCO1B1,SLCO,Human,Thyroid,1,7.770595156021386e-4,7.770595156021386e-4,7.770595156021386e-4
SLCO1B1,SLCO,Human,Undefined,16,8.810445686198465e-4,8.882737175985513e-4,0.0016970399971080715
SLCO1B1,SLCO,Human,UpperIleum,4,0.00692756441685188,0.0031269470506772304,0.019766334008293068
SLCO1B1,SLCO,Human,UpperJejunum,4,0.00692756441685188,0.0031269470506772304,0.019766334008293068
SLCO1B1,SLCO,Macaque,Brain,614,0.0018504704084625276,0.0013632539555582753,0.043603873280408365
SLCO1B1,SLCO,Macaque,Caecum,2,5.166160061782314e-4,5.166160061782314e-4,7.238328703892669e-4
SLCO1B1,SLCO,Macaque,ColonAscendens,2,5.166160061782314e-4,5.166160061782314e-4,7.238328703892669e-4
SLCO1B1,SLCO,Macaque,ColonDescendens,2,5.166160061782314e-4,5.166160061782314e-4,7.238328703892669e-4
SLCO1B1,SLCO,Macaque,ColonSigmoid,2,5.166160061782314e-4,5.166160061782314e-4,7.238328703892669e-4
SLCO1B1,SLCO,Macaque,ColonTransversum,2,5.166160061782314e-4,5.166160061782314e-4,7.238328703892669e-4
SLCO1B1,SLCO,Macaque,Eye,8,0.001865012098580438,0.001737600457616808,0.002612223767353482
SLCO1B1,SLCO,Macaque,Fat,1,6.007216720485204e-4,6.007216720485204e-4,6.007216720485204e-4
SLCO1B1,SLCO,Macaque,Gonads,47,0.007239190524543239,0.005430151429828025,0.033967741280900195
SLCO1B1,SLCO,Macaque,Heart,46,0.004448907892563547,0.0022602710516526564,0.029145740471313367
SLCO1B1,SLCO,Macaque,Kidney,57,0.0016383875946720896,6.963176824229353e-4,0.042158087472156644
SLCO1B1,SLCO,Macaque,LargeIntestine,2,5.166160061782314e-4,5.166160061782314e-4,7.238328703892669e-4
SLCO1B1,SLCO,Macaque,LowerIleum,1,0.030897118537694147,0.030897118537694147,0.030897118537694147
SLCO1B1,SLCO,Macaque,Lung,11,0.04934192421121662,0.052146493203975006,0.0803593142711491
SLCO1B1,SLCO,Macaque,Muscle,17,0.0036540103227837703,0.0019650645562223337,0.014041383431893274
SLCO1B1,SLCO,Macaque,Pericentral,85,0.30452800278084685,0.23939630456190378,1
SLCO1B1,SLCO,Macaque,Periportal,85,0.30452800278084685,0.23939630456190378,1
SLCO1B1,SLCO,Macaque,Rectum,2,5.166160061782314e-4,5.166160061782314e-4,7.238328703892669e-4
SLCO1B1,SLCO,Macaque,SmallIntestine,1,0.030897118537694147,0.030897118537694147,0.030897118537694147
SLCO1B1,SLCO,Macaque,Spleen,7,0.009363934099855831,0.004823772616112947,0.022946856901829578
SLCO1B1,SLCO,Macaque,Undefined,28,0.0014711119005345202,0.0014141617167657433,0.003048760558464571
SLCO1B1,SLCO,Macaque,UpperIleum,1,0.030897118537694147,0.030897118537694147,0.030897118537694147
SLCO1B1,SLCO,Dog,Brain,4,8.016327253180378e-4,6.988792874618397e-4,0.0011245093290407659
SLCO1B1,SLCO,Dog,Embryo,1,0.030374019546962228,0.030374019546962228,0.030374019546962228
SLCO1B1,SLCO,Dog,Eye,1,0.005077605337427511,0.005077605337427511,0.005077605337427511
SLCO1B1,SLCO,Dog,Gonads,2,0.0019189152273281838,0.0019189152273281838,0.0019737086075803946
SLCO1B1,SLCO,Dog,Heart,1,4.160391638099015e-4,4.160391638099015e-4,4.160391638099015e-4
SLCO1B1,SLCO,Dog,Kidney,12,0.03047068142866014,0.02126106709295271,0.06638672858620184
SLCO1B1,SLCO,Dog,Muscle,2,0.0015601460471378562,0.0015601460471378562,0.0024813607403554585
SLCO1B1,SLCO,Dog,Pericentral,28,0.3113696290438836,0.2322516433353373,1
SLCO1B1,SLCO,Dog,Periportal,28,0.3113696290438836,0.2322516433353373,1
SLCO1B1,SLCO,Dog,Spleen,1,7.668389501000741e-4,7.668389501000741e-4,7.668389501000741e-4
SLCO1B1,SLCO,Dog,Undefined,2,0.0056065227597498265,0.0056065227597498265,0.006676622614009944
SLCO1B1,SLCO,Rat,Brain,37,9.647064555137457e-4,3.8398781996604696e-4,0.012118498294396264
SLCO1B1,SLCO,Rat,Caecum,6,6.836925023974952e-4,3.2234825139591415e-4,0.0025840611701861776
SLCO1B1,SLCO,Rat,ColonAscendens,6,6.836925023974952e-4,3.2234825139591415e-4,0.0025840611701861776
SLCO1B1,SLCO,Rat,ColonDescendens,6,6.836925023974952e-4,3.2234825139591415e-4,0.0025840611701861776
SLCO1B1,SLCO,Rat,ColonSigmoid,6,6.836925023974952e-4,3.2234825139591415e-4,0.0025840611701861776
SLCO1B1,SLCO,Rat,ColonTransversum,6,6.836925023974952e-4,3.2234825139591415e-4,0.0025840611701861776
SLCO1B1,SLCO,Rat,Duodenum,3,2.837442489194861e-4,2.4380370267736598e-4,3.679132550327049e-4
SLCO1B1,SLCO,Rat,Esophagus,1,5.927214762780465e-4,5.927214762780465e-4,5.927214762780465e-4
SLCO1B1,SLCO,Rat,Fat,2,0.001383959078609729,0.001383959078609729,0.002084867682439054
SLCO1B1,SLCO,Rat,Gonads,4,0.0011746041031628625,0.0012210400489006288,0.001648069801403082
SLCO1B1,SLCO,Rat,Heart,5,0.001210435365031326,0.0014799849118959998,0.0023123111047815208
SLCO1B1,SLCO,Rat,Kidney,19,0.001531755875330037,3.0449215418410186e-4,0.023254046592253035
SLCO1B1,SLCO,Rat,LargeIntestine,6,6.836925023974952e-4,3.2234825139591415e-4,0.0025840611701861776
SLCO1B1,SLCO,Rat,LowerIleum,1,0.0011070995843140178,0.0011070995843140178,0.0011070995843140178
SLCO1B1,SLCO,Rat,LowerJejunum,1,2.507041587825226e-4,2.507041587825226e-4,2.507041587825226e-4
SLCO1B1,SLCO,Rat,Lung,6,0.07527560659506163,0.04555132728805325,0.28070320682519495
SLCO1B1,SLCO,Rat,Muscle,22,0.0015728987386937699,0.0015150196190516513,0.005062916662866617
SLCO1B1,SLCO,Rat,Myometrium,4,0.024748493455034895,0.02424427114355844,0.038259061073532774
SLCO1B1,SLCO,Rat,Pancreas,2,0.0013036662446066084,0.0013036662446066084,0.0014743779405059288
SLCO1B1,SLCO,Rat,Pericentral,137,0.25578079277830246,0.19142085570747586,1
SLCO1B1,SLCO,Rat,Periportal,137,0.25578079277830246,0.19142085570747586,1
SLCO1B1,SLCO,Rat,Rectum,6,6.836925023974952e-4,3.2234825139591415e-4,0.0025840611701861776
SLCO1B1,SLCO,Rat,Skin,3,9.345142854165009e-4,4.057956866567795e-4,0.0021165434812471136
SLCO1B1,SLCO,Rat,SmallIntestine,5,4.418072979709997e-4,2.507041587825226e-4,0.0011070995843140178
SLCO1B1,SLCO,Rat,Spleen,2,0.01798702520380045,0.01798702520380045,0.033743532316577333
SLCO1B1,SLCO,Rat,Stomach,2,4.7694400193264575e-4,4.7694400193264575e-4,4.926501221775405e-4
SLCO1B1,SLCO,Rat,Thyroid,5,0.0016156600924112075,4.2785172700761056e-4,0.0066243791208798345
SLCO1B1,SLCO,Rat,Undefined,1,0.004575567160814662,0.004575567160814662,0.004575567160814662
SLCO1B1,SLCO,Rat,UpperIleum,1,0.0011070995843140178,0.0011070995843140178,0.0011070995843140178
SLCO1B1,SLCO,Rat,UpperJejunum,1,2.507041587825226e-4,2.507041587825226e-4,2.507041587825226e-4
SLCO1B1,SLCO,Mouse,BloodCells,23,0.002485191279610775,0.0018892500845130015,0.01244624754618003
SLCO1B1,SLCO,Mouse,Bone,177,0.013277079157849064,0.006648445514917043,0.31064723181248916
SLCO1B1,SLCO,Mouse,Brain,160,0.0012787485608646008,6.227244890099259e-4,0.01310251146683329
SLCO1B1,SLCO,Mouse,Breasts,1,2.467744287331096e-4,2.467744287331096e-4,2.467744287331096e-4
SLCO1B1,SLCO,Mouse,Caecum,5,2.1661909064005363e-4,2.2388974899087684e-4,3.8403707315234193e-4
SLCO1B1,SLCO,Mouse,ColonAscendens,5,2.1661909064005363e-4,2.2388974899087684e-4,3.8403707315234193e-4
SLCO1B1,SLCO,Mouse,ColonDescendens,5,2.1661909064005363e-4,2.2388974899087684e-4,3.8403707315234193e-4
SLCO1B1,SLCO,Mouse,ColonSigmoid,5,2.1661909064005363e-4,2.2388974899087684e-4,3.8403707315234193e-4
SLCO1B1,SLCO,Mouse,ColonTransversum,5,2.1661909064005363e-4,2.2388974899087684e-4,3.8403707315234193e-4
SLCO1B1,SLCO,Mouse,Duodenum,63,5.144394895758214e-4,2.778226709732518e-4,0.005477399021570707
SLCO1B1,SLCO,Mouse,Embryo,11,0.002440518307772409,0.0012244997889113856,0.008184938165464435
SLCO1B1,SLCO,Mouse,Esophagus,1,2.4001558183419004e-4,2.4001558183419004e-4,2.4001558183419004e-4
SLCO1B1,SLCO,Mouse,Fat,139,0.002045164984368364,0.001260566154325202,0.015774154772658894
SLCO1B1,SLCO,Mouse,Gonads,84,7.787235211506276e-4,5.68175414006584e-4,0.00327575131476581
SLCO1B1,SLCO,Mouse,Heart,95,6.042793454143856e-4,4.6059331779678425e-4,0.0043043187150871316
SLCO1B1,SLCO,Mouse,Kidney,118,5.804319483349796e-4,2.4172092053892266e-4,0.02067312290165352
SLCO1B1,SLCO,Mouse,LargeIntestine,5,2.1661909064005363e-4,2.2388974899087684e-4,3.8403707315234193e-4
SLCO1B1,SLCO,Mouse,LowerIleum,60,5.336650528061054e-4,2.815851355842199e-4,0.005477399021570707
SLCO1B1,SLCO,Mouse,LowerJejunum,60,5.353826456615762e-4,2.815851355842199e-4,0.005477399021570707
SLCO1B1,SLCO,Mouse,Lung,103,0.003918163697391597,0.0018148975230449342,0.07652930122681577
SLCO1B1,SLCO,Mouse,Muscle,66,3.6449563518344046e-4,1.4489612202104669e-4,0.0018386843070036006
SLCO1B1,SLCO,Mouse,Pancreas,47,0.008749378302585866,0.004312723602537584,0.05468762347969821
SLCO1B1,SLCO,Mouse,Pericentral,314,0.12502015086407425,0.11565277308592277,1
SLCO1B1,SLCO,Mouse,Periportal,314,0.12502015086407425,0.11565277308592277,1
SLCO1B1,SLCO,Mouse,Placenta,7,0.001959958450808976,0.001886842668926961,0.004850613004984739
SLCO1B1,SLCO,Mouse,Plasma,6,1.4162419075025546e-4,1.3500191631421368e-4,1.8382212944742155e-4
SLCO1B1,SLCO,Mouse,Rectum,5,2.1661909064005363e-4,2.2388974899087684e-4,3.8403707315234193e-4
SLCO1B1,SLCO,Mouse,Skin,126,0.004595334217803843,0.0030880847375714037,0.0287323579943942
SLCO1B1,SLCO,Mouse,SmallIntestine,65,5.027115915973263e-4,2.592791010589827e-4,0.005477399021570707
SLCO1B1,SLCO,Mouse,Spleen,88,0.004053254348170728,0.0020703832112717105,0.07061912241546693
SLCO1B1,SLCO,Mouse,Stomach,8,1.3474504057795554e-4,1.25657329198965e-4,2.1145013580685918e-4
SLCO1B1,SLCO,Mouse,Thymus,5,3.394776399126447e-4,3.3867471172473786e-4,5.029914546100538e-4
SLCO1B1,SLCO,Mouse,Undefined,5,0.002704394900401777,1.5968154405688703e-4,0.012739705584453552
SLCO1B1,SLCO,Mouse,UpperIleum,60,5.336650528061054e-4,2.815851355842199e-4,0.005477399021570707
SLCO1B1,SLCO,Mouse,UpperJejunum,60,5.353826456615762e-4,2.815851355842199e-4,0.005477399021570707
SLCO1B3,SLCO,Human,BloodCells,39,0.0022061835656794005,0.0018877708711931309,0.009550918289357373
SLCO1B3,SLCO,Human,Brain,81,0.0035025508029963713,0.0011892003707250234,0.0766111114692735
SLCO1B3,SLCO,Human,Breasts,2,0.008412505104322213,0.008412505104322213,0.01529852811173096
SLCO1B3,SLCO,Human,Caecum,12,0.004057170736139987,0.002587513121994271,0.017141095893252675
SLCO1B3,SLCO,Human,ColonAscendens,12,0.004057170736139987,0.002587513121994271,0.017141095893252675
SLCO1B3,SLCO,Human,ColonDescendens,12,0.004057170736139987,0.002587513121994271,0.017141095893252675
SLCO1B3,SLCO,Human,ColonSigmoid,41,0.0024552043206618104,0.0016665943905996082,0.017141095893252675
SLCO1B3,SLCO,Human,ColonTransversum,63,0.002334494967656815,0.001194726361366273,0.017141095893252675
SLCO1B3,SLCO,Human,Duodenum,8,0.004875189118166367,0.0032752485749883028,0.017141095893252675
SLCO1B3,SLCO,Human,Embryo,3,0.0018142260327051595,0.0021201204309586274,0.0024967764811824056
SLCO1B3,SLCO,Human,Endometrium,42,0.01013507005878876,0.00246702147052874,0.19536132396120648
SLCO1B3,SLCO,Human,Esophagus,6,0.010777672644174155,0.012025632216259139,0.01683682752543541
SLCO1B3,SLCO,Human,Eye,30,0.01485554297255486,0.005574237812901707,0.09998021808489457
SLCO1B3,SLCO,Human,Fat,48,0.0017534838206448838,9.499023337772671e-4,0.015902838183607344
SLCO1B3,SLCO,Human,GallBladder,7,0.010980185015273628,0.005409155521249974,0.02584934190414433
SLCO1B3,SLCO,Human,Gonads,228,0.011326460497538137,0.008238657669687764,0.06197152739401534
SLCO1B3,SLCO,Human,Heart,16,0.002098089709515009,6.137619949365528e-4,0.01127523004737963
SLCO1B3,SLCO,Human,Kidney,7,0.006575895622182998,0.001965095489342443,0.034786456063048324
SLCO1B3,SLCO,Human,LargeIntestine,97,0.0022571623640127666,0.0012165963072020341,0.017141095893252675
SLCO1B3,SLCO,Human,LowerIleum,6,0.005141875401191105,0.0032752485749883028,0.017141095893252675
SLCO1B3,SLCO,Human,LowerJejunum,6,0.005141875401191105,0.0032752485749883028,0.017141095893252675
SLCO1B3,SLCO,Human,Lung,7,0.004152339748915043,0.0022817130006294313,0.013699114263705943
SLCO1B3,SLCO,Human,LymphNode,36,0.00325967194390506,0.0013718485811502672,0.01909619292760535
SLCO1B3,SLCO,Human,Muscle,26,8.609907876060317e-4,3.461054278852255e-4,0.005013665452156414
SLCO1B3,SLCO,Human,Myometrium,3,0.004399152525324125,0.0030786184502000955,0.009007251130496049
SLCO1B3,SLCO,Human,Pancreas,49,0.00821628354566482,0.0018729802292017353,0.26596230235180396
SLCO1B3,SLCO,Human,Pericentral,130,0.21923797111488014,0.18903824898674138,1
SLCO1B3,SLCO,Human,Periportal,130,0.21923797111488014,0.18903824898674138,1
SLCO1B3,SLCO,Human,Placenta,4,0.0016176648955305508,0.001365781850070782,0.003132488916652879
SLCO1B3,SLCO,Human,Plasma,28,0.002093437940499142,0.0015270695436100379,0.016388479856778305
SLCO1B3,SLCO,Human,Rectum,15,0.0038959762224055642,0.0027310798432877803,0.017141095893252675
SLCO1B3,SLCO,Human,SalivaryGland,41,0.015127181350279656,0.005246061760463264,0.2723631524045249
SLCO1B3,SLCO,Human,Skin,37,0.00155625363412548,0.0012285350781985533,0.0040761361065635195
SLCO1B3,SLCO,Human,SmallIntestine,8,0.004875189118166367,0.0032752485749883028,0.017141095893252675
SLCO1B3,SLCO,Human,Spleen,10,0.015129506727876529,0.0020750754419855966,0.13291627540079676
SLCO1B3,SLCO,Human,Stomach,44,0.006849516686019879,0.0013026823495727185,0.11982363757655486
SLCO1B3,SLCO,Human,Thyroid,78,0.005144092132660806,0.002569422656412329,0.03523995955399984
SLCO1B3,SLCO,Human,Undefined,204,0.020073371627871903,0.015378303925762294,0.22808396364510344
SLCO1B3,SLCO,Human,UpperIleum,6,0.005141875401191105,0.0032752485749883028,0.017141095893252675
SLCO1B3,SLCO,Human,UpperJejunum,6,0.005141875401191105,0.0032752485749883028,0.017141095893252675
SLCO2B1,SLCO,Human,BloodCells,360,0.004925790855304006,0.001913623209849087,0.0673185914571687
SLCO2B1,SLCO,Human,Bone,13,0.017885754328904033,0.011309399102754551,0.08618308653777744
SLCO2B1,SLCO,Human,Brain,1620,0.027901441106066713,0.019033048279205243,0.4646783725698381
SLCO2B1,SLCO,Human,Breasts,41,0.030755780291321984,0.026388003431693806,0.12472333329739564
SLCO2B1,SLCO,Human,Caecum,40,0.05029902949080361,0.03234808409488489,0.1772103719318286
SLCO2B1,SLCO,Human,Cartilage,5,0.010836275711062649,0.008499080137754004,0.017367186918378824
SLCO2B1,SLCO,Human,ColonAscendens,40,0.05029902949080361,0.03234808409488489,0.1772103719318286
SLCO2B1,SLCO,Human,ColonDescendens,40,0.05029902949080361,0.03234808409488489,0.1772103719318286
SLCO2B1,SLCO,Human,ColonSigmoid,149,0.027766697787044513,0.018514304478940126,0.1772103719318286
SLCO2B1,SLCO,Human,ColonTransversum,162,0.03507035533943912,0.027856399420739735,0.1772103719318286
SLCO2B1,SLCO,Human,Duodenum,29,0.052223571192467594,0.04883172516729156,0.13552363002359422
SLCO2B1,SLCO,Human,Embryo,53,0.021642290874086034,0.019174982584392798,0.0721949560151094
SLCO2B1,SLCO,Human,Endometrium,159,0.021830542635666618,0.016382439256120127,0.10759789966835094
SLCO2B1,SLCO,Human,Esophagus,21,0.03585135481678976,0.03129846715402792,0.09306950024923889
SLCO2B1,SLCO,Human,Eye,47,0.04295462532149465,0.01131881665395651,0.22212527467898782
SLCO2B1,SLCO,Human,Fat,770,0.029794298656049687,0.020528080767397996,0.3216788758152889
SLCO2B1,SLCO,Human,GallBladder,7,0.09763363277204433,0.09232736867307327,0.164048982200155
SLCO2B1,SLCO,Human,Gonads,390,0.0155488149096279,0.011600239865137557,0.0740799625288384
SLCO2B1,SLCO,Human,Heart,306,0.008939831865064132,0.0057419571608645125,0.11007043769436209
SLCO2B1,SLCO,Human,Kidney,105,0.030185668002264104,0.007609416647113213,0.17299791405243176
SLCO2B1,SLCO,Human,LargeIntestine,280,0.03158950080339315,0.024280324394154625,0.1772103719318286
SLCO2B1,SLCO,Human,LowerIleum,25,0.05071128345508102,0.029247155507700195,0.13552363002359422
SLCO2B1,SLCO,Human,LowerJejunum,25,0.05071128345508102,0.029247155507700195,0.13552363002359422
SLCO2B1,SLCO,Human,Lung,69,0.10690602767222508,0.09187734997387906,0.40303661301796706
SLCO2B1,SLCO,Human,LymphNode,104,0.07651588495868614,0.05838749727586426,0.38883264916617516
SLCO2B1,SLCO,Human,Muscle,398,0.003645121272596547,0.002258471398162716,0.1660820043075793
SLCO2B1,SLCO,Human,Myometrium,58,0.045585418591282754,0.040645637952616984,0.17444043870171072
SLCO2B1,SLCO,Human,Pancreas,144,0.018087056992718117,0.016524853572386054,0.15114558460751198
SLCO2B1,SLCO,Human,Pericentral,134,0.07527649495968947,0.05506493573163538,1
SLCO2B1,SLCO,Human,Periportal,134,0.07527649495968947,0.05506493573163538,1
SLCO2B1,SLCO,Human,Placenta,10,0.09946521780073125,0.10332080288045989,0.14355124416231144
SLCO2B1,SLCO,Human,Plasma,315,0.02422543983918221,0.01670976017787108,0.16636577280277218
SLCO2B1,SLCO,Human,Rectum,39,0.053967396630690945,0.04269338973752259,0.1772103719318286
SLCO2B1,SLCO,Human,SalivaryGland,53,0.020174161742644765,0.01844179640778225,0.054219439460482556
SLCO2B1,SLCO,Human,Skin,443,0.012040762873408618,0.009065670808525274,0.06912163872004161
SLCO2B1,SLCO,Human,SmallIntestine,29,0.052223571192467594,0.04883172516729156,0.13552363002359422
SLCO2B1,SLCO,Human,Spleen,88,0.11842589735147292,0.11458603964688244,0.26658331274726776
SLCO2B1,SLCO,Human,Stomach,149,0.015807634078332047,0.00937254395078183,0.17711187116615798
SLCO2B1,SLCO,Human,Thyroid,203,0.026245603966657254,0.023326824988111363,0.10445518641764623
SLCO2B1,SLCO,Human,Undefined,319,0.03719597972331911,0.03389423901190267,0.172928148909451
SLCO2B1,SLCO,Human,UpperIleum,25,0.05071128345508102,0.029247155507700195,0.13552363002359422
SLCO2B1,SLCO,Human,UpperJejunum,25,0.05071128345508102,0.029247155507700195,0.13552363002359422
SLCO2B1,SLCO,Macaque,Brain,633,0.07594677943565006,0.05794622914218371,0.45724734618583324
SLCO2B1,SLCO,Macaque,Caecum,3,0.09269456134018861,0.06381322648581457,0.1680718583338287
SLCO2B1,SLCO,Macaque,ColonAscendens,3,0.09269456134018861,0.06381322648581457,0.1680718583338287
SLCO2B1,SLCO,Macaque,ColonDescendens,3,0.09269456134018861,0.06381322648581457,0.1680718583338287
SLCO2B1,SLCO,Macaque,ColonSigmoid,3,0.09269456134018861,0.06381322648581457,0.1680718583338287
SLCO2B1,SLCO,Macaque,ColonTransversum,3,0.09269456134018861,0.06381322648581457,0.1680718583338287
SLCO2B1,SLCO,Macaque,Eye,1,0.011022210331064123,0.011022210331064123,0.011022210331064123
SLCO2B1,SLCO,Macaque,Fat,1,0.007371279250762231,0.007371279250762231,0.007371279250762231
SLCO2B1,SLCO,Macaque,Gonads,47,0.041915256206100676,0.0350835248297696,0.12539131109255797
SLCO2B1,SLCO,Macaque,Heart,46,0.016211524148693902,0.013994188382686356,0.051318431118443066
SLCO2B1,SLCO,Macaque,Kidney,58,0.020278417264993846,0.01833339009531768,0.05472051597404901
SLCO2B1,SLCO,Macaque,LargeIntestine,3,0.09269456134018861,0.06381322648581457,0.1680718583338287
SLCO2B1,SLCO,Macaque,LowerIleum,1,0.0028109724541418644,0.0028109724541418644,0.0028109724541418644
SLCO2B1,SLCO,Macaque,Lung,11,0.2295880502206304,0.25680954894860825,0.426737073237834
SLCO2B1,SLCO,Macaque,Muscle,17,0.022673580439999043,0.011515263093512364,0.15039420165629547
SLCO2B1,SLCO,Macaque,Pericentral,83,0.011320297470842237,0.008176495607365481,0.03554960359593433
SLCO2B1,SLCO,Macaque,Periportal,83,0.011320297470842237,0.008176495607365481,0.03554960359593433
SLCO2B1,SLCO,Macaque,Rectum,3,0.09269456134018861,0.06381322648581457,0.1680718583338287
SLCO2B1,SLCO,Macaque,SmallIntestine,1,0.0028109724541418644,0.0028109724541418644,0.0028109724541418644
SLCO2B1,SLCO,Macaque,Spleen,7,0.3416135957586167,0.135630859140544,1
SLCO2B1,SLCO,Macaque,Undefined,34,0.04549000034358773,0.030000492873411406,0.11036059671229752
SLCO2B1,SLCO,Macaque,UpperIleum,1,0.0028109724541418644,0.0028109724541418644,0.0028109724541418644
SLCO2B1,SLCO,Dog,BloodCells,1,0.011631718286699661,0.011631718286699661,0.011631718286699661
SLCO2B1,SLCO,Dog,Bone,1,0.12457330116887842,0.12457330116887842,0.12457330116887842
SLCO2B1,SLCO,Dog,Brain,43,0.0469451568686267,0.03855812614941901,0.14515240649920955
SLCO2B1,SLCO,Dog,Breasts,2,0.12037187358795505,0.12037187358795505,0.14544965719567612
SLCO2B1,SLCO,Dog,Caecum,13,0.014646202811503176,0.013492840475164181,0.03930852635614075
SLCO2B1,SLCO,Dog,Cartilage,1,0.24144302533314696,0.24144302533314696,0.24144302533314696
SLCO2B1,SLCO,Dog,ColonAscendens,13,0.014646202811503176,0.013492840475164181,0.03930852635614075
SLCO2B1,SLCO,Dog,ColonDescendens,13,0.014646202811503176,0.013492840475164181,0.03930852635614075
SLCO2B1,SLCO,Dog,ColonSigmoid,13,0.014646202811503176,0.013492840475164181,0.03930852635614075
SLCO2B1,SLCO,Dog,ColonTransversum,13,0.014646202811503176,0.013492840475164181,0.03930852635614075
SLCO2B1,SLCO,Dog,Duodenum,2,0.20891674376598388,0.20891674376598388,0.37085325127805174
SLCO2B1,SLCO,Dog,Embryo,1,0.02636889300005508,0.02636889300005508,0.02636889300005508
SLCO2B1,SLCO,Dog,Eye,1,0.1347967621020261,0.1347967621020261,0.1347967621020261
SLCO2B1,SLCO,Dog,Fat,10,0.09115541873718934,0.07415137080754487,0.20020849794397558
SLCO2B1,SLCO,Dog,Gonads,24,0.15461159267456895,0.14553221408380507,0.38477870689937377
SLCO2B1,SLCO,Dog,Heart,24,0.009830608819756188,0.005034056174932754,0.05294100226554316
SLCO2B1,SLCO,Dog,Kidney,12,0.01349267837054621,0.012328844811354076,0.029611509530952915
SLCO2B1,SLCO,Dog,LargeIntestine,13,0.014646202811503176,0.013492840475164181,0.03930852635614075
SLCO2B1,SLCO,Dog,LowerIleum,2,0.20891674376598388,0.20891674376598388,0.37085325127805174
SLCO2B1,SLCO,Dog,LowerJejunum,3,0.174887055503784,0.10682767897938424,0.37085325127805174
SLCO2B1,SLCO,Dog,Lung,15,0.094020844515983,0.11624948631704228,0.18451924205047252
SLCO2B1,SLCO,Dog,LymphNode,5,0.19250800011128882,0.2166119236121281,0.2549589249562494
SLCO2B1,SLCO,Dog,Muscle,15,0.01275082308026155,0.009591807133655187,0.026148552688625613
SLCO2B1,SLCO,Dog,Pancreas,3,0.014525858185341809,0.010350640942752828,0.02567960089603769
SLCO2B1,SLCO,Dog,Pericentral,28,0.48126554555132434,0.4607170198544042,1
SLCO2B1,SLCO,Dog,Periportal,28,0.48126554555132434,0.4607170198544042,1
SLCO2B1,SLCO,Dog,Placenta,1,0.18568016042008523,0.18568016042008523,0.18568016042008523
SLCO2B1,SLCO,Dog,Rectum,13,0.014646202811503176,0.013492840475164181,0.03930852635614075
SLCO2B1,SLCO,Dog,SalivaryGland,1,0.0042932457962314655,0.0042932457962314655,0.0042932457962314655
SLCO2B1,SLCO,Dog,Skin,25,0.05788122700768471,0.05714222631759635,0.1331453341582388
SLCO2B1,SLCO,Dog,SmallIntestine,3,0.174887055503784,0.10682767897938424,0.37085325127805174
SLCO2B1,SLCO,Dog,Spleen,12,0.5365930332566885,0.4471024810836837,0.9621493302941665
SLCO2B1,SLCO,Dog,Stomach,2,0.10004534821774694,0.10004534821774694,0.1707767498624246
SLCO2B1,SLCO,Dog,Thymus,1,0.07406202684499064,0.07406202684499064,0.07406202684499064
SLCO2B1,SLCO,Dog,Thyroid,6,0.0554233965349724,0.05162259869542342,0.09666761318591856
SLCO2B1,SLCO,Dog,Tongue,1,0.0136809523515658,0.0136809523515658,0.0136809523515658
SLCO2B1,SLCO,Dog,Undefined,10,0.01896615851769148,0.014414272370885597,0.061660180894850695
SLCO2B1,SLCO,Dog,UpperIleum,2,0.20891674376598388,0.20891674376598388,0.37085325127805174
SLCO2B1,SLCO,Dog,UpperJejunum,3,0.174887055503784,0.10682767897938424,0.37085325127805174
SLCO2B1,SLCO,Rat,Brain,312,0.058782045701565616,0.0545838032443111,0.21537266630632332
SLCO2B1,SLCO,Rat,Caecum,18,0.1336107918170897,0.13553906152952577,0.36261111956480613
SLCO2B1,SLCO,Rat,ColonAscendens,18,0.1336107918170897,0.13553906152952577,0.36261111956480613
SLCO2B1,SLCO,Rat,ColonDescendens,18,0.1336107918170897,0.13553906152952577,0.36261111956480613
SLCO2B1,SLCO,Rat,ColonSigmoid,18,0.1336107918170897,0.13553906152952577,0.36261111956480613
SLCO2B1,SLCO,Rat,ColonTransversum,18,0.1336107918170897,0.13553906152952577,0.36261111956480613
SLCO2B1,SLCO,Rat,Duodenum,3,0.04169238350336087,0.036177562548091353,0.05963688785288216
SLCO2B1,SLCO,Rat,Esophagus,3,0.056455860534624834,0.053799322420899895,0.06391001381567618
SLCO2B1,SLCO,Rat,Eye,6,0.037329277635358,0.037800049193528806,0.04150799163736062
SLCO2B1,SLCO,Rat,Fat,7,0.5960429498320974,0.43875431079074023,1
SLCO2B1,SLCO,Rat,Gonads,93,0.03939041941400324,0.024444800466057553,0.20722578350118562
SLCO2B1,SLCO,Rat,Heart,90,0.06873218950381565,0.05301187809685422,0.1601735109616892
SLCO2B1,SLCO,Rat,Kidney,104,0.03816011964101864,0.02764382693350762,0.13985593499807222
SLCO2B1,SLCO,Rat,LargeIntestine,18,0.1336107918170897,0.13553906152952577,0.36261111956480613
SLCO2B1,SLCO,Rat,LowerIleum,3,0.21655542589693888,0.14060486433172653,0.40518210689763573
SLCO2B1,SLCO,Rat,LowerJejunum,3,0.11998430940270004,0.12765644089302364,0.16880379859144715
SLCO2B1,SLCO,Rat,Lung,42,0.14811792995128176,0.1577379745334797,0.18606224116928602
SLCO2B1,SLCO,Rat,Muscle,164,0.03135086780877409,0.027849918182135378,0.0838016711012417
SLCO2B1,SLCO,Rat,Myometrium,16,0.2905088608555108,0.25934217326688713,0.44180931222057007
SLCO2B1,SLCO,Rat,Pancreas,3,0.09282913247233927,0.07725883804310964,0.1748589401313347
SLCO2B1,SLCO,Rat,Pericentral,145,0.13276211637098786,0.15286597174946528,0.3516770853522197
SLCO2B1,SLCO,Rat,Periportal,145,0.13276211637098786,0.15286597174946528,0.3516770853522197
SLCO2B1,SLCO,Rat,Rectum,18,0.1336107918170897,0.13553906152952577,0.36261111956480613
SLCO2B1,SLCO,Rat,Skin,8,0.20216179935509465,0.18353456658401948,0.3375340662466182
SLCO2B1,SLCO,Rat,SmallIntestine,9,0.12607737293433327,0.10387930646145434,0.40518210689763573
SLCO2B1,SLCO,Rat,Spleen,42,0.34157396650022553,0.3154127676576153,0.583772804567649
SLCO2B1,SLCO,Rat,Stomach,3,0.03381373284042545,0.03188301047538485,0.039694104586113894
SLCO2B1,SLCO,Rat,Thymus,35,0.4508721727962331,0.45818235861073836,0.7072150271162426
SLCO2B1,SLCO,Rat,Thyroid,6,0.0533745142354708,0.05850637712795546,0.08667478422774763
SLCO2B1,SLCO,Rat,Undefined,13,0.0550467159431442,0.053061334459374866,0.08475863911790084
SLCO2B1,SLCO,Rat,UpperIleum,3,0.21655542589693888,0.14060486433172653,0.40518210689763573
SLCO2B1,SLCO,Rat,UpperJejunum,3,0.11998430940270004,0.12765644089302364,0.16880379859144715
SLCO2B1,SLCO,Mouse,BloodCells,17,0.017207990895345648,0.0121518492821589,0.05008939142600543
SLCO2B1,SLCO,Mouse,Bone,189,0.13722965628347436,0.128616656206867,0.3683614612683247
SLCO2B1,SLCO,Mouse,Brain,435,0.052427734872241706,0.045250391047168485,0.46718676955809024
SLCO2B1,SLCO,Mouse,Breasts,2,0.3842970133530468,0.3842970133530468,0.4475156271512654
SLCO2B1,SLCO,Mouse,Caecum,36,0.058994077144989394,0.02409604415151301,0.26735864170214474
SLCO2B1,SLCO,Mouse,ColonAscendens,36,0.058994077144989394,0.02409604415151301,0.26735864170214474
SLCO2B1,SLCO,Mouse,ColonDescendens,36,0.058994077144989394,0.02409604415151301,0.26735864170214474
SLCO2B1,SLCO,Mouse,ColonSigmoid,38,0.05739349420375332,0.02409604415151301,0.26735864170214474
SLCO2B1,SLCO,Mouse,ColonTransversum,36,0.058994077144989394,0.02409604415151301,0.26735864170214474
SLCO2B1,SLCO,Mouse,Duodenum,136,0.17019045704699984,0.17643559135103332,0.5016166729723323
SLCO2B1,SLCO,Mouse,Egg,1,0.015446375478844393,0.015446375478844393,0.015446375478844393
SLCO2B1,SLCO,Mouse,Embryo,79,0.024956905751196294,0.019224402750282886,0.08415590892213409
SLCO2B1,SLCO,Mouse,Esophagus,3,0.05883070152493228,0.060294069049081696,0.0627532297343198
SLCO2B1,SLCO,Mouse,Eye,18,0.03084604604790318,0.02629824212819688,0.05838243426598437
SLCO2B1,SLCO,Mouse,Fat,232,0.3883830282587713,0.38137385246969613,0.871952722559868
SLCO2B1,SLCO,Mouse,Gonads,234,0.24252935091264433,0.04807325385361283,0.7827476165261695
SLCO2B1,SLCO,Mouse,Heart,240,0.03948744426211344,0.03510725059064361,0.10937378829538544
SLCO2B1,SLCO,Mouse,Kidney,229,0.04219431262676102,0.044041367715766264,0.13800603038311904
SLCO2B1,SLCO,Mouse,LargeIntestine,38,0.05739349420375332,0.02409604415151301,0.26735864170214474
SLCO2B1,SLCO,Mouse,LowerIleum,132,0.17128968871575811,0.1770127521170733,0.5016166729723323
SLCO2B1,SLCO,Mouse,LowerJejunum,132,0.1719243613394984,0.1770127521170733,0.5016166729723323
SLCO2B1,SLCO,Mouse,Lung,158,0.14070019289741406,0.1373753830170861,0.39980909494834066
SLCO2B1,SLCO,Mouse,Muscle,280,0.019040329499394878,0.01755970528524256,0.1857138203654283
SLCO2B1,SLCO,Mouse,Myometrium,2,0.11068821662073393,0.11068821662073393,0.12268658161716486
SLCO2B1,SLCO,Mouse,Pancreas,109,0.14261647060887742,0.10255674945816992,0.44049885381970216
SLCO2B1,SLCO,Mouse,Pericentral,310,0.23861229173771575,0.22655680039285092,0.7029552335304634
SLCO2B1,SLCO,Mouse,Periportal,310,0.23861229173771575,0.22655680039285092,0.7029552335304634
SLCO2B1,SLCO,Mouse,Placenta,13,0.013612514224541536,0.01388146898164222,0.02998327470158645
SLCO2B1,SLCO,Mouse,Plasma,10,0.11657351922812015,0.10121053053377382,0.18649163938613839
SLCO2B1,SLCO,Mouse,Rectum,36,0.058994077144989394,0.02409604415151301,0.26735864170214474
SLCO2B1,SLCO,Mouse,Skin,238,0.15936167839726514,0.1141437361733932,0.5793758730171411
SLCO2B1,SLCO,Mouse,SmallIntestine,142,0.16696585147881235,0.17311369442944136,0.5016166729723323
SLCO2B1,SLCO,Mouse,Spleen,136,0.5207400936453497,0.5392419737273362,1
SLCO2B1,SLCO,Mouse,Stomach,15,0.029021178953596755,0.022220389536601277,0.09896496541398288
SLCO2B1,SLCO,Mouse,Thymus,18,0.1606564467495271,0.1658058928988092,0.3419276785123472
SLCO2B1,SLCO,Mouse,Thyroid,6,0.06054149730938702,0.0655030033605585,0.07700126961258107
SLCO2B1,SLCO,Mouse,Undefined,63,0.03560016751111723,0.030435958631868883,0.23833219290173496
SLCO2B1,SLCO,Mouse,UpperIleum,132,0.17128968871575811,0.1770127521170733,0.5016166729723323
SLCO2B1,SLCO,Mouse,UpperJejunum,132,0.1719243613394984,0.1770127521170733,0.5016166729723323
SLCO4C1,SLCO,Human,BloodCells,496,0.09542269950250501,0.06596979068657474,0.578144716638931
SLCO4C1,SLCO,Human,Bone,17,0.1857709500045952,0.18965598880682188,0.4588433764196245
SLCO4C1,SLCO,Human,Brain,979,0.005321782150601377,0.003577437886124363,0.04351124653044735
SLCO4C1,SLCO,Human,Breasts,27,0.002435002860660401,0.001983993311010095,0.0080813534151793
SLCO4C1,SLCO,Human,Caecum,32,0.029156223987895427,0.01583831108811337,0.18699142423926293
SLCO4C1,SLCO,Human,ColonAscendens,32,0.029156223987895427,0.01583831108811337,0.18699142423926293
SLCO4C1,SLCO,Human,ColonDescendens,32,0.029156223987895427,0.01583831108811337,0.18699142423926293
SLCO4C1,SLCO,Human,ColonSigmoid,108,0.010527503119991075,0.0018300149752305938,0.18699142423926293
SLCO4C1,SLCO,Human,ColonTransversum,148,0.010815460582811815,0.00462369456806605,0.18699142423926293
SLCO4C1,SLCO,Human,Duodenum,22,0.03263154256493889,0.017239957944660923,0.18699142423926293
SLCO4C1,SLCO,Human,Embryo,44,0.041261513925475224,0.02953839847028412,0.18946530936981262
SLCO4C1,SLCO,Human,Endometrium,100,0.009943828779998049,0.0030591785379873626,0.061527513915432035
SLCO4C1,SLCO,Human,Esophagus,9,0.002027054622998827,0.002334661557362092,0.0031557378438371183
SLCO4C1,SLCO,Human,Eye,19,0.0032385241411886246,0.002507424466818392,0.010419404149627406
SLCO4C1,SLCO,Human,Fat,628,0.003313488373104546,0.002250802725800101,0.04487301117813647
SLCO4C1,SLCO,Human,GallBladder,7,0.04471355667230337,0.044087428771074647,0.05230044091621232
SLCO4C1,SLCO,Human,Gonads,280,0.0182433093154846,0.012455731555069693,0.24069291563756126
SLCO4C1,SLCO,Human,Heart,197,0.002055428064568555,6.729443985184757e-4,0.10671991930523808
SLCO4C1,SLCO,Human,Kidney,103,0.1893945602985296,0.0894573017198377,1
SLCO4C1,SLCO,Human,LargeIntestine,233,0.008324189973899535,0.003317009842513177,0.18699142423926293
SLCO4C1,SLCO,Human,LowerIleum,18,0.03568168980914874,0.017239957944660923,0.18699142423926293
SLCO4C1,SLCO,Human,LowerJejunum,18,0.03568168980914874,0.017239957944660923,0.18699142423926293
SLCO4C1,SLCO,Human,Lung,66,0.07867021352113952,0.054241941757346465,0.25608362439211574
SLCO4C1,SLCO,Human,LymphNode,96,0.006241595496347,0.005240171671676204,0.022539785938229303
SLCO4C1,SLCO,Human,Muscle,182,6.736728440810817e-4,5.258402456711762e-4,0.008868761397931003
SLCO4C1,SLCO,Human,Myometrium,25,0.001954496099613512,0.0017006672819835612,0.004084756939999558
SLCO4C1,SLCO,Human,Pancreas,136,0.006592546093126064,0.0061501207983457665,0.02000824284361804
SLCO4C1,SLCO,Human,Pericentral,127,0.04264587257655932,0.017395689655207762,0.2769783415280041
SLCO4C1,SLCO,Human,Periportal,127,0.04264587257655932,0.017395689655207762,0.2769783415280041
SLCO4C1,SLCO,Human,Placenta,8,0.0017744999706482828,0.0015832821855404889,0.0035843984652476403
SLCO4C1,SLCO,Human,Plasma,212,0.0024267268698825984,0.0019784914153718183,0.013442006392427444
SLCO4C1,SLCO,Human,Rectum,36,0.02750109062864716,0.01503795821856036,0.18699142423926293
SLCO4C1,SLCO,Human,SalivaryGland,52,0.021917741668656922,0.019278758015794973,0.05731835794071903
SLCO4C1,SLCO,Human,Skin,200,0.005434367448805858,0.0032940629404731954,0.06164687561491656
SLCO4C1,SLCO,Human,SmallIntestine,22,0.03263154256493889,0.017239957944660923,0.18699142423926293
SLCO4C1,SLCO,Human,Spleen,88,0.013949169014302355,0.011848914162273199,0.03702574150349192
SLCO4C1,SLCO,Human,Stomach,100,0.002963105310254342,0.0012228870554956948,0.04379532529684309
SLCO4C1,SLCO,Human,Thyroid,176,0.0055517673607486185,0.0029431646130544404,0.17877295279718866
SLCO4C1,SLCO,Human,Undefined,131,0.0057998256297844475,0.0018679058487734964,0.05676669324470846
SLCO4C1,SLCO,Human,UpperIleum,18,0.03568168980914874,0.017239957944660923,0.18699142423926293
SLCO4C1,SLCO,Human,UpperJejunum,18,0.03568168980914874,0.017239957944660923,0.18699142423926293
SLCO4C1,SLCO,Macaque,BloodCells,2,0.6576910738372053,0.6576910738372053,0.7594831933659583
SLCO4C1,SLCO,Macaque,Brain,52,0.008055848851482006,0.005180318895093433,0.10074623809919175
SLCO4C1,SLCO,Macaque,Caecum,2,0.012949486915381678,0.012949486915381678,0.016866515999860877
SLCO4C1,SLCO,Macaque,ColonAscendens,2,0.012949486915381678,0.012949486915381678,0.016866515999860877
SLCO4C1,SLCO,Macaque,ColonDescendens,2,0.012949486915381678,0.012949486915381678,0.016866515999860877
SLCO4C1,SLCO,Macaque,ColonSigmoid,2,0.012949486915381678,0.012949486915381678,0.016866515999860877
SLCO4C1,SLCO,Macaque,ColonTransversum,2,0.012949486915381678,0.012949486915381678,0.016866515999860877
SLCO4C1,SLCO,Macaque,Gonads,30,0.018949176138188358,0.01465807234257311,0.06885499677225648
SLCO4C1,SLCO,Macaque,Heart,17,0.0015393187526078437,0.001013057868810189,0.006408414268765791
SLCO4C1,SLCO,Macaque,Kidney,57,0.24633020595960498,0.23883589100602295,1
SLCO4C1,SLCO,Macaque,LargeIntestine,2,0.012949486915381678,0.012949486915381678,0.016866515999860877
SLCO4C1,SLCO,Macaque,Lung,11,0.06990489597579899,0.04683745647114724,0.28695661706982956
SLCO4C1,SLCO,Macaque,Muscle,2,0.012193646142843073,0.012193646142843073,0.018831114324110533
SLCO4C1,SLCO,Macaque,Pericentral,61,0.01850469357584502,0.01121607009130203,0.1788618562808971
SLCO4C1,SLCO,Macaque,Periportal,61,0.01850469357584502,0.01121607009130203,0.1788618562808971
SLCO4C1,SLCO,Macaque,Rectum,2,0.012949486915381678,0.012949486915381678,0.016866515999860877
SLCO4C1,SLCO,Macaque,Spleen,7,0.05865457228135435,0.025468571893417967,0.18266396134737337
SLCO4C1,SLCO,Macaque,Undefined,21,0.009728152210589272,0.008229363884657264,0.02932519245541774
SLCO4C1,SLCO,Dog,BloodCells,2,0.6438502767997913,0.6438502767997913,1
SLCO4C1,SLCO,Dog,Bone,1,0.13986181234149284,0.13986181234149284,0.13986181234149284
SLCO4C1,SLCO,Dog,Brain,18,0.02559362748303335,0.018204643228323845,0.06488293527626024
SLCO4C1,SLCO,Dog,Breasts,2,0.019340697868766438,0.019340697868766438,0.020196259427452106
SLCO4C1,SLCO,Dog,Caecum,5,0.004427638317496919,0.004236643252925231,0.006952228114964917
SLCO4C1,SLCO,Dog,Cartilage,1,0.01554148768935691,0.01554148768935691,0.01554148768935691
SLCO4C1,SLCO,Dog,ColonAscendens,5,0.004427638317496919,0.004236643252925231,0.006952228114964917
SLCO4C1,SLCO,Dog,ColonDescendens,5,0.004427638317496919,0.004236643252925231,0.006952228114964917
SLCO4C1,SLCO,Dog,ColonSigmoid,5,0.004427638317496919,0.004236643252925231,0.006952228114964917
SLCO4C1,SLCO,Dog,ColonTransversum,5,0.004427638317496919,0.004236643252925231,0.006952228114964917
SLCO4C1,SLCO,Dog,Duodenum,2,0.011535833119203552,0.011535833119203552,0.01834970105168787
SLCO4C1,SLCO,Dog,Embryo,1,0.028150415085124936,0.028150415085124936,0.028150415085124936
SLCO4C1,SLCO,Dog,Eye,1,0.0216152244311248,0.0216152244311248,0.0216152244311248
SLCO4C1,SLCO,Dog,Fat,3,0.05638443292956931,0.012811853995960099,0.15382622737017673
SLCO4C1,SLCO,Dog,Gonads,22,0.042244980525645084,0.03518531954083762,0.10952560185438809
SLCO4C1,SLCO,Dog,Heart,2,0.0017441557340866006,0.0017441557340866006,0.0028913778860928403
SLCO4C1,SLCO,Dog,Kidney,12,0.12852891629616603,0.05205570326552013,0.4316416677900426
SLCO4C1,SLCO,Dog,LargeIntestine,5,0.004427638317496919,0.004236643252925231,0.006952228114964917
SLCO4C1,SLCO,Dog,LowerIleum,2,0.011535833119203552,0.011535833119203552,0.01834970105168787
SLCO4C1,SLCO,Dog,LowerJejunum,3,0.009459379491670675,0.00530647223660492,0.01834970105168787
SLCO4C1,SLCO,Dog,Lung,15,0.12447492454603476,0.09069689854746701,0.34717225815174274
SLCO4C1,SLCO,Dog,LymphNode,2,0.051215862343110825,0.051215862343110825,0.08685591282517142
SLCO4C1,SLCO,Dog,Pancreas,3,0.013853975126694841,0.014760933472716354,0.01873548719798614
SLCO4C1,SLCO,Dog,Pericentral,19,0.011262129854757904,0.010243440333471812,0.04234449939048752
SLCO4C1,SLCO,Dog,Periportal,19,0.011262129854757904,0.010243440333471812,0.04234449939048752
SLCO4C1,SLCO,Dog,Placenta,1,0.009399542377296876,0.009399542377296876,0.009399542377296876
SLCO4C1,SLCO,Dog,Rectum,5,0.004427638317496919,0.004236643252925231,0.006952228114964917
SLCO4C1,SLCO,Dog,SalivaryGland,1,0.0929073332702646,0.0929073332702646,0.0929073332702646
SLCO4C1,SLCO,Dog,Skin,14,0.05224467089688482,0.046195880277549436,0.14448938166007919
SLCO4C1,SLCO,Dog,SmallIntestine,3,0.009459379491670675,0.00530647223660492,0.01834970105168787
SLCO4C1,SLCO,Dog,Spleen,12,0.056975619666964954,0.03768483350305706,0.236442155937231
SLCO4C1,SLCO,Dog,Stomach,1,0.017233724437009098,0.017233724437009098,0.017233724437009098
SLCO4C1,SLCO,Dog,Thyroid,4,0.01028283847538009,0.010907862208976223,0.011839657892787164
SLCO4C1,SLCO,Dog,Undefined,3,0.1681733582053122,0.2033525131859395,0.299204605043871
SLCO4C1,SLCO,Dog,UpperIleum,2,0.011535833119203552,0.011535833119203552,0.01834970105168787
SLCO4C1,SLCO,Dog,UpperJejunum,3,0.009459379491670675,0.00530647223660492,0.01834970105168787
SLCO4C1,SLCO,Rat,Brain,244,0.022129305740491278,0.01580715922260817,0.09313890281498412
SLCO4C1,SLCO,Rat,Caecum,7,0.007455471883870054,0.00648900568952177,0.012613578882924718
SLCO4C1,SLCO,Rat,ColonAscendens,7,0.007455471883870054,0.00648900568952177,0.012613578882924718
SLCO4C1,SLCO,Rat,ColonDescendens,7,0.007455471883870054,0.00648900568952177,0.012613578882924718
SLCO4C1,SLCO,Rat,ColonSigmoid,7,0.007455471883870054,0.00648900568952177,0.012613578882924718
SLCO4C1,SLCO,Rat,ColonTransversum,7,0.007455471883870054,0.00648900568952177,0.012613578882924718
SLCO4C1,SLCO,Rat,Duodenum,2,0.00203333682288884,0.00203333682288884,0.0023173626861185985
SLCO4C1,SLCO,Rat,Gonads,3,0.008659841700990427,0.009255667962341216,0.011784615420246532
SLCO4C1,SLCO,Rat,Heart,1,0.0044900760606319074,0.0044900760606319074,0.0044900760606319074
SLCO4C1,SLCO,Rat,Kidney,83,0.11331645743748514,0.09020802417672291,0.2859519695662654
SLCO4C1,SLCO,Rat,LargeIntestine,7,0.007455471883870054,0.00648900568952177,0.012613578882924718
SLCO4C1,SLCO,Rat,LowerIleum,1,0.003775580903176421,0.003775580903176421,0.003775580903176421
SLCO4C1,SLCO,Rat,LowerJejunum,2,0.004426500947134308,0.004426500947134308,0.006099051609013029
SLCO4C1,SLCO,Rat,Lung,42,0.675202305144467,0.6996545139808087,1
SLCO4C1,SLCO,Rat,Myometrium,3,0.061145571837014134,0.058050292743643934,0.06869031799998655
SLCO4C1,SLCO,Rat,Pericentral,49,0.06876786766002044,0.059874644901224364,0.18177154748198363
SLCO4C1,SLCO,Rat,Periportal,49,0.06876786766002044,0.059874644901224364,0.18177154748198363
SLCO4C1,SLCO,Rat,Rectum,7,0.007455471883870054,0.00648900568952177,0.012613578882924718
SLCO4C1,SLCO,Rat,Skin,8,0.014993494161221161,0.0045406387590143605,0.049953664938616915
SLCO4C1,SLCO,Rat,SmallIntestine,5,0.0033390512886445436,0.0027539502852555885,0.006099051609013029
SLCO4C1,SLCO,Rat,Spleen,7,0.04492117069519247,0.05516072584172871,0.07245479125199854
SLCO4C1,SLCO,Rat,Stomach,3,0.006018281655603266,0.005170317343809933,0.010106632725532362
SLCO4C1,SLCO,Rat,Thymus,2,0.00957575642122337,0.00957575642122337,0.011660826453930994
SLCO4C1,SLCO,Rat,Thyroid,6,0.0960811904580412,0.09374644152108985,0.1752755103184823
SLCO4C1,SLCO,Rat,Undefined,12,0.3054959198307747,0.27461855721605194,0.46789965287571955
SLCO4C1,SLCO,Rat,UpperIleum,1,0.003775580903176421,0.003775580903176421,0.003775580903176421
SLCO4C1,SLCO,Rat,UpperJejunum,2,0.004426500947134308,0.004426500947134308,0.006099051609013029
SLCO4C1,SLCO,Mouse,BloodCells,1,0.6794116989350779,0.6794116989350779,0.6794116989350779
SLCO4C1,SLCO,Mouse,Bone,173,0.0999270965592711,0.10093137369671644,0.21386348034213062
SLCO4C1,SLCO,Mouse,Brain,304,0.01112508094348377,0.010376670907936928,0.07894312253099031
SLCO4C1,SLCO,Mouse,Caecum,2,0.0010115396269405018,0.0010115396269405018,0.0011538629974961803
SLCO4C1,SLCO,Mouse,ColonAscendens,2,0.0010115396269405018,0.0010115396269405018,0.0011538629974961803
SLCO4C1,SLCO,Mouse,ColonDescendens,2,0.0010115396269405018,0.0010115396269405018,0.0011538629974961803
SLCO4C1,SLCO,Mouse,ColonSigmoid,2,0.0010115396269405018,0.0010115396269405018,0.0011538629974961803
SLCO4C1,SLCO,Mouse,ColonTransversum,2,0.0010115396269405018,0.0010115396269405018,0.0011538629974961803
SLCO4C1,SLCO,Mouse,Duodenum,10,0.0017562738182710516,0.0012534539341428085,0.0031502594851435975
SLCO4C1,SLCO,Mouse,Egg,6,0.05417887460904888,0.05647282012375754,0.06825168356584457
SLCO4C1,SLCO,Mouse,Embryo,43,0.03668113262659546,0.014160526930889782,0.18942314660611909
SLCO4C1,SLCO,Mouse,Esophagus,1,0.018873227829282708,0.018873227829282708,0.018873227829282708
SLCO4C1,SLCO,Mouse,Fat,4,0.0616521349346909,0.05912083617158204,0.1270987848806069
SLCO4C1,SLCO,Mouse,Gonads,40,0.0879035738667282,0.008153820239999223,1
SLCO4C1,SLCO,Mouse,Heart,15,0.014357060372452116,0.0025478164209387904,0.08761645199270636
SLCO4C1,SLCO,Mouse,Kidney,227,0.03915353095120008,0.030262607715467578,0.1478479097065911
SLCO4C1,SLCO,Mouse,LargeIntestine,2,0.0010115396269405018,0.0010115396269405018,0.0011538629974961803
SLCO4C1,SLCO,Mouse,LowerIleum,6,0.0016602603119389883,0.001098435582326388,0.0031502594851435975
SLCO4C1,SLCO,Mouse,LowerJejunum,8,0.0016879990310681337,0.0013071570632405584,0.0031502594851435975
SLCO4C1,SLCO,Mouse,Lung,159,0.14897686933421647,0.1376922926110787,0.3986305043298467
SLCO4C1,SLCO,Mouse,Muscle,5,0.0032096721649091907,0.0029200408239156528,0.006966742969463038
SLCO4C1,SLCO,Mouse,Myometrium,2,0.07950202011944615,0.07950202011944615,0.08855956730549451
SLCO4C1,SLCO,Mouse,Pancreas,9,0.03723907124654491,0.008207697025831281,0.13510918932212906
SLCO4C1,SLCO,Mouse,Pericentral,68,0.01356293896944454,0.008768215433494052,0.052354514575520025
SLCO4C1,SLCO,Mouse,Periportal,68,0.01356293896944454,0.008768215433494052,0.052354514575520025
SLCO4C1,SLCO,Mouse,Placenta,7,0.0222714900900692,0.015200843554030967,0.053849546801025557
SLCO4C1,SLCO,Mouse,Rectum,2,0.0010115396269405018,0.0010115396269405018,0.0011538629974961803
SLCO4C1,SLCO,Mouse,Skin,28,0.009177353387922344,0.009615225555802721,0.026898693244274893
SLCO4C1,SLCO,Mouse,SmallIntestine,12,0.001758764046635138,0.0014067479998871868,0.0031502594851435975
SLCO4C1,SLCO,Mouse,Spleen,20,0.023795989315681783,0.019107230839134813,0.05334548931402284
SLCO4C1,SLCO,Mouse,Stomach,6,0.0021780963446595613,0.002051290833463489,0.003257431919873811
SLCO4C1,SLCO,Mouse,Thyroid,6,0.03834770155384989,0.0383515431251899,0.051087864454697623
SLCO4C1,SLCO,Mouse,Undefined,36,0.023181352283691482,0.009028072563834673,0.08799640058932903
SLCO4C1,SLCO,Mouse,UpperIleum,6,0.0016602603119389883,0.001098435582326388,0.0031502594851435975
SLCO4C1,SLCO,Mouse,UpperJejunum,8,0.0016879990310681337,0.0013071570632405584,0.0031502594851435975
SULT1A1,SULT,Human,BloodCells,499,0.16054603944242396,0.13034312740571058,1
SULT1A1,SULT,Human,Bone,18,0.05658225609830608,0.04892934287453494,0.11613141447808363
SULT1A1,SULT,Human,Brain,1618,0.030173789157070852,0.024496801867314198,0.16271067628686744
SULT1A1,SULT,Human,Breasts,41,0.021921558197812194,0.016697925892000053,0.06292866695616654
SULT1A1,SULT,Human,Caecum,39,0.04276950466869791,0.03314228250467142,0.13643846181597102
SULT1A1,SULT,Human,Cartilage,15,0.010667206917759856,0.008906329640878854,0.02728555830522687
SULT1A1,SULT,Human,ColonAscendens,39,0.04276950466869791,0.03314228250467142,0.13643846181597102
SULT1A1,SULT,Human,ColonDescendens,39,0.04276950466869791,0.03314228250467142,0.13643846181597102
SULT1A1,SULT,Human,ColonSigmoid,148,0.020330749791011436,0.007995604993922335,0.147129497294383
SULT1A1,SULT,Human,ColonTransversum,161,0.050941024612095764,0.04555741678970199,0.2317456420032688
SULT1A1,SULT,Human,Duodenum,29,0.07732931854472996,0.04261835141712907,0.21317103344389257
SULT1A1,SULT,Human,Embryo,52,0.011778184926881072,0.009721217422188594,0.03895434289362364
SULT1A1,SULT,Human,Endometrium,155,0.016660865472050458,0.014766662288303367,0.0817866902885917
SULT1A1,SULT,Human,Esophagus,20,0.009552888107858674,0.007965945086089988,0.03160189920177806
SULT1A1,SULT,Human,Eye,47,0.029633628798419492,0.023846519432193396,0.09834685665206709
SULT1A1,SULT,Human,Fat,770,0.0378373908802181,0.03209521290020327,0.2054146939627192
SULT1A1,SULT,Human,GallBladder,7,0.034007416150183295,0.029205154182931695,0.05104300767035765
SULT1A1,SULT,Human,Gonads,389,0.026113356538524642,0.02452938508062291,0.32483471599451347
SULT1A1,SULT,Human,Heart,306,0.009880040344612788,0.008052942329123701,0.054010532839192986
SULT1A1,SULT,Human,Kidney,103,0.039856837148118704,0.02483993545449553,0.1789627400739825
SULT1A1,SULT,Human,LargeIntestine,279,0.03516723254607631,0.018234424764909628,0.2317456420032688
SULT1A1,SULT,Human,LowerIleum,25,0.06224207156425534,0.037895755977884256,0.18492813309268452
SULT1A1,SULT,Human,LowerJejunum,25,0.06224207156425534,0.037895755977884256,0.18492813309268452
SULT1A1,SULT,Human,Lung,69,0.08139782350017671,0.06551851808121842,0.2805424211903248
SULT1A1,SULT,Human,LymphNode,104,0.0538955075205652,0.03754585866203776,0.20216012113052068
SULT1A1,SULT,Human,Muscle,398,0.004988216566637516,0.003989558958642907,0.10512481970312956
SULT1A1,SULT,Human,Myometrium,58,0.014634261699582561,0.012255557506158567,0.04168883286022912
SULT1A1,SULT,Human,Pancreas,144,0.017142734941103105,0.014691100678728407,0.1387466518204305
SULT1A1,SULT,Human,Pericentral,133,0.07442473437397962,0.0605725398478271,0.5010929576110122
SULT1A1,SULT,Human,Periportal,133,0.07442473437397962,0.0605725398478271,0.5010929576110122
SULT1A1,SULT,Human,Placenta,10,0.024846212491016532,0.02164973085539457,0.04110886627563599
SULT1A1,SULT,Human,Plasma,315,0.008323490273531953,0.006154470239577863,0.054027177566056746
SULT1A1,SULT,Human,Rectum,38,0.04966185882552134,0.03793814240592902,0.13643846181597102
SULT1A1,SULT,Human,SalivaryGland,53,0.02085672405325377,0.01610914598752549,0.08101510903433311
SULT1A1,SULT,Human,Skin,442,0.006070249982815438,0.004846000502761873,0.06012673600193547
SULT1A1,SULT,Human,SmallIntestine,29,0.07732931854472996,0.04261835141712907,0.21317103344389257
SULT1A1,SULT,Human,Spleen,88,0.11357446299029769,0.10144326066354906,0.3024826973293591
SULT1A1,SULT,Human,Stomach,147,0.02024967918292301,0.016318666789496387,0.08347908264902935
SULT1A1,SULT,Human,Thyroid,203,0.06278327836406183,0.05709075971104421,0.2014875449157707
SULT1A1,SULT,Human,Undefined,317,0.020445582039892735,0.017482407548422372,0.09227848704950443
SULT1A1,SULT,Human,UpperIleum,25,0.06224207156425534,0.037895755977884256,0.18492813309268452
SULT1A1,SULT,Human,UpperJejunum,25,0.06224207156425534,0.037895755977884256,0.18492813309268452
SULT1A1,SULT,Macaque,BloodCells,2,0.049324210231571436,0.049324210231571436,0.07302033347257009
SULT1A1,SULT,Macaque,Brain,605,0.0034098536038510213,0.0014836175644686465,0.06758549551550189
SULT1A1,SULT,Macaque,Caecum,3,0.2201728230411329,0.15500414356550912,0.43125514202832443
SULT1A1,SULT,Macaque,ColonAscendens,3,0.2201728230411329,0.15500414356550912,0.43125514202832443
SULT1A1,SULT,Macaque,ColonDescendens,3,0.2201728230411329,0.15500414356550912,0.43125514202832443
SULT1A1,SULT,Macaque,ColonSigmoid,3,0.2201728230411329,0.15500414356550912,0.43125514202832443
SULT1A1,SULT,Macaque,ColonTransversum,3,0.2201728230411329,0.15500414356550912,0.43125514202832443
SULT1A1,SULT,Macaque,Eye,4,0.004871839787074785,0.00370207155806303,0.008696488690420527
SULT1A1,SULT,Macaque,Fat,1,0.0018411694991739163,0.0018411694991739163,0.0018411694991739163
SULT1A1,SULT,Macaque,Fibroblast,10,0.027886712345617654,0.008952901925255646,0.07221141032213171
SULT1A1,SULT,Macaque,Gonads,42,0.01520717385997567,0.007954547330772199,0.11611899219622789
SULT1A1,SULT,Macaque,Heart,46,0.0066558098185507866,0.004198022630222582,0.03174211128476437
SULT1A1,SULT,Macaque,Kidney,58,0.02012124762590833,0.01815767426753334,0.052723361882685685
SULT1A1,SULT,Macaque,LargeIntestine,3,0.2201728230411329,0.15500414356550912,0.43125514202832443
SULT1A1,SULT,Macaque,LowerIleum,1,0.0015902433569409196,0.0015902433569409196,0.0015902433569409196
SULT1A1,SULT,Macaque,Lung,11,0.4423254769251832,0.3716999799919274,1
SULT1A1,SULT,Macaque,Muscle,17,0.0062761389579855,0.0031257619943923106,0.0374186858225587
SULT1A1,SULT,Macaque,Pericentral,84,0.10395491349600608,0.10002774542494722,0.26399230282667635
SULT1A1,SULT,Macaque,Periportal,84,0.10395491349600608,0.10002774542494722,0.26399230282667635
SULT1A1,SULT,Macaque,Rectum,3,0.2201728230411329,0.15500414356550912,0.43125514202832443
SULT1A1,SULT,Macaque,SmallIntestine,1,0.0015902433569409196,0.0015902433569409196,0.0015902433569409196
SULT1A1,SULT,Macaque,Spleen,7,0.021374776538434385,0.009309976405862543,0.07807332889057765
SULT1A1,SULT,Macaque,Undefined,34,0.04231604009481608,0.04527841786785991,0.10431724775259213
SULT1A1,SULT,Macaque,UpperIleum,1,0.0015902433569409196,0.0015902433569409196,0.0015902433569409196
SULT1A1,SULT,Dog,BloodCells,2,0.021803391074674248,0.021803391074674248,0.04066541269428218
SULT1A1,SULT,Dog,Bone,1,0.3355622346681331,0.3355622346681331,0.3355622346681331
SULT1A1,SULT,Dog,Brain,44,0.031774242846861644,0.01257937176318346,0.15365068541200394
SULT1A1,SULT,Dog,Breasts,2,0.13079648341866806,0.13079648341866806,0.1578001113164723
SULT1A1,SULT,Dog,Caecum,13,0.18936400413458201,0.11250015483068293,0.8481480455739826
SULT1A1,SULT,Dog,Cartilage,1,0.028935827784877324,0.028935827784877324,0.028935827784877324
SULT1A1,SULT,Dog,ColonAscendens,13,0.18936400413458201,0.11250015483068293,0.8481480455739826
SULT1A1,SULT,Dog,ColonDescendens,13,0.18936400413458201,0.11250015483068293,0.8481480455739826
SULT1A1,SULT,Dog,ColonSigmoid,13,0.18936400413458201,0.11250015483068293,0.8481480455739826
SULT1A1,SULT,Dog,ColonTransversum,13,0.18936400413458201,0.11250015483068293,0.8481480455739826
SULT1A1,SULT,Dog,Duodenum,2,0.4260646900588563,0.4260646900588563,0.7723096054712124
SULT1A1,SULT,Dog,Embryo,1,0.10531744130550594,0.10531744130550594,0.10531744130550594
SULT1A1,SULT,Dog,Eye,1,0.10554153566080456,0.10554153566080456,0.10554153566080456
SULT1A1,SULT,Dog,Fat,10,0.22051033206244502,0.2163076129394001,0.2782863123473844
SULT1A1,SULT,Dog,Gonads,25,0.024762037120149957,0.017647813032248324,0.16317561953464274
SULT1A1,SULT,Dog,Heart,24,0.04594579062721019,0.043524375003288235,0.10184782598639328
SULT1A1,SULT,Dog,Kidney,13,0.24443291652356278,0.13976696574893394,0.988530682783859
SULT1A1,SULT,Dog,LargeIntestine,13,0.18936400413458201,0.11250015483068293,0.8481480455739826
SULT1A1,SULT,Dog,LowerIleum,2,0.4260646900588563,0.4260646900588563,0.7723096054712124
SULT1A1,SULT,Dog,LowerJejunum,3,0.4656564294790181,0.5448399083193416,0.7723096054712124
SULT1A1,SULT,Dog,Lung,15,0.546181164274662,0.6782454304493132,0.9040642895213294
SULT1A1,SULT,Dog,LymphNode,5,0.06657876905282416,0.038679180741180104,0.19113299495573502
SULT1A1,SULT,Dog,Muscle,14,0.016190456362180222,0.011797516782407794,0.05188629685252445
SULT1A1,SULT,Dog,Pancreas,3,0.034662059924166745,0.03546572113664997,0.04479090256972866
SULT1A1,SULT,Dog,Pericentral,28,0.4375635116618842,0.44594851769142246,1
SULT1A1,SULT,Dog,Periportal,28,0.4375635116618842,0.44594851769142246,1
SULT1A1,SULT,Dog,Placenta,1,0.4071698046285755,0.4071698046285755,0.4071698046285755
SULT1A1,SULT,Dog,Rectum,13,0.18936400413458201,0.11250015483068293,0.8481480455739826
SULT1A1,SULT,Dog,SalivaryGland,1,0.13560345628984322,0.13560345628984322,0.13560345628984322
SULT1A1,SULT,Dog,Skin,25,0.10812231325208528,0.08560273874090718,0.543963169932981
SULT1A1,SULT,Dog,SmallIntestine,3,0.4656564294790181,0.5448399083193416,0.7723096054712124
SULT1A1,SULT,Dog,Spleen,12,0.06248279478281566,0.06607175158368311,0.08620373513323522
SULT1A1,SULT,Dog,Stomach,2,0.058161762602405645,0.058161762602405645,0.05931561671411493
SULT1A1,SULT,Dog,Thymus,1,0.05297205905261847,0.05297205905261847,0.05297205905261847
SULT1A1,SULT,Dog,Thyroid,6,0.4773067264231096,0.50564685095257,0.5839013543107416
SULT1A1,SULT,Dog,Tongue,1,0.01806278928721224,0.01806278928721224,0.01806278928721224
SULT1A1,SULT,Dog,Undefined,10,0.1967889641831616,0.03325882087122457,0.8143050788365754
SULT1A1,SULT,Dog,UpperIleum,2,0.4260646900588563,0.4260646900588563,0.7723096054712124
SULT1A1,SULT,Dog,UpperJejunum,3,0.4656564294790181,0.5448399083193416,0.7723096054712124
SULT1A1,SULT,Rat,Brain,238,0.01153640487090864,0.008962215739823214,0.05566124404815178
SULT1A1,SULT,Rat,Caecum,17,0.009193679502355593,0.007358677162477552,0.029424890938098344
SULT1A1,SULT,Rat,ColonAscendens,17,0.009193679502355593,0.007358677162477552,0.029424890938098344
SULT1A1,SULT,Rat,ColonDescendens,17,0.009193679502355593,0.007358677162477552,0.029424890938098344
SULT1A1,SULT,Rat,ColonSigmoid,17,0.009193679502355593,0.007358677162477552,0.029424890938098344
SULT1A1,SULT,Rat,ColonTransversum,17,0.009193679502355593,0.007358677162477552,0.029424890938098344
SULT1A1,SULT,Rat,Duodenum,3,0.002428878408567192,0.002471551268108916,0.0030327029310734644
SULT1A1,SULT,Rat,Esophagus,3,0.04465967732168957,0.052148937869308985,0.054146650720612886
SULT1A1,SULT,Rat,Eye,4,0.008832416459925883,0.009416450946627273,0.010327599935155843
SULT1A1,SULT,Rat,Fat,7,0.09598512905120749,0.08681925237655143,0.1464100227579969
SULT1A1,SULT,Rat,Gonads,100,0.14749038643905302,0.10200204925252707,1
SULT1A1,SULT,Rat,Heart,107,0.007444154940638193,0.0054277927626614295,0.0332272214120214
SULT1A1,SULT,Rat,Kidney,102,0.013422819728448316,0.012042939019273249,0.03212191933833214
SULT1A1,SULT,Rat,LargeIntestine,17,0.009193679502355593,0.007358677162477552,0.029424890938098344
SULT1A1,SULT,Rat,LowerIleum,3,0.036581316598007556,0.01105129409883518,0.09102778551472376
SULT1A1,SULT,Rat,LowerJejunum,3,0.008012347197003201,0.0054330607726775,0.013725103332363545
SULT1A1,SULT,Rat,Lung,42,0.05715931243345774,0.05612686709748878,0.10204692900884475
SULT1A1,SULT,Rat,Muscle,154,0.004260805501584732,0.0030989999519279365,0.034511288801495975
SULT1A1,SULT,Rat,Myometrium,16,0.1185692343013081,0.12280410140971201,0.18923076906048003
SULT1A1,SULT,Rat,Pancreas,3,0.05913614944608453,0.05532647733277995,0.06884372511313748
SULT1A1,SULT,Rat,Pericentral,54,0.0035509721354968406,0.0011574727543208379,0.018588914821148026
SULT1A1,SULT,Rat,Periportal,54,0.0035509721354968406,0.0011574727543208379,0.018588914821148026
SULT1A1,SULT,Rat,Rectum,17,0.009193679502355593,0.007358677162477552,0.029424890938098344
SULT1A1,SULT,Rat,Skin,8,0.15045080563463145,0.1366666952533372,0.29637482912708935
SULT1A1,SULT,Rat,SmallIntestine,9,0.015674180734525985,0.0054330607726775,0.09102778551472376
SULT1A1,SULT,Rat,Stomach,3,0.0134262746785042,0.013235597227115741,0.019091511427884685
SULT1A1,SULT,Rat,Thymus,11,0.06654986218928685,0.07098742584720413,0.15773435250217954
SULT1A1,SULT,Rat,Thyroid,6,0.08215403295135378,0.07793137035974271,0.16346875687787957
SULT1A1,SULT,Rat,Undefined,14,0.11853866862139156,0.11404609834868351,0.16490197351159033
SULT1A1,SULT,Rat,UpperIleum,3,0.036581316598007556,0.01105129409883518,0.09102778551472376
SULT1A1,SULT,Rat,UpperJejunum,3,0.008012347197003201,0.0054330607726775,0.013725103332363545
SULT1A1,SULT,Mouse,BloodCells,10,0.0024592820768200114,0.0024712163186828163,0.003585175515167687
SULT1A1,SULT,Mouse,Bone,114,0.020586037728017533,0.014005838242041308,0.08229240245739772
SULT1A1,SULT,Mouse,Brain,329,0.003379181621718549,0.0017262821941680044,0.061294892616143126
SULT1A1,SULT,Mouse,Breasts,2,0.030001878659773253,0.030001878659773253,0.03632268616230482
SULT1A1,SULT,Mouse,Caecum,35,0.008734078220999293,0.0017149077072017161,0.03637450666419559
SULT1A1,SULT,Mouse,ColonAscendens,35,0.008734078220999293,0.0017149077072017161,0.03637450666419559
SULT1A1,SULT,Mouse,ColonDescendens,35,0.008734078220999293,0.0017149077072017161,0.03637450666419559
SULT1A1,SULT,Mouse,ColonSigmoid,36,0.008509228801603506,0.001645301539882684,0.03637450666419559
SULT1A1,SULT,Mouse,ColonTransversum,35,0.008734078220999293,0.0017149077072017161,0.03637450666419559
SULT1A1,SULT,Mouse,Duodenum,80,0.0051994849545035525,0.001333781460634592,0.03637450666419559
SULT1A1,SULT,Mouse,Egg,6,0.02384950262129582,0.02069511199203907,0.053012830074138595
SULT1A1,SULT,Mouse,Embryo,80,0.018182704988338703,0.015119219633922938,0.06863461225554998
SULT1A1,SULT,Mouse,Esophagus,3,0.004729319266605483,0.004785016699672413,0.005389166569312145
SULT1A1,SULT,Mouse,Eye,14,0.010200060946036229,0.01108149891085854,0.016842179401383432
SULT1A1,SULT,Mouse,Fat,232,0.03071005275687816,0.027218850406610637,0.08620247954535236
SULT1A1,SULT,Mouse,Gonads,236,0.02641420679315745,0.024240300345087146,0.14786149022019074
SULT1A1,SULT,Mouse,Heart,236,0.003915308592030128,0.0026168234484352333,0.024142859257643985
SULT1A1,SULT,Mouse,Kidney,218,0.005944797080410025,0.0034327637962321775,0.03127843121677609
SULT1A1,SULT,Mouse,LargeIntestine,36,0.008509228801603506,0.001645301539882684,0.03637450666419559
SULT1A1,SULT,Mouse,LowerIleum,78,0.005273591400614657,0.001333781460634592,0.03637450666419559
SULT1A1,SULT,Mouse,LowerJejunum,77,0.005339992864584196,0.0013531396089253266,0.03637450666419559
SULT1A1,SULT,Mouse,Lung,158,0.053381375754088314,0.05300185144603921,0.10168579431185489
SULT1A1,SULT,Mouse,Muscle,268,0.0029800325469102303,0.0021589118970311502,0.039529201217310045
SULT1A1,SULT,Mouse,Myometrium,2,0.018067609676922787,0.018067609676922787,0.020085204439157706
SULT1A1,SULT,Mouse,Pancreas,75,0.025275174997994917,0.015614772648170416,0.10755254144715197
SULT1A1,SULT,Mouse,Pericentral,318,0.02041638275127865,0.013648059278204432,0.1409842198053711
SULT1A1,SULT,Mouse,Periportal,318,0.02041638275127865,0.013648059278204432,0.1409842198053711
SULT1A1,SULT,Mouse,Placenta,12,0.006580120760006405,0.0038481000257418662,0.021955101035610814
SULT1A1,SULT,Mouse,Plasma,10,0.033764052634905256,0.03229731343993569,0.0478864367476955
SULT1A1,SULT,Mouse,Rectum,35,0.008734078220999293,0.0017149077072017161,0.03637450666419559
SULT1A1,SULT,Mouse,Skin,239,0.1774553422821421,0.10164767749998951,1
SULT1A1,SULT,Mouse,SmallIntestine,85,0.004927557356554945,0.0011767618419866184,0.03637450666419559
SULT1A1,SULT,Mouse,Spleen,58,0.01316228152173159,0.003703918335510102,0.25774928609931885
SULT1A1,SULT,Mouse,Stomach,13,0.013506034164290096,0.010308044514613727,0.03344273514568234
SULT1A1,SULT,Mouse,Thymus,16,0.015524785655029275,0.013460750342697083,0.038851240123047505
SULT1A1,SULT,Mouse,Thyroid,6,0.009460233893301067,0.010136710958015587,0.01119195555051337
SULT1A1,SULT,Mouse,Undefined,69,0.019787295388505183,0.0059069418794351815,0.10674201398984626
SULT1A1,SULT,Mouse,UpperIleum,78,0.005273591400614657,0.001333781460634592,0.03637450666419559
SULT1A1,SULT,Mouse,UpperJejunum,77,0.005339992864584196,0.0013531396089253266,0.03637450666419559
SULT1B1,SULT,Human,BloodCells,499,0.21674572665600805,0.13591613193782623,1
SULT1B1,SULT,Human,Bone,17,0.0635109124201459,0.04503408516214894,0.2112170037875558
SULT1B1,SULT,Human,Brain,1120,0.00244908251463124,0.0010578210154752609,0.18178270131378235
SULT1B1,SULT,Human,Breasts,34,0.0029138366349033907,0.0019707118709217254,0.009643985190432481
SULT1B1,SULT,Human,Caecum,38,0.2084654556146658,0.16766655436343642,0.6712904990049461
SULT1B1,SULT,Human,Cartilage,3,0.018058263297269447,0.014338521828953878,0.02776117321298511
SULT1B1,SULT,Human,ColonAscendens,38,0.2084654556146658,0.16766655436343642,0.6712904990049461
SULT1B1,SULT,Human,ColonDescendens,38,0.2084654556146658,0.16766655436343642,0.6712904990049461
SULT1B1,SULT,Human,ColonSigmoid,130,0.07064166806083032,0.00336556808315259,0.6712904990049461
SULT1B1,SULT,Human,ColonTransversum,160,0.11212755564339168,0.093854753307033,0.6712904990049461
SULT1B1,SULT,Human,Duodenum,26,0.25943014775952183,0.3190861121585352,0.6712904990049461
SULT1B1,SULT,Human,Embryo,29,0.015325764004303652,0.005677194101648685,0.06863694890748141
SULT1B1,SULT,Human,Endometrium,136,0.004528085325806877,0.0027432434555163332,0.02022904921108164
SULT1B1,SULT,Human,Esophagus,18,0.022276019083133293,0.007311741462285631,0.26665178968621955
SULT1B1,SULT,Human,Eye,32,0.009458966600409239,0.005441213220612882,0.036833091652290734
SULT1B1,SULT,Human,Fat,730,0.003387863753367573,0.001935977108578202,0.02977046810435818
SULT1B1,SULT,Human,GallBladder,7,0.007510485261054095,0.008311635551954208,0.014624231449399004
SULT1B1,SULT,Human,Gonads,226,0.003947305834530072,0.002241415454939102,0.09253739152976286
SULT1B1,SULT,Human,Heart,278,0.0014736474620459777,7.87254377538817e-4,0.01712731776258778
SULT1B1,SULT,Human,Kidney,87,0.0035302828567757706,0.0020195820767488857,0.023821985658469588
SULT1B1,SULT,Human,LargeIntestine,261,0.07994062797298802,0.05036873635735008,0.6712904990049461
SULT1B1,SULT,Human,LowerIleum,22,0.24446435561747445,0.27144487291204816,0.6712904990049461
SULT1B1,SULT,Human,LowerJejunum,22,0.24446435561747445,0.27144487291204816,0.6712904990049461
SULT1B1,SULT,Human,Lung,68,0.017438858247506052,0.011644034687740536,0.11010020843022854
SULT1B1,SULT,Human,LymphNode,100,0.042933605255723206,0.03900483430976171,0.14099543458770955
SULT1B1,SULT,Human,Muscle,171,0.0011651903450664058,3.312086180942637e-4,0.06902488486633399
SULT1B1,SULT,Human,Myometrium,53,0.004069150877799635,0.003377159556646718,0.019689773794219028
SULT1B1,SULT,Human,Pancreas,87,0.0016037716063275074,9.979339305853352e-4,0.012138040646165539
SULT1B1,SULT,Human,Pericentral,106,0.013489280783441474,0.008766251932825335,0.08427019482841507
SULT1B1,SULT,Human,Periportal,106,0.013489280783441474,0.008766251932825335,0.08427019482841507
SULT1B1,SULT,Human,Placenta,10,0.002937039582326891,0.0028252078610141694,0.006021128969362349
SULT1B1,SULT,Human,Plasma,269,0.002868589235650642,0.0019443846239623967,0.018202375893605675
SULT1B1,SULT,Human,Rectum,37,0.23363995790169434,0.21764390651520243,0.6712904990049461
SULT1B1,SULT,Human,SalivaryGland,40,0.0019039765573313982,0.0014797445805408561,0.006251331517320826
SULT1B1,SULT,Human,Skin,238,0.0016155165633015562,0.001067335646351631,0.01836584932086388
SULT1B1,SULT,Human,SmallIntestine,26,0.25943014775952183,0.3190861121585352,0.6712904990049461
SULT1B1,SULT,Human,Spleen,88,0.041346651391165064,0.037696965710688944,0.16610273522428934
SULT1B1,SULT,Human,Stomach,147,0.03683514889266842,0.023231540022092476,0.3381717477550561
SULT1B1,SULT,Human,Thyroid,168,0.002303455169211544,0.001582713218153393,0.015176131639376604
SULT1B1,SULT,Human,Undefined,226,0.0026754694628683185,0.0019921054362045977,0.01660058221472454
SULT1B1,SULT,Human,UpperIleum,22,0.24446435561747445,0.27144487291204816,0.6712904990049461
SULT1B1,SULT,Human,UpperJejunum,22,0.24446435561747445,0.27144487291204816,0.6712904990049461
SULT1B1,SULT,Macaque,Brain,353,0.013178584630703502,0.010248621216863544,0.07896600881766667
SULT1B1,SULT,Macaque,Caecum,3,0.2806087599946475,0.27737167970977755,0.394229766721668
SULT1B1,SULT,Macaque,ColonAscendens,3,0.2806087599946475,0.27737167970977755,0.394229766721668
SULT1B1,SULT,Macaque,ColonDescendens,3,0.2806087599946475,0.27737167970977755,0.394229766721668
SULT1B1,SULT,Macaque,ColonSigmoid,3,0.2806087599946475,0.27737167970977755,0.394229766721668
SULT1B1,SULT,Macaque,ColonTransversum,3,0.2806087599946475,0.27737167970977755,0.394229766721668
SULT1B1,SULT,Macaque,Fat,1,0.002804957921406073,0.002804957921406073,0.002804957921406073
SULT1B1,SULT,Macaque,Gonads,8,0.038675914142193506,0.017450118071573466,0.10636502988997641
SULT1B1,SULT,Macaque,Heart,3,0.004296453761261641,0.002561270036721704,0.00781458983163749
SULT1B1,SULT,Macaque,Kidney,27,0.010197547872274535,0.006138251807629503,0.07547678159633765
SULT1B1,SULT,Macaque,LargeIntestine,3,0.2806087599946475,0.27737167970977755,0.394229766721668
SULT1B1,SULT,Macaque,LowerIleum,1,0.012267434044443663,0.012267434044443663,0.012267434044443663
SULT1B1,SULT,Macaque,Lung,3,0.025378769015074108,0.02524113122851595,0.033488515445887365
SULT1B1,SULT,Macaque,Muscle,4,0.01567031022046282,0.002318085045280793,0.056215205380231746
SULT1B1,SULT,Macaque,Pericentral,76,0.12981315172223298,0.07791019508952388,1
SULT1B1,SULT,Macaque,Periportal,76,0.12981315172223298,0.07791019508952388,1
SULT1B1,SULT,Macaque,Rectum,3,0.2806087599946475,0.27737167970977755,0.394229766721668
SULT1B1,SULT,Macaque,SmallIntestine,1,0.012267434044443663,0.012267434044443663,0.012267434044443663
SULT1B1,SULT,Macaque,Undefined,19,0.009496842912352435,0.007332724752005186,0.02323887381283481
SULT1B1,SULT,Macaque,UpperIleum,1,0.012267434044443663,0.012267434044443663,0.012267434044443663
SULT1B1,SULT,Dog,BloodCells,1,0.0016495391842559761,0.0016495391842559761,0.0016495391842559761
SULT1B1,SULT,Dog,Bone,1,0.0013929786531583176,0.0013929786531583176,0.0013929786531583176
SULT1B1,SULT,Dog,Brain,2,7.982502619198033e-4,7.982502619198033e-4,8.024203713686602e-4
SULT1B1,SULT,Dog,Breasts,1,0.0010465172664595515,0.0010465172664595515,0.0010465172664595515
SULT1B1,SULT,Dog,Caecum,8,0.3705614900854626,0.3334515356348374,0.7315548166689931
SULT1B1,SULT,Dog,ColonAscendens,8,0.3705614900854626,0.3334515356348374,0.7315548166689931
SULT1B1,SULT,Dog,ColonDescendens,8,0.3705614900854626,0.3334515356348374,0.7315548166689931
SULT1B1,SULT,Dog,ColonSigmoid,8,0.3705614900854626,0.3334515356348374,0.7315548166689931
SULT1B1,SULT,Dog,ColonTransversum,8,0.3705614900854626,0.3334515356348374,0.7315548166689931
SULT1B1,SULT,Dog,Duodenum,2,0.24973180800456085,0.24973180800456085,0.2746458675512682
SULT1B1,SULT,Dog,Embryo,1,0.5955491721248266,0.5955491721248266,0.5955491721248266
SULT1B1,SULT,Dog,Fat,10,0.019593126247064555,0.01573054346106746,0.04492213801903148
SULT1B1,SULT,Dog,Gonads,3,0.003637706102975663,0.0020821701495237523,0.007719003414804254
SULT1B1,SULT,Dog,Heart,4,0.0011141873307653736,6.270993866739082e-4,0.0030444507093114782
SULT1B1,SULT,Dog,Kidney,12,0.2690014973111578,0.23504940935799637,0.7665398867393707
SULT1B1,SULT,Dog,LargeIntestine,8,0.3705614900854626,0.3334515356348374,0.7315548166689931
SULT1B1,SULT,Dog,LowerIleum,2,0.24973180800456085,0.24973180800456085,0.2746458675512682
SULT1B1,SULT,Dog,LowerJejunum,3,0.4998212053363739,0.2746458675512682,1
SULT1B1,SULT,Dog,Lung,1,0.0035408489054775446,0.0035408489054775446,0.0035408489054775446
SULT1B1,SULT,Dog,LymphNode,2,0.005384167353190744,0.005384167353190744,0.007175686696599974
SULT1B1,SULT,Dog,Muscle,3,0.004805331961690581,0.006494801425284877,0.007341000020201015
SULT1B1,SULT,Dog,Pericentral,25,0.010228709519294906,0.00749208269769889,0.060097721833646534
SULT1B1,SULT,Dog,Periportal,25,0.010228709519294906,0.00749208269769889,0.060097721833646534
SULT1B1,SULT,Dog,Rectum,8,0.3705614900854626,0.3334515356348374,0.7315548166689931
SULT1B1,SULT,Dog,SalivaryGland,1,5.69308911848651e-4,5.69308911848651e-4,5.69308911848651e-4
SULT1B1,SULT,Dog,Skin,11,0.002395392143591149,0.0016948487268877263,0.008340682355068239
SULT1B1,SULT,Dog,SmallIntestine,3,0.4998212053363739,0.2746458675512682,1
SULT1B1,SULT,Dog,Spleen,12,0.007932100666502849,0.006553413378130413,0.016541020145893946
SULT1B1,SULT,Dog,Stomach,2,0.059644270228322985,0.059644270228322985,0.07825433954264438
SULT1B1,SULT,Dog,Thymus,1,0.010918502530223752,0.010918502530223752,0.010918502530223752
SULT1B1,SULT,Dog,Undefined,5,0.01070353439090865,0.002164063233105483,0.026091934182464475
SULT1B1,SULT,Dog,UpperIleum,2,0.24973180800456085,0.24973180800456085,0.2746458675512682
SULT1B1,SULT,Dog,UpperJejunum,3,0.4998212053363739,0.2746458675512682,1
SULT1B1,SULT,Rat,Brain,13,0.001848204653493303,0.0011236747036314678,0.006429290414374378
SULT1B1,SULT,Rat,Caecum,14,0.2639715957828276,0.347909871879878,0.7827721822154082
SULT1B1,SULT,Rat,ColonAscendens,14,0.2639715957828276,0.347909871879878,0.7827721822154082
SULT1B1,SULT,Rat,ColonDescendens,14,0.2639715957828276,0.347909871879878,0.7827721822154082
SULT1B1,SULT,Rat,ColonSigmoid,14,0.2639715957828276,0.347909871879878,0.7827721822154082
SULT1B1,SULT,Rat,ColonTransversum,14,0.2639715957828276,0.347909871879878,0.7827721822154082
SULT1B1,SULT,Rat,Duodenum,3,0.3607351038691947,0.33997340065608667,0.5114701975397253
SULT1B1,SULT,Rat,Esophagus,3,0.025270875828208392,0.023365434813449548,0.03568822715033628
SULT1B1,SULT,Rat,Fat,5,0.0024959705107633645,0.002840372392948988,0.0036354579423318466
SULT1B1,SULT,Rat,Gonads,27,0.014612062196843467,0.004698290892500555,0.07991895951421327
SULT1B1,SULT,Rat,Heart,5,0.004387671511010062,0.0020766474692680017,0.011224243255112279
SULT1B1,SULT,Rat,Kidney,95,0.04297305296067688,0.02993895036738328,0.20052114257776293
SULT1B1,SULT,Rat,LargeIntestine,14,0.2639715957828276,0.347909871879878,0.7827721822154082
SULT1B1,SULT,Rat,LowerIleum,3,0.16100298786105283,0.2071344650322641,0.2727595438597907
SULT1B1,SULT,Rat,LowerJejunum,3,0.25403530380213557,0.21711937848134916,0.34578395866689554
SULT1B1,SULT,Rat,Lung,13,0.042121991546224154,0.008917845637798894,0.3350964889248576
SULT1B1,SULT,Rat,Muscle,13,0.0014449204876939752,7.482839447241156e-4,0.003956117464534308
SULT1B1,SULT,Rat,Myometrium,6,0.021326753784293214,0.01740913190794202,0.0487488616222722
SULT1B1,SULT,Rat,Pancreas,2,0.008779267756626529,0.008779267756626529,0.013250582853860226
SULT1B1,SULT,Rat,Pericentral,141,0.2970413119687207,0.2758161558959803,1
SULT1B1,SULT,Rat,Periportal,141,0.2970413119687207,0.2758161558959803,1
SULT1B1,SULT,Rat,Rectum,14,0.2639715957828276,0.347909871879878,0.7827721822154082
SULT1B1,SULT,Rat,Skin,6,0.0020309701871584008,0.001607345682741997,0.00500013756643813
SULT1B1,SULT,Rat,SmallIntestine,9,0.2585911318441277,0.23076171341177207,0.5114701975397253
SULT1B1,SULT,Rat,Spleen,3,0.018466304493242165,0.0030518013309007302,0.04970350335408459
SULT1B1,SULT,Rat,Stomach,3,0.1071745801181631,0.10277118188296239,0.14732992274361228
SULT1B1,SULT,Rat,Thymus,1,0.002516657268391969,0.002516657268391969,0.002516657268391969
SULT1B1,SULT,Rat,Thyroid,6,0.0035721101001186858,0.0023216334132705064,0.009720374208828746
SULT1B1,SULT,Rat,Undefined,12,0.015347828391756396,0.01671025012827401,0.023752302844709746
SULT1B1,SULT,Rat,UpperIleum,3,0.16100298786105283,0.2071344650322641,0.2727595438597907
SULT1B1,SULT,Rat,UpperJejunum,3,0.25403530380213557,0.21711937848134916,0.34578395866689554
SULT1B1,SULT,Mouse,BloodCells,8,0.004739279326085387,0.002793086702105433,0.012309950609729555
SULT1B1,SULT,Mouse,Bone,104,0.01759174504719461,0.012630401006204826,0.0925016312764985
SULT1B1,SULT,Mouse,Brain,49,0.0033018532602230063,0.003714979793994913,0.006321242859791568
SULT1B1,SULT,Mouse,Caecum,27,0.21293555489338514,0.21007361769146238,1
SULT1B1,SULT,Mouse,ColonAscendens,27,0.21293555489338514,0.21007361769146238,1
SULT1B1,SULT,Mouse,ColonDescendens,27,0.21293555489338514,0.21007361769146238,1
SULT1B1,SULT,Mouse,ColonSigmoid,29,0.2143132380778388,0.2224415590783382,1
SULT1B1,SULT,Mouse,ColonTransversum,27,0.21293555489338514,0.21007361769146238,1
SULT1B1,SULT,Mouse,Duodenum,133,0.3498263558038153,0.3803857835719671,0.8806310816309544
SULT1B1,SULT,Mouse,Embryo,23,0.007750499901151835,0.0014567185118448463,0.03287565188438143
SULT1B1,SULT,Mouse,Esophagus,2,0.0026524612427804312,0.0026524612427804312,0.004033552701106654
SULT1B1,SULT,Mouse,Fat,84,0.007397424724096551,0.0026727987429536236,0.08081370141494205
SULT1B1,SULT,Mouse,Gonads,65,0.0019290433781772144,0.001095373894823388,0.02263441668719861
SULT1B1,SULT,Mouse,Heart,49,9.9952273197853e-4,7.59438230517437e-4,0.0024552494881432507
SULT1B1,SULT,Mouse,Kidney,227,0.0030871059375777855,0.0025442437490516855,0.011682702708314185
SULT1B1,SULT,Mouse,LargeIntestine,29,0.2143132380778388,0.2224415590783382,1
SULT1B1,SULT,Mouse,LowerIleum,129,0.35028672147746553,0.3803857835719671,0.6421000975685565
SULT1B1,SULT,Mouse,LowerJejunum,129,0.35573314743391704,0.3811359153668434,0.7606233148792423
SULT1B1,SULT,Mouse,Lung,66,0.004613875455611172,0.004598223261343649,0.012489903290267558
SULT1B1,SULT,Mouse,Muscle,34,7.598792419836636e-4,3.457264344633868e-4,0.0028999993703205384
SULT1B1,SULT,Mouse,Pancreas,36,0.008689838271591789,0.005117947270324864,0.0523725613447308
SULT1B1,SULT,Mouse,Pericentral,320,0.016667173409975526,0.011182879500067439,0.1795495583321108
SULT1B1,SULT,Mouse,Periportal,320,0.016667173409975526,0.011182879500067439,0.1795495583321108
SULT1B1,SULT,Mouse,Placenta,4,0.0013803690655874075,0.0012335699597909834,0.0027615534564724344
SULT1B1,SULT,Mouse,Rectum,27,0.21293555489338514,0.21007361769146238,1
SULT1B1,SULT,Mouse,Skin,45,0.008650181379337511,0.00857959321811476,0.026159326297535042
SULT1B1,SULT,Mouse,SmallIntestine,139,0.3545080924744701,0.3803857835719671,0.8806310816309544
SULT1B1,SULT,Mouse,Spleen,33,0.009734846498641618,0.004557852528127729,0.13770966761779024
SULT1B1,SULT,Mouse,Stomach,15,0.06172631270323693,0.04478065260045692,0.20427917238683174
SULT1B1,SULT,Mouse,Thymus,5,0.001508695038566536,0.0015777073496234082,0.0026816708892603122
SULT1B1,SULT,Mouse,Thyroid,6,4.902339198929788e-4,4.33401431971058e-4,9.77689378344004e-4
SULT1B1,SULT,Mouse,Undefined,13,0.02773555854545353,0.028320128215779478,0.052081841466109766
SULT1B1,SULT,Mouse,UpperIleum,129,0.35028672147746553,0.3803857835719671,0.6421000975685565
SULT1B1,SULT,Mouse,UpperJejunum,129,0.35573314743391704,0.3811359153668434,0.7606233148792423
SULT1E1,SULT,Human,BloodCells,135,2.2273415447627025e-4,1.4964527867500417e-4,0.0012382465845011958
SULT1E1,SULT,Human,Bone,1,1.8805206960997398e-4,1.8805206960997398e-4,1.8805206960997398e-4
SULT1E1,SULT,Human,Brain,269,0.0015446157806596641,1.3428038470598738e-4,0.03351676048118694
SULT1E1,SULT,Human,Breasts,10,4.383375681516188e-4,2.0227708469586645e-4,0.001630907986676558
SULT1E1,SULT,Human,Caecum,28,0.02197594429222285,0.00557100939176806,0.15378185588852225
SULT1E1,SULT,Human,ColonAscendens,28,0.02197594429222285,0.00557100939176806,0.15378185588852225
SULT1E1,SULT,Human,ColonDescendens,28,0.02197594429222285,0.00557100939176806,0.15378185588852225
SULT1E1,SULT,Human,ColonSigmoid,60,0.010308165278415406,1.1565588080334767e-4,0.15378185588852225
SULT1E1,SULT,Human,ColonTransversum,118,0.005317525668655815,1.3329862296162153e-4,0.15378185588852225
SULT1E1,SULT,Human,Duodenum,24,0.03115281384251188,0.017538040387719424,0.15378185588852225
SULT1E1,SULT,Human,Embryo,49,0.028643540942009525,0.0011055565252246656,0.23188410860606884
SULT1E1,SULT,Human,Endometrium,99,0.004795239797592134,5.2174117480642e-4,0.10625096864759738
SULT1E1,SULT,Human,Esophagus,7,1.506361619644025e-4,1.0738577750193335e-4,2.564089362977508e-4
SULT1E1,SULT,Human,Eye,19,4.4011200188019765e-4,2.2284225447238634e-4,0.0022383020471572613
SULT1E1,SULT,Human,Fat,163,1.448451318849038e-4,6.498469454242345e-5,0.0037601714260031313
SULT1E1,SULT,Human,GallBladder,7,2.510091821775977e-4,2.9438010832844925e-4,3.8066520590572826e-4
SULT1E1,SULT,Human,Gonads,213,0.046312457748749626,0.0010584123876038205,1
SULT1E1,SULT,Human,Heart,120,0.008450510357918247,6.260100332566837e-5,0.20295233688442024
SULT1E1,SULT,Human,Kidney,85,0.06690266297951206,5.792635681472209e-4,0.43507583095031827
SULT1E1,SULT,Human,LargeIntestine,154,0.004099925086318336,1.110016672626865e-4,0.15378185588852225
SULT1E1,SULT,Human,LowerIleum,20,0.03383991003148095,0.017538040387719424,0.15378185588852225
SULT1E1,SULT,Human,LowerJejunum,20,0.03383991003148095,0.017538040387719424,0.15378185588852225
SULT1E1,SULT,Human,Lung,65,0.010131252565699154,0.0013896489570047574,0.2523166851511534
SULT1E1,SULT,Human,LymphNode,83,0.0056278816223928494,0.0045819247820014335,0.019619995414851838
SULT1E1,SULT,Human,Muscle,58,4.182392989492538e-5,2.037427926488131e-5,2.3623377172681884e-4
SULT1E1,SULT,Human,Myometrium,38,2.4357767491500057e-4,1.7830918899507808e-4,0.0011221061086455614
SULT1E1,SULT,Human,Pancreas,51,1.2380617553610555e-4,7.784850619598413e-5,0.001240659330233527
SULT1E1,SULT,Human,Pericentral,126,0.020042392925338742,0.005502130425057828,0.1060828977530296
SULT1E1,SULT,Human,Periportal,126,0.020042392925338742,0.005502130425057828,0.1060828977530296
SULT1E1,SULT,Human,Placenta,7,1.5339164231579895e-4,1.2545847057530613e-4,3.016636802346782e-4
SULT1E1,SULT,Human,Plasma,157,3.588815428385843e-4,1.0859435782535225e-4,0.012902706074660117
SULT1E1,SULT,Human,Rectum,30,0.020526231487328007,0.005432431944544339,0.15378185588852225
SULT1E1,SULT,Human,SalivaryGland,47,0.007483100980956664,0.004095064698410683,0.03962256293640699
SULT1E1,SULT,Human,Skin,438,0.014724490422585047,0.009481989262030848,0.07748820112717528
SULT1E1,SULT,Human,SmallIntestine,24,0.03115281384251188,0.017538040387719424,0.15378185588852225
SULT1E1,SULT,Human,Spleen,14,2.3252266439640015e-4,1.089192657781004e-4,0.0017198607499948678
SULT1E1,SULT,Human,Stomach,115,0.003203171634484801,7.616650600645692e-4,0.06902986086851894
SULT1E1,SULT,Human,Thyroid,13,1.3403800558150139e-4,1.0124626533359521e-4,3.3275424714828257e-4
SULT1E1,SULT,Human,Undefined,81,8.71466586556793e-4,1.2074073144021482e-4,0.005435351055094707
SULT1E1,SULT,Human,UpperIleum,20,0.03383991003148095,0.017538040387719424,0.15378185588852225
SULT1E1,SULT,Human,UpperJejunum,20,0.03383991003148095,0.017538040387719424,0.15378185588852225
SULT1E1,SULT,Macaque,Brain,352,0.005878134891136205,0.0019033328806440397,0.11067653820922443
SULT1E1,SULT,Macaque,Gonads,20,0.1920791032534565,0.07928150411953873,1
SULT1E1,SULT,Macaque,Heart,10,0.008483270188854256,0.005133474257998776,0.025781676187146815
SULT1E1,SULT,Macaque,Kidney,26,0.043701345910641856,0.002022981741059993,0.2348481574172079
SULT1E1,SULT,Macaque,LowerIleum,1,0.009523235219803595,0.009523235219803595,0.009523235219803595
SULT1E1,SULT,Macaque,Lung,1,0.0022811776985056974,0.0022811776985056974,0.0022811776985056974
SULT1E1,SULT,Macaque,Pericentral,32,0.0042262735362412936,0.0018032009863603524,0.03674575136676265
SULT1E1,SULT,Macaque,Periportal,32,0.0042262735362412936,0.0018032009863603524,0.03674575136676265
SULT1E1,SULT,Macaque,SmallIntestine,1,0.009523235219803595,0.009523235219803595,0.009523235219803595
SULT1E1,SULT,Macaque,Spleen,1,0.001025036300772676,0.001025036300772676,0.001025036300772676
SULT1E1,SULT,Macaque,Undefined,20,0.006446290393563668,0.0034243109093327236,0.020808044493253065
SULT1E1,SULT,Macaque,UpperIleum,1,0.009523235219803595,0.009523235219803595,0.009523235219803595
SULT1E1,SULT,Dog,Bone,1,0.0037567478786629106,0.0037567478786629106,0.0037567478786629106
SULT1E1,SULT,Dog,Brain,4,0.002472422401028277,0.0016717500197043762,0.005924770507210924
SULT1E1,SULT,Dog,Caecum,5,0.05818608592007932,0.05615864654928882,0.08593048716744728
SULT1E1,SULT,Dog,ColonAscendens,5,0.05818608592007932,0.05615864654928882,0.08593048716744728
SULT1E1,SULT,Dog,ColonDescendens,5,0.05818608592007932,0.05615864654928882,0.08593048716744728
SULT1E1,SULT,Dog,ColonSigmoid,5,0.05818608592007932,0.05615864654928882,0.08593048716744728
SULT1E1,SULT,Dog,ColonTransversum,5,0.05818608592007932,0.05615864654928882,0.08593048716744728
SULT1E1,SULT,Dog,Fat,9,0.005807983498257021,0.005779919451888159,0.010260155890586181
SULT1E1,SULT,Dog,Gonads,9,0.004868431631135214,0.0023930664390625833,0.01636940197767333
SULT1E1,SULT,Dog,Heart,24,0.0602251962513437,0.05480539450381294,0.17775130175386541
SULT1E1,SULT,Dog,Kidney,5,0.004146310856152857,0.0018672947642897073,0.015938331707699403
SULT1E1,SULT,Dog,LargeIntestine,5,0.05818608592007932,0.05615864654928882,0.08593048716744728
SULT1E1,SULT,Dog,LowerJejunum,1,3.9045017956525153e-4,3.9045017956525153e-4,3.9045017956525153e-4
SULT1E1,SULT,Dog,Lung,4,0.0096538830602725,0.006063710211650293,0.022474634140663564
SULT1E1,SULT,Dog,LymphNode,1,0.0026179566647476587,0.0026179566647476587,0.0026179566647476587
SULT1E1,SULT,Dog,Muscle,7,4.982230485249475e-4,2.622866993854947e-4,0.0015321192495918823
SULT1E1,SULT,Dog,Pericentral,4,0.011999890898159109,0.012677264934403387,0.020319374062608864
SULT1E1,SULT,Dog,Periportal,4,0.011999890898159109,0.012677264934403387,0.020319374062608864
SULT1E1,SULT,Dog,Placenta,1,1,1,1
SULT1E1,SULT,Dog,Rectum,5,0.05818608592007932,0.05615864654928882,0.08593048716744728
SULT1E1,SULT,Dog,Skin,14,0.008250403852258156,0.0024516291554626084,0.049430373419820546
SULT1E1,SULT,Dog,SmallIntestine,1,3.9045017956525153e-4,3.9045017956525153e-4,3.9045017956525153e-4
SULT1E1,SULT,Dog,Spleen,8,0.004900284614560436,0.004002614484677215,0.008779005853834745
SULT1E1,SULT,Dog,Thymus,1,0.002259604160631548,0.002259604160631548,0.002259604160631548
SULT1E1,SULT,Dog,Thyroid,1,0.0013071831191277768,0.0013071831191277768,0.0013071831191277768
SULT1E1,SULT,Dog,Undefined,6,0.00820316097166553,0.005553745494331703,0.0233251415636604
SULT1E1,SULT,Dog,UpperJejunum,1,3.9045017956525153e-4,3.9045017956525153e-4,3.9045017956525153e-4
SULT1E1,SULT,Rat,Brain,17,8.055505229154753e-4,5.42026533439996e-4,0.00199256582848418
SULT1E1,SULT,Rat,Caecum,6,0.0011428927676916856,3.3381346726994016e-4,0.0048496527744908815
SULT1E1,SULT,Rat,ColonAscendens,6,0.0011428927676916856,3.3381346726994016e-4,0.0048496527744908815
SULT1E1,SULT,Rat,ColonDescendens,6,0.0011428927676916856,3.3381346726994016e-4,0.0048496527744908815
SULT1E1,SULT,Rat,ColonSigmoid,6,0.0011428927676916856,3.3381346726994016e-4,0.0048496527744908815
SULT1E1,SULT,Rat,ColonTransversum,6,0.0011428927676916856,3.3381346726994016e-4,0.0048496527744908815
SULT1E1,SULT,Rat,Duodenum,3,3.179196377500322e-4,3.148450342138211e-4,5.087679856178348e-4
SULT1E1,SULT,Rat,Esophagus,3,4.999295531866582e-4,3.1831978104902674e-4,9.959649508354022e-4
SULT1E1,SULT,Rat,Fat,1,7.82563842162788e-4,7.82563842162788e-4,7.82563842162788e-4
SULT1E1,SULT,Rat,Gonads,39,0.002161170921472547,8.545669830292635e-4,0.0192033402233349
SULT1E1,SULT,Rat,Heart,5,5.287119536137582e-4,4.753994774730979e-4,9.142065730736859e-4
SULT1E1,SULT,Rat,Kidney,10,4.958897956133251e-4,1.3427221375559008e-4,0.00213117168624792
SULT1E1,SULT,Rat,LargeIntestine,6,0.0011428927676916856,3.3381346726994016e-4,0.0048496527744908815
SULT1E1,SULT,Rat,LowerIleum,3,3.3023386336732005e-4,3.204557171631841e-4,5.480832935571147e-4
SULT1E1,SULT,Rat,LowerJejunum,2,3.23888798284343e-4,3.23888798284343e-4,4.1503072203480357e-4
SULT1E1,SULT,Rat,Lung,3,0.21026230390984296,0.023304979013185036,0.6067599186361777
SULT1E1,SULT,Rat,Muscle,35,4.001420857538299e-4,1.002377755324373e-4,0.003884268905829539
SULT1E1,SULT,Rat,Myometrium,1,0.0023385047375464743,0.0023385047375464743,0.0023385047375464743
SULT1E1,SULT,Rat,Pancreas,2,0.003618295340922051,0.003618295340922051,0.006015319972161856
SULT1E1,SULT,Rat,Pericentral,78,0.27209334513413147,0.26177016801835706,1
SULT1E1,SULT,Rat,Periportal,78,0.27209334513413147,0.26177016801835706,1
SULT1E1,SULT,Rat,Rectum,6,0.0011428927676916856,3.3381346726994016e-4,0.0048496527744908815
SULT1E1,SULT,Rat,Skin,2,0.0019249033809810388,0.0019249033809810388,0.00232370291965649
SULT1E1,SULT,Rat,SmallIntestine,8,3.2402976249009286e-4,3.176503756885026e-4,5.480832935571147e-4
SULT1E1,SULT,Rat,Spleen,4,0.009354041824382655,0.0027617225058789515,0.03126759035131602
SULT1E1,SULT,Rat,Stomach,3,5.757574576384969e-4,3.1242342426152987e-4,0.0011841629939532358
SULT1E1,SULT,Rat,Thymus,1,4.65969521298738e-4,4.65969521298738e-4,4.65969521298738e-4
SULT1E1,SULT,Rat,UpperIleum,3,3.3023386336732005e-4,3.204557171631841e-4,5.480832935571147e-4
SULT1E1,SULT,Rat,UpperJejunum,2,3.23888798284343e-4,3.23888798284343e-4,4.1503072203480357e-4
SULT1E1,SULT,Mouse,BloodCells,6,0.0025933084142689446,0.002894326702025187,0.0032624843258551982
SULT1E1,SULT,Mouse,Bone,61,0.02378756206437399,0.013649935902852335,0.13441919522343346
SULT1E1,SULT,Mouse,Brain,53,0.0034185185774328764,0.003204261025202749,0.007679902546250199
SULT1E1,SULT,Mouse,Caecum,3,5.51353502758808e-4,2.036417370679271e-4,0.0012780641887274757
SULT1E1,SULT,Mouse,ColonAscendens,3,5.51353502758808e-4,2.036417370679271e-4,0.0012780641887274757
SULT1E1,SULT,Mouse,ColonDescendens,3,5.51353502758808e-4,2.036417370679271e-4,0.0012780641887274757
SULT1E1,SULT,Mouse,ColonSigmoid,3,5.51353502758808e-4,2.036417370679271e-4,0.0012780641887274757
SULT1E1,SULT,Mouse,ColonTransversum,3,5.51353502758808e-4,2.036417370679271e-4,0.0012780641887274757
SULT1E1,SULT,Mouse,Duodenum,22,0.001958124976078823,8.409627570889217e-4,0.008714466905419676
SULT1E1,SULT,Mouse,Embryo,31,0.007471250005552128,0.002888040120385495,0.028121453087339397
SULT1E1,SULT,Mouse,Esophagus,2,9.921601737845102e-4,9.921601737845102e-4,0.0015046063269377387
SULT1E1,SULT,Mouse,Fat,169,0.036065205937835215,0.031045405428243675,0.20351936651470184
SULT1E1,SULT,Mouse,Gonads,165,0.09057948523161131,0.07800110523627805,1
SULT1E1,SULT,Mouse,Heart,53,0.0011326468975352388,9.598790861942019e-4,0.00264922240570702
SULT1E1,SULT,Mouse,Kidney,85,9.401944145095245e-4,7.548379326433226e-4,0.003629735960604828
SULT1E1,SULT,Mouse,LargeIntestine,3,5.51353502758808e-4,2.036417370679271e-4,0.0012780641887274757
SULT1E1,SULT,Mouse,LowerIleum,22,0.0019477367782998985,8.409627570889217e-4,0.008714466905419676
SULT1E1,SULT,Mouse,LowerJejunum,21,0.002029306016783883,8.453116292462294e-4,0.008714466905419676
SULT1E1,SULT,Mouse,Lung,80,0.006479676757889898,0.005485236310843052,0.02080066112013584
SULT1E1,SULT,Mouse,Muscle,131,0.0010854151087198545,8.033264483556338e-4,0.003710138565017062
SULT1E1,SULT,Mouse,Pancreas,46,0.01470575613211324,0.010701462560418137,0.09069176602471447
SULT1E1,SULT,Mouse,Pericentral,122,0.002352418837010737,5.603575348265297e-4,0.047809965470212074
SULT1E1,SULT,Mouse,Periportal,122,0.002352418837010737,5.603575348265297e-4,0.047809965470212074
SULT1E1,SULT,Mouse,Placenta,12,0.03227058566730686,0.035476821143070186,0.06180103160321985
SULT1E1,SULT,Mouse,Plasma,10,0.0017692938864763696,0.0011779895143992957,0.005299561377860087
SULT1E1,SULT,Mouse,Rectum,3,5.51353502758808e-4,2.036417370679271e-4,0.0012780641887274757
SULT1E1,SULT,Mouse,Skin,119,0.010098678390859463,0.00785689576514116,0.0640661930585153
SULT1E1,SULT,Mouse,SmallIntestine,23,0.0018831970540813185,8.366138849316139e-4,0.008714466905419676
SULT1E1,SULT,Mouse,Spleen,38,0.005610802647843604,0.005065435927558896,0.012009013732114899
SULT1E1,SULT,Mouse,Stomach,4,2.817740348405361e-4,2.473781942039406e-4,4.345242056079227e-4
SULT1E1,SULT,Mouse,Thymus,5,0.001147949140683348,9.041667843051242e-4,0.0022663026670259987
SULT1E1,SULT,Mouse,Thyroid,5,9.547506904683314e-4,9.888061825859137e-4,0.0015990575146099754
SULT1E1,SULT,Mouse,Undefined,27,0.07135075409173885,0.07300941776570267,0.2837194546533592
SULT1E1,SULT,Mouse,UpperIleum,22,0.0019477367782998985,8.409627570889217e-4,0.008714466905419676
SULT1E1,SULT,Mouse,UpperJejunum,21,0.002029306016783883,8.453116292462294e-4,0.008714466905419676
SULT2A1,SULT,Human,BloodCells,166,0.003354003704778675,7.149043599080656e-4,0.21552853736547464
SULT2A1,SULT,Human,Brain,182,2.868478701617304e-4,1.6448495520936067e-4,0.006890296076025219
SULT2A1,SULT,Human,Breasts,8,1.762775018916952e-4,1.4006261576986643e-4,4.0481500755825626e-4
SULT2A1,SULT,Human,Caecum,21,0.05513850881341868,0.042282955358432836,0.16939545554837715
SULT2A1,SULT,Human,ColonAscendens,21,0.05513850881341868,0.042282955358432836,0.16939545554837715
SULT2A1,SULT,Human,ColonDescendens,21,0.05513850881341868,0.042282955358432836,0.16939545554837715
SULT2A1,SULT,Human,ColonSigmoid,60,0.019572641692463425,3.386138697627118e-4,0.16939545554837715
SULT2A1,SULT,Human,ColonTransversum,87,0.01349397959561027,2.4281732298722818e-4,0.16939545554837715
SULT2A1,SULT,Human,Duodenum,24,0.07068352771731633,0.05972236511355092,0.16939545554837715
SULT2A1,SULT,Human,Embryo,8,4.2135249162058766e-4,3.8975633236086897e-4,8.339362880263665e-4
SULT2A1,SULT,Human,Endometrium,51,6.989861087547169e-4,3.958729913746849e-4,0.007195826065373619
SULT2A1,SULT,Human,Esophagus,2,1.1400571299779498e-4,1.1400571299779498e-4,1.2139112897674597e-4
SULT2A1,SULT,Human,Eye,23,6.994254702890135e-4,4.686052130611942e-4,0.0021775841478463495
SULT2A1,SULT,Human,Fat,111,2.0343293616716167e-4,1.613386867845327e-4,0.0010306042000003278
SULT2A1,SULT,Human,GallBladder,1,2.758945838071124e-4,2.758945838071124e-4,2.758945838071124e-4
SULT2A1,SULT,Human,Gonads,212,0.002963482988163672,9.504152666271195e-4,0.04953382410433489
SULT2A1,SULT,Human,Heart,108,5.822155401110286e-4,8.265275006465583e-5,0.03946836801826211
SULT2A1,SULT,Human,Kidney,27,0.013725640459639333,7.91663461160616e-4,0.12111045853543705
SULT2A1,SULT,Human,LargeIntestine,130,0.00920522256389955,2.305945590359249e-4,0.16939545554837715
SULT2A1,SULT,Human,LowerIleum,20,0.07047545129130008,0.05585677227564296,0.16939545554837715
SULT2A1,SULT,Human,LowerJejunum,20,0.07047545129130008,0.05585677227564296,0.16939545554837715
SULT2A1,SULT,Human,Lung,14,8.703490368654768e-4,4.0722234134440754e-4,0.004547829338102305
SULT2A1,SULT,Human,LymphNode,80,0.011078670931795598,0.00625562075794257,0.06090495381395043
SULT2A1,SULT,Human,Muscle,80,1.1330338228938432e-4,7.79923416208227e-5,8.543244246220622e-4
SULT2A1,SULT,Human,Myometrium,10,4.1063544869201655e-4,2.851338626616559e-4,0.0013222466721023376
SULT2A1,SULT,Human,Pancreas,42,4.649766785885219e-4,3.78665552771341e-4,0.0013782604057214923
SULT2A1,SULT,Human,Pericentral,133,0.1723080947702893,0.10138844742454962,1
SULT2A1,SULT,Human,Periportal,133,0.1723080947702893,0.10138844742454962,1
SULT2A1,SULT,Human,Placenta,5,2.2700238110196955e-4,2.5529500565020437e-4,3.031305700593222e-4
SULT2A1,SULT,Human,Plasma,125,3.4495554454263617e-4,2.2774001922391956e-4,0.007289914214180234
SULT2A1,SULT,Human,Rectum,24,0.04848921989110712,0.03209203373690844,0.16939545554837715
SULT2A1,SULT,Human,SalivaryGland,13,3.129177539093536e-4,2.4298333796503717e-4,8.202898651996451e-4
SULT2A1,SULT,Human,Skin,112,4.894083325919639e-4,2.8688556436093246e-4,0.013573432065192473
SULT2A1,SULT,Human,SmallIntestine,24,0.07068352771731633,0.05972236511355092,0.16939545554837715
SULT2A1,SULT,Human,Spleen,39,0.0035498969417567727,3.678110936217018e-4,0.12089389384986339
SULT2A1,SULT,Human,Stomach,130,0.009550200301320092,0.0035359439065579985,0.06716840724195243
SULT2A1,SULT,Human,Thyroid,35,4.3085633908297803e-4,3.638451478540642e-4,0.0012295035475574842
SULT2A1,SULT,Human,Undefined,81,3.78095547623467e-4,2.1114800733113318e-4,0.004983038767436431
SULT2A1,SULT,Human,UpperIleum,20,0.07047545129130008,0.05585677227564296,0.16939545554837715
SULT2A1,SULT,Human,UpperJejunum,20,0.07047545129130008,0.05585677227564296,0.16939545554837715
SULT2A1,SULT,Macaque,Brain,17,0.001817412702304934,0.0017326698894357111,0.0032525294466271546
SULT2A1,SULT,Macaque,Gonads,5,0.002410262080609243,0.002289989266359452,0.003402483217867505
SULT2A1,SULT,Macaque,Heart,19,0.0016592587183246613,4.588052564360989e-4,0.010798243479691782
SULT2A1,SULT,Macaque,Kidney,9,0.0013172170248118224,6.358899368279334e-4,0.004565309852177246
SULT2A1,SULT,Macaque,LowerIleum,1,0.28626129116661286,0.28626129116661286,0.28626129116661286
SULT2A1,SULT,Macaque,Lung,4,0.014532995563907124,0.010710739794500055,0.03214744453512006
SULT2A1,SULT,Macaque,Muscle,4,6.992750274632354e-4,6.837966848013462e-4,0.0010317346877900969
SULT2A1,SULT,Macaque,Pericentral,85,0.28642719054707994,0.2694580951028845,1
SULT2A1,SULT,Macaque,Periportal,85,0.28642719054707994,0.2694580951028845,1
SULT2A1,SULT,Macaque,SmallIntestine,1,0.28626129116661286,0.28626129116661286,0.28626129116661286
SULT2A1,SULT,Macaque,UpperIleum,1,0.28626129116661286,0.28626129116661286,0.28626129116661286
SULT2A1,SULT,Rat,Brain,37,8.419514394540623e-4,2.7511758062277817e-4,0.008906208706662712
SULT2A1,SULT,Rat,Caecum,6,2.358834703083533e-4,1.3378945022102763e-4,8.720208086101176e-4
SULT2A1,SULT,Rat,ColonAscendens,6,2.358834703083533e-4,1.3378945022102763e-4,8.720208086101176e-4
SULT2A1,SULT,Rat,ColonDescendens,6,2.358834703083533e-4,1.3378945022102763e-4,8.720208086101176e-4
SULT2A1,SULT,Rat,ColonSigmoid,6,2.358834703083533e-4,1.3378945022102763e-4,8.720208086101176e-4
SULT2A1,SULT,Rat,ColonTransversum,6,2.358834703083533e-4,1.3378945022102763e-4,8.720208086101176e-4
SULT2A1,SULT,Rat,Duodenum,3,1.071382351122734e-4,8.072411251091068e-5,1.8144156979626138e-4
SULT2A1,SULT,Rat,Esophagus,1,2.9603194119853245e-4,2.9603194119853245e-4,2.9603194119853245e-4
SULT2A1,SULT,Rat,Fat,2,0.001254117680834642,0.001254117680834642,0.002336419862223609
SULT2A1,SULT,Rat,Gonads,28,0.0010015040418316706,2.0433617307614234e-4,0.006338886861460931
SULT2A1,SULT,Rat,Heart,32,3.9147571220094504e-4,3.146217522378605e-4,0.0011745886810972989
SULT2A1,SULT,Rat,Kidney,71,0.001069410317713844,6.233367646118252e-4,0.018932514194401968
SULT2A1,SULT,Rat,LargeIntestine,6,2.358834703083533e-4,1.3378945022102763e-4,8.720208086101176e-4
SULT2A1,SULT,Rat,LowerIleum,2,3.3779062855265266e-4,3.3779062855265266e-4,3.520441306354595e-4
SULT2A1,SULT,Rat,LowerJejunum,2,1.3316681315508848e-4,1.3316681315508848e-4,1.476999198955154e-4
SULT2A1,SULT,Rat,Lung,22,0.005143464173443345,0.0011143014457080235,0.034225493258333614
SULT2A1,SULT,Rat,Muscle,39,5.756569501385647e-4,2.2251591762468666e-4,0.0021833749893471837
SULT2A1,SULT,Rat,Myometrium,16,0.005876327487465362,0.0021156966960775582,0.03164147719963963
SULT2A1,SULT,Rat,Pancreas,2,9.090964473198697e-4,9.090964473198697e-4,0.001372350992807872
SULT2A1,SULT,Rat,Pericentral,130,0.16013366319726893,0.06817485103129214,1
SULT2A1,SULT,Rat,Periportal,130,0.16013366319726893,0.06817485103129214,1
SULT2A1,SULT,Rat,Rectum,6,2.358834703083533e-4,1.3378945022102763e-4,8.720208086101176e-4
SULT2A1,SULT,Rat,Skin,4,0.0013143664047604352,6.63851748413649e-4,0.0037201762232398107
SULT2A1,SULT,Rat,SmallIntestine,7,1.8047565553604324e-4,1.476999198955154e-4,3.520441306354595e-4
SULT2A1,SULT,Rat,Spleen,17,0.001818996021328103,0.0016073932111058894,0.005784425622331531
SULT2A1,SULT,Rat,Stomach,3,2.2771863600052331e-4,2.5020066258720863e-4,2.799262399680862e-4
SULT2A1,SULT,Rat,Thymus,15,0.0012857910450100294,0.0010181774163405936,0.002388553386359865
SULT2A1,SULT,Rat,Thyroid,2,0.004987233051571874,0.004987233051571874,0.009789375161647965
SULT2A1,SULT,Rat,Undefined,1,3.503533910735968e-4,3.503533910735968e-4,3.503533910735968e-4
SULT2A1,SULT,Rat,UpperIleum,2,3.3779062855265266e-4,3.3779062855265266e-4,3.520441306354595e-4
SULT2A1,SULT,Rat,UpperJejunum,2,1.3316681315508848e-4,1.3316681315508848e-4,1.476999198955154e-4
SULT2A1,SULT,Mouse,BloodCells,33,0.001213452115402069,7.601477380481035e-4,0.0088071879001519
SULT2A1,SULT,Mouse,Bone,204,0.016017763574480846,0.0090421783239423709,0.2862761096542743
SULT2A1,SULT,Mouse,Brain,128,0.002191690908659186,0.0018504470265290314,0.010049837097298796
SULT2A1,SULT,Mouse,Breasts,1,1.4848388032561872e-4,1.4848388032561872e-4,1.4848388032561872e-4
SULT2A1,SULT,Mouse,Caecum,5,1.1274058109445896e-4,7.277017139565428e-5,2.5567999866249637e-4
SULT2A1,SULT,Mouse,ColonAscendens,5,1.1274058109445896e-4,7.277017139565428e-5,2.5567999866249637e-4
SULT2A1,SULT,Mouse,ColonDescendens,5,1.1274058109445896e-4,7.277017139565428e-5,2.5567999866249637e-4
SULT2A1,SULT,Mouse,ColonSigmoid,5,1.1274058109445896e-4,7.277017139565428e-5,2.5567999866249637e-4
SULT2A1,SULT,Mouse,ColonTransversum,5,1.1274058109445896e-4,7.277017139565428e-5,2.5567999866249637e-4
SULT2A1,SULT,Mouse,Duodenum,74,6.860375027029805e-4,3.593103157101525e-4,0.0036865140027150314
SULT2A1,SULT,Mouse,Embryo,14,4.118538431423327e-4,4.2593876438567005e-4,8.125483473996596e-4
SULT2A1,SULT,Mouse,Esophagus,2,2.958482512546469e-4,2.958482512546469e-4,3.4700065725521415e-4
SULT2A1,SULT,Mouse,Fat,184,0.0023344146364856913,0.0017910703553322693,0.014564416205452858
SULT2A1,SULT,Mouse,Gonads,91,8.77732550827273e-4,0.00064551346367879665,0.007112019370524015
SULT2A1,SULT,Mouse,Heart,95,0.0010020534574396384,6.459470890705616e-4,0.00472012038399893
SULT2A1,SULT,Mouse,Kidney,95,5.827738943593849e-4,3.084725301182214e-4,0.007863764831427004
SULT2A1,SULT,Mouse,LargeIntestine,5,1.1274058109445896e-4,7.277017139565428e-5,2.5567999866249637e-4
SULT2A1,SULT,Mouse,LowerIleum,73,6.958475291778682e-4,3.843391253715899e-4,0.0036865140027150314
SULT2A1,SULT,Mouse,LowerJejunum,73,6.89239405003195e-4,3.7239184224258386e-4,0.0036865140027150314
SULT2A1,SULT,Mouse,Lung,117,0.004818173424071649,0.003480178402274981,0.06696374433340598
SULT2A1,SULT,Mouse,Muscle,85,2.8759566750626746e-4,1.0809557282124047e-4,0.001816798575016769
SULT2A1,SULT,Mouse,Pancreas,54,0.020927865670693765,0.006438392442408094,0.18469742243686
SULT2A1,SULT,Mouse,Pericentral,320,0.10244552722689701,0.08291295433559193,1
SULT2A1,SULT,Mouse,Periportal,320,0.10244552722689701,0.08291295433559193,1
SULT2A1,SULT,Mouse,Placenta,2,0.0011092192182801846,0.0011092192182801846,0.002122165667561007
SULT2A1,SULT,Mouse,Plasma,4,7.080088163394288e-5,5.124550764770824e-5,1.3156961912952244e-4
SULT2A1,SULT,Mouse,Rectum,5,1.1274058109445896e-4,7.277017139565428e-5,2.5567999866249637e-4
SULT2A1,SULT,Mouse,Skin,152,0.005805732479233438,0.002571993521429207,0.054241938909678496
SULT2A1,SULT,Mouse,SmallIntestine,78,6.644193067892683e-4,3.3946648599935493e-4,0.0036865140027150314
SULT2A1,SULT,Mouse,Spleen,101,0.004079506277643285,0.0022667634522709227,0.05640778793462878
SULT2A1,SULT,Mouse,Stomach,6,1.6844825243300708e-4,1.8153975436124525e-4,3.037824277301144e-4
SULT2A1,SULT,Mouse,Thymus,4,0.001006934881920939,9.233593785224663e-4,0.0019752009031461576
SULT2A1,SULT,Mouse,Undefined,2,0.0022084886541928962,0.0022084886541928962,0.0040823271279000145
SULT2A1,SULT,Mouse,UpperIleum,73,6.958475291778682e-4,3.843391253715899e-4,0.0036865140027150314
SULT2A1,SULT,Mouse,UpperJejunum,73,6.89239405003195e-4,3.7239184224258386e-4,0.0036865140027150314
SULT2B1,SULT,Human,BloodCells,349,0.0011463532586899563,5.74818982504448e-4,0.03772400573656477
SULT2B1,SULT,Human,Bone,2,7.35950933900304e-4,7.35950933900304e-4,0.001129973270670489
SULT2B1,SULT,Human,Brain,1343,8.477683583661149e-4,5.558418744159647e-4,0.014212527095596764
SULT2B1,SULT,Human,Breasts,37,0.004337252210031242,0.0025811277593991966,0.019839651436992983
SULT2B1,SULT,Human,Caecum,24,0.0012821253609821663,0.0011702310272164377,0.0026808704680164265
SULT2B1,SULT,Human,ColonAscendens,24,0.0012821253609821663,0.0011702310272164377,0.0026808704680164265
SULT2B1,SULT,Human,ColonDescendens,24,0.0012821253609821663,0.0011702310272164377,0.0026808704680164265
SULT2B1,SULT,Human,ColonSigmoid,133,7.531389589820083e-4,4.793644472111994e-4,0.0031522345970042332
SULT2B1,SULT,Human,ColonTransversum,144,7.939255025662784e-4,6.091755054731011e-4,0.0026808704680164265
SULT2B1,SULT,Human,Duodenum,18,0.01065051295190715,0.011280083671698242,0.02345413960963567
SULT2B1,SULT,Human,Embryo,10,0.0737845632590178,5.302686429331141e-4,0.43790941444784476
SULT2B1,SULT,Human,Endometrium,99,0.007593390270614011,4.5025094802230895e-4,0.2762451478171247
SULT2B1,SULT,Human,Esophagus,19,0.15003099196750574,0.17626586727019725,0.29299677986857464
SULT2B1,SULT,Human,Eye,35,6.350278362370053e-4,4.0234356807407286e-4,0.002618634359160243
SULT2B1,SULT,Human,Fat,579,7.477687600874847e-4,2.62095886182823e-4,0.16511653243296182
SULT2B1,SULT,Human,GallBladder,7,0.004424600390165745,0.002820364361916311,0.008321741753063779
SULT2B1,SULT,Human,Gonads,358,0.03641330805001772,0.0019231606398458822,0.6105941136636539
SULT2B1,SULT,Human,Heart,227,1.691134742978232e-4,1.2762319778102126e-4,0.0014599453344538058
SULT2B1,SULT,Human,Kidney,81,0.0026249254475317224,0.001097525982552184,0.041672511031108354
SULT2B1,SULT,Human,LargeIntestine,261,7.296417582538186e-4,5.586459284412732e-4,0.0031522345970042332
SULT2B1,SULT,Human,LowerIleum,14,0.01128901533725819,0.01468694575880979,0.02345413960963567
SULT2B1,SULT,Human,LowerJejunum,14,0.01128901533725819,0.01468694575880979,0.02345413960963567
SULT2B1,SULT,Human,Lung,64,0.013874544932682843,0.01248723615772879,0.03854371226995644
SULT2B1,SULT,Human,LymphNode,96,0.006522997334347339,0.0032181362428680147,0.10224010234071464
SULT2B1,SULT,Human,Muscle,290,2.0834939637142972e-4,1.1074748002413347e-4,0.016195560770783244
SULT2B1,SULT,Human,Myometrium,37,4.0725986928282973e-4,3.4575680606591813e-4,9.885077587669221e-4
SULT2B1,SULT,Human,Pancreas,134,0.0014427238330424678,7.209982221266561e-4,0.021663312671540928
SULT2B1,SULT,Human,Pericentral,42,0.0024444608846380246,1.3257324876073985e-4,0.0952704111716422
SULT2B1,SULT,Human,Periportal,42,0.0024444608846380246,1.3257324876073985e-4,0.0952704111716422
SULT2B1,SULT,Human,Placenta,10,0.0034566086862690653,0.0018661063041785538,0.014025796743512207
SULT2B1,SULT,Human,Plasma,275,4.004789325866838e-4,3.064084700714864e-4,0.0024361593983209134
SULT2B1,SULT,Human,Rectum,27,0.0011893329153898544,9.264641326725512e-4,0.0026808704680164265
SULT2B1,SULT,Human,SalivaryGland,53,0.04642267052056824,0.005069995006215365,0.575224907770303
SULT2B1,SULT,Human,Skin,441,0.16395189660441345,0.14801829453903945,1
SULT2B1,SULT,Human,SmallIntestine,18,0.01065051295190715,0.011280083671698242,0.02345413960963567
SULT2B1,SULT,Human,Spleen,70,4.942821736060786e-4,3.850931449120267e-4,0.0017727415742907818
SULT2B1,SULT,Human,Stomach,131,0.002608810227948344,0.0013391700158666088,0.026218264818770633
SULT2B1,SULT,Human,Thyroid,195,0.0026738458127753546,0.002083184976923646,0.014039963565655462
SULT2B1,SULT,Human,Undefined,270,0.0039304383442607576,4.3865548121456985e-4,0.18510180181807392
SULT2B1,SULT,Human,UpperIleum,14,0.01128901533725819,0.01468694575880979,0.02345413960963567
SULT2B1,SULT,Human,UpperJejunum,14,0.01128901533725819,0.01468694575880979,0.02345413960963567
SULT2B1,SULT,Macaque,Brain,532,0.051358586649129526,0.04161363125312429,1
SULT2B1,SULT,Macaque,Caecum,2,0.014618451762616887,0.014618451762616887,0.017404992107943197
SULT2B1,SULT,Macaque,ColonAscendens,2,0.014618451762616887,0.014618451762616887,0.017404992107943197
SULT2B1,SULT,Macaque,ColonDescendens,2,0.014618451762616887,0.014618451762616887,0.017404992107943197
SULT2B1,SULT,Macaque,ColonSigmoid,2,0.014618451762616887,0.014618451762616887,0.017404992107943197
SULT2B1,SULT,Macaque,ColonTransversum,2,0.014618451762616887,0.014618451762616887,0.017404992107943197
SULT2B1,SULT,Macaque,Gonads,16,0.009554854053326477,0.008904007466867307,0.02305353811336306
SULT2B1,SULT,Macaque,Heart,8,0.001696450795051688,9.48351804872409e-4,0.006562984616044829
SULT2B1,SULT,Macaque,Kidney,42,0.007001995195875915,0.005202166013066674,0.026405000039161807
SULT2B1,SULT,Macaque,LargeIntestine,2,0.014618451762616887,0.014618451762616887,0.017404992107943197
SULT2B1,SULT,Macaque,Lung,11,0.05815053617303416,0.048523879484686526,0.14605606563448972
SULT2B1,SULT,Macaque,Muscle,5,0.008044515898516222,0.00507940022275762,0.024024034919735416
SULT2B1,SULT,Macaque,Pericentral,3,0.007600478253971687,0.0021864393763291476,0.01856541524592528
SULT2B1,SULT,Macaque,Periportal,3,0.007600478253971687,0.0021864393763291476,0.01856541524592528
SULT2B1,SULT,Macaque,Rectum,2,0.014618451762616887,0.014618451762616887,0.017404992107943197
SULT2B1,SULT,Macaque,Undefined,24,0.012757661141961876,0.010176602849678588,0.03524411987129866
SULT2B1,SULT,Dog,BloodCells,2,0.006358622088311063,0.006358622088311063,0.012339330203536787
SULT2B1,SULT,Dog,Brain,38,0.003097316756924329,0.0012346967507601255,0.013258039892283491
SULT2B1,SULT,Dog,Breasts,2,0.03257403666149742,0.03257403666149742,0.03744987242692201
SULT2B1,SULT,Dog,Caecum,2,9.873115358631089e-5,9.873115358631089e-5,1.0304669698641344e-4
SULT2B1,SULT,Dog,Cartilage,1,1.2744403232926426e-4,1.2744403232926426e-4,1.2744403232926426e-4
SULT2B1,SULT,Dog,ColonAscendens,2,9.873115358631089e-5,9.873115358631089e-5,1.0304669698641344e-4
SULT2B1,SULT,Dog,ColonDescendens,2,9.873115358631089e-5,9.873115358631089e-5,1.0304669698641344e-4
SULT2B1,SULT,Dog,ColonSigmoid,2,9.873115358631089e-5,9.873115358631089e-5,1.0304669698641344e-4
SULT2B1,SULT,Dog,ColonTransversum,2,9.873115358631089e-5,9.873115358631089e-5,1.0304669698641344e-4
SULT2B1,SULT,Dog,Duodenum,1,1.457583375117246e-4,1.457583375117246e-4,1.457583375117246e-4
SULT2B1,SULT,Dog,Embryo,1,0.001079568341898574,0.001079568341898574,0.001079568341898574
SULT2B1,SULT,Dog,Gonads,5,0.002334475129833265,8.360255401222983e-4,0.008433715281843479
SULT2B1,SULT,Dog,Heart,3,1.1906157778614482e-4,1.2869875065148328e-4,1.2914830264820377e-4
SULT2B1,SULT,Dog,Kidney,13,8.137803581348268e-4,8.809256676212583e-4,0.001224224724160596
SULT2B1,SULT,Dog,LargeIntestine,2,9.873115358631089e-5,9.873115358631089e-5,1.0304669698641344e-4
SULT2B1,SULT,Dog,LowerIleum,1,1.457583375117246e-4,1.457583375117246e-4,1.457583375117246e-4
SULT2B1,SULT,Dog,LowerJejunum,2,2.0818423496294318e-4,2.0818423496294318e-4,2.706101324141618e-4
SULT2B1,SULT,Dog,Lung,5,6.669260418256026e-4,3.397855134411246e-4,0.0012159075601292308
SULT2B1,SULT,Dog,LymphNode,3,0.004611152931274699,0.005273177356449786,0.007684326012993113
SULT2B1,SULT,Dog,Muscle,2,1.7815811040133086e-4,1.7815811040133086e-4,1.7833317709861163e-4
SULT2B1,SULT,Dog,Pancreas,1,1.8587452615996685e-4,1.8587452615996685e-4,1.8587452615996685e-4
SULT2B1,SULT,Dog,Pericentral,2,1.510885226335114e-4,1.510885226335114e-4,1.514928165172365e-4
SULT2B1,SULT,Dog,Periportal,2,1.510885226335114e-4,1.510885226335114e-4,1.514928165172365e-4
SULT2B1,SULT,Dog,Rectum,2,9.873115358631089e-5,9.873115358631089e-5,1.0304669698641344e-4
SULT2B1,SULT,Dog,SalivaryGland,1,1.2154639361166364e-4,1.2154639361166364e-4,1.2154639361166364e-4
SULT2B1,SULT,Dog,Skin,25,0.09406344188699088,0.0540911670481808,1
SULT2B1,SULT,Dog,SmallIntestine,2,2.0818423496294318e-4,2.0818423496294318e-4,2.706101324141618e-4
SULT2B1,SULT,Dog,Spleen,10,6.168528531329095e-4,6.287735545622449e-4,0.0012727227759561424
SULT2B1,SULT,Dog,Stomach,1,1.5366727402531014e-4,1.5366727402531014e-4,1.5366727402531014e-4
SULT2B1,SULT,Dog,Thymus,1,0.07172823863667831,0.07172823863667831,0.07172823863667831
SULT2B1,SULT,Dog,Thyroid,1,2.975437989329618e-4,2.975437989329618e-4,2.975437989329618e-4
SULT2B1,SULT,Dog,Undefined,8,0.025999819147035617,0.009369447996021886,0.07914406795315466
SULT2B1,SULT,Dog,UpperIleum,1,1.457583375117246e-4,1.457583375117246e-4,1.457583375117246e-4
SULT2B1,SULT,Dog,UpperJejunum,2,2.0818423496294318e-4,2.0818423496294318e-4,2.706101324141618e-4
SULT2B1,SULT,Rat,Brain,291,0.02681249749736562,0.02158759925479672,0.12988625762215614
SULT2B1,SULT,Rat,Caecum,12,0.44806029922106994,0.4609099649052454,0.9260389576936469
SULT2B1,SULT,Rat,ColonAscendens,12,0.44806029922106994,0.4609099649052454,0.9260389576936469
SULT2B1,SULT,Rat,ColonDescendens,12,0.44806029922106994,0.4609099649052454,0.9260389576936469
SULT2B1,SULT,Rat,ColonSigmoid,12,0.44806029922106994,0.4609099649052454,0.9260389576936469
SULT2B1,SULT,Rat,ColonTransversum,12,0.44806029922106994,0.4609099649052454,0.9260389576936469
SULT2B1,SULT,Rat,Duodenum,3,0.5907945832523032,0.6735208072146,0.7252026193618551
SULT2B1,SULT,Rat,Esophagus,3,0.4603110549949748,0.4048315446570966,0.6750717861191557
SULT2B1,SULT,Rat,Eye,6,0.015240682550961187,0.013695976413480531,0.022723715320809194
SULT2B1,SULT,Rat,Fat,6,0.004278273449192953,0.003058683310899934,0.009733227293287792
SULT2B1,SULT,Rat,Gonads,74,0.03924446330273941,0.01343109804603997,0.40955448714043996
SULT2B1,SULT,Rat,Heart,7,0.002583901337602805,0.001199756322481683,0.006918059286050852
SULT2B1,SULT,Rat,Kidney,102,0.04250806101134105,0.0436751392179517,0.18015022607726391
SULT2B1,SULT,Rat,LargeIntestine,12,0.44806029922106994,0.4609099649052454,0.9260389576936469
SULT2B1,SULT,Rat,LowerIleum,3,0.6345827687666198,0.9297691361288489,0.9527466772198645
SULT2B1,SULT,Rat,LowerJejunum,3,0.9694279514027307,0.9700583323804144,1
SULT2B1,SULT,Rat,Lung,17,0.013863450785380125,0.013912671267268906,0.031735613794268584
SULT2B1,SULT,Rat,Muscle,18,0.001378194342212231,6.18617675151603e-4,0.010324404647391533
SULT2B1,SULT,Rat,Myometrium,9,0.0369262138210545,0.035414626013542214,0.06254729928002879
SULT2B1,SULT,Rat,Pancreas,2,0.018306186777838688,0.018306186777838688,0.023007824394943796
SULT2B1,SULT,Rat,Pericentral,131,0.005224102200233403,0.004010547184601565,0.07125916605342016
SULT2B1,SULT,Rat,Periportal,131,0.005224102200233403,0.004010547184601565,0.07125916605342016
SULT2B1,SULT,Rat,Rectum,12,0.44806029922106994,0.4609099649052454,0.9260389576936469
SULT2B1,SULT,Rat,Skin,8,0.17445392233270954,0.1593628053012152,0.423967769511504
SULT2B1,SULT,Rat,SmallIntestine,9,0.7316017678072179,0.9297691361288489,1
SULT2B1,SULT,Rat,Spleen,8,0.006646684501014497,0.006664523032040352,0.00821832286659956
SULT2B1,SULT,Rat,Stomach,3,0.15415232797175613,0.08893018465350015,0.29205792797509617
SULT2B1,SULT,Rat,Thymus,15,0.026499152698457845,0.02765919623892504,0.03979957286477132
SULT2B1,SULT,Rat,Thyroid,6,0.05672674149743957,0.0563684374096253,0.09223608795486826
SULT2B1,SULT,Rat,Undefined,12,0.028571294654751077,0.027209244945892018,0.03854967503388413
SULT2B1,SULT,Rat,UpperIleum,3,0.6345827687666198,0.9297691361288489,0.9527466772198645
SULT2B1,SULT,Rat,UpperJejunum,3,0.9694279514027307,0.9700583323804144,1
SULT2B1,SULT,Mouse,BloodCells,37,0.005849327810782712,0.005211868626920553,0.01477671530936015
SULT2B1,SULT,Mouse,Bone,120,0.02106078864702714,0.01734569278421893,0.10366804393499689
SULT2B1,SULT,Mouse,Brain,430,0.018078834642707153,0.016915445894640065,0.06151480940905939
SULT2B1,SULT,Mouse,Breasts,2,0.008887228397135783,0.008887228397135783,0.012733657839617765
SULT2B1,SULT,Mouse,Caecum,30,0.07937623224204873,0.029199822431967344,0.5041276108908779
SULT2B1,SULT,Mouse,ColonAscendens,30,0.07937623224204873,0.029199822431967344,0.5041276108908779
SULT2B1,SULT,Mouse,ColonDescendens,30,0.07937623224204873,0.029199822431967344,0.5041276108908779
SULT2B1,SULT,Mouse,ColonSigmoid,32,0.07553869669114173,0.029199822431967344,0.5041276108908779
SULT2B1,SULT,Mouse,ColonTransversum,30,0.07937623224204873,0.029199822431967344,0.5041276108908779
SULT2B1,SULT,Mouse,Duodenum,137,0.34651568180334746,0.4094662540228574,1
SULT2B1,SULT,Mouse,Egg,6,0.004030003931827765,0.0027842757805526305,0.008291218727987826
SULT2B1,SULT,Mouse,Embryo,86,0.013035139432632077,0.005181419093686039,0.09460329818369764
SULT2B1,SULT,Mouse,Esophagus,3,0.13511314949352873,0.15691341088983568,0.18657669183682446
SULT2B1,SULT,Mouse,Eye,16,0.0037870081956215044,0.0037176307884261364,0.006274278629482603
SULT2B1,SULT,Mouse,Fat,179,0.008623258526538467,0.0057969443854962955,0.05256098256389744
SULT2B1,SULT,Mouse,Gonads,197,0.011914868962464548,0.0050681354441324605,0.13509681502478446
SULT2B1,SULT,Mouse,Heart,97,0.0015682718802321964,0.0011512766200492235,0.007680843665227242
SULT2B1,SULT,Mouse,Kidney,224,0.002582014795979421,0.002333398973270385,0.007633920412544879
SULT2B1,SULT,Mouse,LargeIntestine,32,0.07553869669114173,0.029199822431967344,0.5041276108908779
SULT2B1,SULT,Mouse,LowerIleum,133,0.35123447982363176,0.4101238358009323,1
SULT2B1,SULT,Mouse,LowerJejunum,133,0.3518982797692218,0.4101238358009323,1
SULT2B1,SULT,Mouse,Lung,154,0.014637553267637722,0.013854063394582929,0.04000840743827606
SULT2B1,SULT,Mouse,Muscle,56,0.004656201672145076,4.11935021558146e-4,0.0866695146605643
SULT2B1,SULT,Mouse,Myometrium,1,0.0064685818660894685,0.0064685818660894685,0.0064685818660894685
SULT2B1,SULT,Mouse,Pancreas,40,0.01805842256888367,0.013659695654866955,0.07584142664947974
SULT2B1,SULT,Mouse,Pericentral,108,0.001696988591283863,5.444531757076635e-4,0.03509500450114931
SULT2B1,SULT,Mouse,Periportal,108,0.001696988591283863,5.444531757076635e-4,0.03509500450114931
SULT2B1,SULT,Mouse,Placenta,13,0.019187087304436374,0.00587680582199398,0.09137796820676454
SULT2B1,SULT,Mouse,Plasma,5,5.857550963517983e-4,5.345878496335575e-4,9.081738844318273e-4
SULT2B1,SULT,Mouse,Rectum,30,0.07937623224204873,0.029199822431967344,0.5041276108908779
SULT2B1,SULT,Mouse,Skin,209,0.10639248316020548,0.07915091216784798,0.4183608681920402
SULT2B1,SULT,Mouse,SmallIntestine,143,0.3399225445758461,0.40660113252335145,1
SULT2B1,SULT,Mouse,Spleen,120,0.01643420913026459,0.01273940872492451,0.06373630286754314
SULT2B1,SULT,Mouse,Stomach,15,0.04279063800817007,0.017561660179788784,0.114026566498653
SULT2B1,SULT,Mouse,Thymus,17,0.01239781710776614,0.00852325437567718,0.043861939425110345
SULT2B1,SULT,Mouse,Thyroid,6,0.02133011049359851,0.022417554859591966,0.024569325266764416
SULT2B1,SULT,Mouse,Undefined,75,0.015416401527286516,0.0087289761207167485,0.15049431735878185
SULT2B1,SULT,Mouse,UpperIleum,133,0.35123447982363176,0.4101238358009323,1
SULT2B1,SULT,Mouse,UpperJejunum,133,0.3518982797692218,0.4101238358009323,1
UGT1A1,UGT,Human,BloodCells,76,1.2504775927895434e-4,3.629359069175706e-5,0.0016757634336770381
UGT1A1,UGT,Human,Brain,60,2.5808195516150844e-5,1.9212213556134295e-5,2.801463416065213e-4
UGT1A1,UGT,Human,Breasts,6,1.9875038272761627e-5,1.690336518362425e-5,3.354635730502825e-5
UGT1A1,UGT,Human,Caecum,24,0.10664049813444526,7.62780599762181e-4,1
UGT1A1,UGT,Human,ColonAscendens,24,0.10664049813444526,7.62780599762181e-4,1
UGT1A1,UGT,Human,ColonDescendens,24,0.10664049813444526,7.62780599762181e-4,1
UGT1A1,UGT,Human,ColonSigmoid,64,0.04003779550077343,5.690652248086821e-5,1
UGT1A1,UGT,Human,ColonTransversum,124,0.02088051764157803,2.626824087944239e-4,1
UGT1A1,UGT,Human,Duodenum,17,0.15446074812384675,0.017281281194288026,1
UGT1A1,UGT,Human,Embryo,6,2.0386751887923463e-4,8.369593588053543e-5,8.467421586530765e-4
UGT1A1,UGT,Human,Endometrium,29,7.256993989510728e-5,4.7042709997208135e-5,2.776998209573212e-4
UGT1A1,UGT,Human,Esophagus,16,7.183933307274358e-4,6.158862383568284e-4,0.0015549930112620683
UGT1A1,UGT,Human,Eye,1,1.578466375970236e-5,1.578466375970236e-5,1.578466375970236e-5
UGT1A1,UGT,Human,Fat,85,2.1612864132151386e-5,1.4744360641737517e-5,3.7737069592126617e-4
UGT1A1,UGT,Human,GallBladder,7,2.01351389495418e-4,1.8300262804714015e-4,3.526272384727511e-4
UGT1A1,UGT,Human,Gonads,244,1.0254926769404709e-4,8.119570693053662e-5,9.984673404672961e-4
UGT1A1,UGT,Human,Heart,35,1.5675261013401778e-5,8.198197829592384e-6,2.2108769692213417e-4
UGT1A1,UGT,Human,Kidney,74,0.003529027105732417,3.2555196498258384e-4,0.08217817136859365
UGT1A1,UGT,Human,LargeIntestine,170,0.015255574320599902,2.0156150387904627e-4,1
UGT1A1,UGT,Human,LowerIleum,13,0.1946606570243853,0.007628550492042548,1
UGT1A1,UGT,Human,LowerJejunum,13,0.1946606570243853,0.007628550492042548,1
UGT1A1,UGT,Human,Lung,12,3.733892218470253e-5,3.389121572401769e-5,6.247931586245607e-5
UGT1A1,UGT,Human,LymphNode,83,0.0012273367519823161,7.365453936481713e-4,0.009682859378976812
UGT1A1,UGT,Human,Muscle,36,1.7545514194034e-5,8.680041328317943e-6,1.6737200517119566e-4
UGT1A1,UGT,Human,Myometrium,4,1.937493561006296e-5,1.8146954535901695e-5,2.6671606830037777e-5
UGT1A1,UGT,Human,Pancreas,59,7.098090106684526e-5,2.830769501056978e-5,0.0010031900058688997
UGT1A1,UGT,Human,Pericentral,98,0.019672639095121392,0.007655015181524214,0.4051321918413788
UGT1A1,UGT,Human,Periportal,98,0.019672639095121392,0.007655015181524214,0.4051321918413788
UGT1A1,UGT,Human,Plasma,54,2.1189826396882803e-5,1.858311283674363e-5,4.810751424278639e-5
UGT1A1,UGT,Human,Rectum,28,0.09146359977798812,5.05108193319793e-4,1
UGT1A1,UGT,Human,SalivaryGland,39,9.435606609018335e-5,3.91245465640934e-5,5.155076871397365e-4
UGT1A1,UGT,Human,Skin,420,1.444380908431759e-4,1.2098121725373856e-4,6.560931068688412e-4
UGT1A1,UGT,Human,SmallIntestine,17,0.15446074812384675,0.017281281194288026,1
UGT1A1,UGT,Human,Spleen,11,3.826841574589685e-4,3.295890688739265e-5,0.0038374291496324786
UGT1A1,UGT,Human,Stomach,105,2.2839328461910627e-4,1.295217506864596e-4,0.0029021469484799525
UGT1A1,UGT,Human,Thyroid,72,3.977890135210459e-5,3.59180072760999e-5,9.564250002814833e-5
UGT1A1,UGT,Human,Undefined,49,4.2752110242865055e-5,2.7702473308067147e-5,2.368113596184795e-4
UGT1A1,UGT,Human,UpperIleum,13,0.1946606570243853,0.007628550492042548,1
UGT1A1,UGT,Human,UpperJejunum,13,0.1946606570243853,0.007628550492042548,1
UGT1A1,UGT,Macaque,Brain,356,5.440425079263208e-4,3.5112319771007374e-4,0.02817026834405606
UGT1A1,UGT,Macaque,Caecum,3,0.3652759936870162,0.42472413515780777,0.4413155096695479
UGT1A1,UGT,Macaque,ColonAscendens,3,0.3652759936870162,0.42472413515780777,0.4413155096695479
UGT1A1,UGT,Macaque,ColonDescendens,3,0.3652759936870162,0.42472413515780777,0.4413155096695479
UGT1A1,UGT,Macaque,ColonSigmoid,3,0.3652759936870162,0.42472413515780777,0.4413155096695479
UGT1A1,UGT,Macaque,ColonTransversum,3,0.3652759936870162,0.42472413515780777,0.4413155096695479
UGT1A1,UGT,Macaque,Eye,2,0.001768554632406575,0.001768554632406575,0.002019404913000972
UGT1A1,UGT,Macaque,Fat,1,4.9614431334018934e-5,4.9614431334018934e-5,4.9614431334018934e-5
UGT1A1,UGT,Macaque,Gonads,47,0.009620883032502955,0.006295050417579266,0.03677853987234492
UGT1A1,UGT,Macaque,Heart,37,8.009529466934972e-4,2.5099116347905787e-4,0.010205800243201233
UGT1A1,UGT,Macaque,Kidney,57,0.1364062146037922,0.1346021383579001,0.3903065249949176
UGT1A1,UGT,Macaque,LargeIntestine,3,0.3652759936870162,0.42472413515780777,0.4413155096695479
UGT1A1,UGT,Macaque,LowerIleum,1,0.00824929207948054,0.00824929207948054,0.00824929207948054
UGT1A1,UGT,Macaque,Lung,8,0.005019901187998751,0.0026930637234202697,0.01480664704801925
UGT1A1,UGT,Macaque,Muscle,8,8.636897078302522e-4,7.03871826902663e-4,0.001775138624594298
UGT1A1,UGT,Macaque,Pericentral,85,0.30472043072006916,0.26821654871882206,1
UGT1A1,UGT,Macaque,Periportal,85,0.30472043072006916,0.26821654871882206,1
UGT1A1,UGT,Macaque,Rectum,3,0.3652759936870162,0.42472413515780777,0.4413155096695479
UGT1A1,UGT,Macaque,SmallIntestine,1,0.00824929207948054,0.00824929207948054,0.00824929207948054
UGT1A1,UGT,Macaque,Spleen,3,3.7762265770251624e-4,3.4832798239920246e-4,5.4943262140947e-4
UGT1A1,UGT,Macaque,Undefined,29,0.007279761818841872,0.005830451276477147,0.021155389484528938
UGT1A1,UGT,Macaque,UpperIleum,1,0.00824929207948054,0.00824929207948054,0.00824929207948054
UGT1A1,UGT,Dog,BloodCells,1,0.001631220982709775,0.001631220982709775,0.001631220982709775
UGT1A1,UGT,Dog,Brain,4,0.002186963792288776,7.496210667001261e-4,0.006827955535749485
UGT1A1,UGT,Dog,Breasts,2,0.0015432354238278658,0.0015432354238278658,0.002581731389102676
UGT1A1,UGT,Dog,Caecum,8,0.12199330005634444,0.09226617888105966,0.41533566883290224
UGT1A1,UGT,Dog,ColonAscendens,8,0.12199330005634444,0.09226617888105966,0.41533566883290224
UGT1A1,UGT,Dog,ColonDescendens,8,0.12199330005634444,0.09226617888105966,0.41533566883290224
UGT1A1,UGT,Dog,ColonSigmoid,8,0.12199330005634444,0.09226617888105966,0.41533566883290224
UGT1A1,UGT,Dog,ColonTransversum,8,0.12199330005634444,0.09226617888105966,0.41533566883290224
UGT1A1,UGT,Dog,Duodenum,2,0.2190743448041153,0.2190743448041153,0.4326009043417161
UGT1A1,UGT,Dog,Embryo,1,0.023597519457512286,0.023597519457512286,0.023597519457512286
UGT1A1,UGT,Dog,Gonads,25,0.01592492257317694,0.01421767129225221,0.03749147279571907
UGT1A1,UGT,Dog,Heart,9,1.9188623769536128e-4,1.9500128051681018e-4,3.136042780421166e-4
UGT1A1,UGT,Dog,Kidney,13,0.0252934324004865,0.004769794637591729,0.1915272083880567
UGT1A1,UGT,Dog,LargeIntestine,8,0.12199330005634444,0.09226617888105966,0.41533566883290224
UGT1A1,UGT,Dog,LowerIleum,2,0.2190743448041153,0.2190743448041153,0.4326009043417161
UGT1A1,UGT,Dog,LowerJejunum,3,0.2606345303223121,0.34375490135870557,0.4326009043417161
UGT1A1,UGT,Dog,Lung,3,9.356259992984296e-4,8.830276528452799e-4,0.0011171172610937258
UGT1A1,UGT,Dog,Muscle,6,7.563383518036915e-4,4.1042486954064565e-4,0.001830817987737005
UGT1A1,UGT,Dog,Pancreas,3,0.0053322005248280695,0.004104219833029381,0.008726490549783836
UGT1A1,UGT,Dog,Pericentral,28,0.356249193619167,0.2996092819405793,1
UGT1A1,UGT,Dog,Periportal,28,0.356249193619167,0.2996092819405793,1
UGT1A1,UGT,Dog,Placenta,1,0.03375466199037508,0.03375466199037508,0.03375466199037508
UGT1A1,UGT,Dog,Rectum,8,0.12199330005634444,0.09226617888105966,0.41533566883290224
UGT1A1,UGT,Dog,SalivaryGland,1,6.724504355272031e-4,6.724504355272031e-4,6.724504355272031e-4
UGT1A1,UGT,Dog,Skin,18,0.013548576790128303,0.013136883683173615,0.025737758457605484
UGT1A1,UGT,Dog,SmallIntestine,3,0.2606345303223121,0.34375490135870557,0.4326009043417161
UGT1A1,UGT,Dog,Spleen,3,0.0018690389861710595,0.0011080970189302631,0.004108342396153329
UGT1A1,UGT,Dog,Stomach,1,0.002449800853755433,0.002449800853755433,0.002449800853755433
UGT1A1,UGT,Dog,Tongue,1,8.490502192006262e-4,8.490502192006262e-4,8.490502192006262e-4
UGT1A1,UGT,Dog,Undefined,1,0.0029146569185627565,0.0029146569185627565,0.0029146569185627565
UGT1A1,UGT,Dog,UpperIleum,2,0.2190743448041153,0.2190743448041153,0.4326009043417161
UGT1A1,UGT,Dog,UpperJejunum,3,0.2606345303223121,0.34375490135870557,0.4326009043417161
UGT1A1,UGT,Rat,Brain,313,0.006468983249398467,0.005219603640740513,0.01977944965966996
UGT1A1,UGT,Rat,Caecum,18,0.2886174703753651,0.26617198786188234,1
UGT1A1,UGT,Rat,ColonAscendens,18,0.2886174703753651,0.26617198786188234,1
UGT1A1,UGT,Rat,ColonDescendens,18,0.2886174703753651,0.26617198786188234,1
UGT1A1,UGT,Rat,ColonSigmoid,18,0.2886174703753651,0.26617198786188234,1
UGT1A1,UGT,Rat,ColonTransversum,18,0.2886174703753651,0.26617198786188234,1
UGT1A1,UGT,Rat,Duodenum,3,0.47732329074235447,0.4581195988433369,0.6282315100397512
UGT1A1,UGT,Rat,Esophagus,3,0.07742986987829087,0.06639448874247475,0.11037304316537194
UGT1A1,UGT,Rat,Eye,4,0.001808104054142494,0.0017406788001608103,0.0020382729114951747
UGT1A1,UGT,Rat,Fat,7,0.06640072268752988,0.07399338204851527,0.12377488505217404
UGT1A1,UGT,Rat,Gonads,100,0.040058222835331954,0.027587167214837793,0.23274315066682935
UGT1A1,UGT,Rat,Heart,110,0.006163310910936549,0.005234465052974117,0.017497886600806176
UGT1A1,UGT,Rat,Kidney,104,0.13794589473153843,0.08944543146429672,0.5354501041759918
UGT1A1,UGT,Rat,LargeIntestine,18,0.2886174703753651,0.26617198786188234,1
UGT1A1,UGT,Rat,LowerIleum,3,0.15696678466095895,0.1417887981980074,0.26578870679551964
UGT1A1,UGT,Rat,LowerJejunum,3,0.42386814227784114,0.5155291518668826,0.5691852918108323
UGT1A1,UGT,Rat,Lung,42,0.07407573260265299,0.07162655378483462,0.24597816144920104
UGT1A1,UGT,Rat,Muscle,164,0.003661357091262314,0.0024056293743105212,0.022213055556431105
UGT1A1,UGT,Rat,Myometrium,16,0.39952390797409854,0.47967026835214743,0.6461874363000792
UGT1A1,UGT,Rat,Pancreas,3,0.0345485902304247,0.03195268243386455,0.04859750618797784
UGT1A1,UGT,Rat,Pericentral,145,0.2743705422550782,0.237257373300863,0.8828895069553171
UGT1A1,UGT,Rat,Periportal,145,0.2743705422550782,0.237257373300863,0.8828895069553171
UGT1A1,UGT,Rat,Rectum,18,0.2886174703753651,0.26617198786188234,1
UGT1A1,UGT,Rat,Skin,8,0.054065689481536006,0.04784615865485481,0.08641351663563528
UGT1A1,UGT,Rat,SmallIntestine,9,0.3527194058937182,0.3456187633439753,0.6282315100397512
UGT1A1,UGT,Rat,Spleen,42,0.13415836429648778,0.13489926976072703,0.20799932665087204
UGT1A1,UGT,Rat,Stomach,3,0.1708690423704981,0.18414323425351697,0.1879320894307029
UGT1A1,UGT,Rat,Thymus,35,0.048222117261690074,0.04247724137139377,0.10884901223501829
UGT1A1,UGT,Rat,Thyroid,6,0.007056386896359595,0.006315520930212608,0.013553070986945965
UGT1A1,UGT,Rat,Undefined,14,0.04949679966856187,0.058491976338622714,0.09747184792095494
UGT1A1,UGT,Rat,UpperIleum,3,0.15696678466095895,0.1417887981980074,0.26578870679551964
UGT1A1,UGT,Rat,UpperJejunum,3,0.42386814227784114,0.5155291518668826,0.5691852918108323
UGT1A1,UGT,Mouse,BloodCells,18,0.005612982514370623,0.006045855832753837,0.012152244992110891
UGT1A1,UGT,Mouse,Bone,156,0.021226358988257067,0.016472092581736087,0.11918973404464286
UGT1A1,UGT,Mouse,Brain,76,0.004844597174019115,0.003775482141639098,0.030677120746076328
UGT1A1,UGT,Mouse,Breasts,2,0.0021121110803014316,0.0021121110803014316,0.002670383746334949
UGT1A1,UGT,Mouse,Caecum,25,0.14395704079874372,0.08887058852476906,0.6318700540048058
UGT1A1,UGT,Mouse,ColonAscendens,25,0.14395704079874372,0.08887058852476906,0.6318700540048058
UGT1A1,UGT,Mouse,ColonDescendens,25,0.14395704079874372,0.08887058852476906,0.6318700540048058
UGT1A1,UGT,Mouse,ColonSigmoid,27,0.134426029262305,0.08783132970840653,0.6318700540048058
UGT1A1,UGT,Mouse,ColonTransversum,25,0.14395704079874372,0.08887058852476906,0.6318700540048058
UGT1A1,UGT,Mouse,Duodenum,131,0.5008136697398511,0.5853489706543749,0.730534702972969
UGT1A1,UGT,Mouse,Embryo,23,0.01203254612061065,0.004205024396325788,0.0926715575722958
UGT1A1,UGT,Mouse,Esophagus,3,0.014797791341523706,0.01346093428076053,0.02290372423631246
UGT1A1,UGT,Mouse,Fat,194,0.010265165144240123,0.005656336072822872,0.15309499893384562
UGT1A1,UGT,Mouse,Gonads,156,0.004394248028961166,0.003542466446577836,0.02059721313188141
UGT1A1,UGT,Mouse,Heart,73,0.0019101900071352932,0.0014466699441187528,0.0062497695693481585
UGT1A1,UGT,Mouse,Kidney,209,0.006387820156535922,0.0038429206157444117,0.09277605485272102
UGT1A1,UGT,Mouse,LargeIntestine,27,0.134426029262305,0.08783132970840653,0.6318700540048058
UGT1A1,UGT,Mouse,LowerIleum,127,0.5109258689543856,0.5868026665850405,0.730534702972969
UGT1A1,UGT,Mouse,LowerJejunum,127,0.5139796257731073,0.5868026665850405,0.730534702972969
UGT1A1,UGT,Mouse,Lung,116,0.01134306770730975,0.006268304687818261,0.24845514184310796
UGT1A1,UGT,Mouse,Muscle,79,0.0016731668527148144,6.99791359379303e-4,0.05135726979265126
UGT1A1,UGT,Mouse,Myometrium,2,0.0083188944085906,0.0083188944085906,0.009890036154027103
UGT1A1,UGT,Mouse,Pancreas,19,0.011565757906313588,0.010603581904381041,0.037371519169207584
UGT1A1,UGT,Mouse,Pericentral,304,0.318684387127911,0.29574929887681206,1
UGT1A1,UGT,Mouse,Periportal,304,0.318684387127911,0.29574929887681206,1
UGT1A1,UGT,Mouse,Placenta,5,0.0014559900748407875,0.0010894455724570643,0.0025783011317453463
UGT1A1,UGT,Mouse,Plasma,1,0.0011472913410553304,0.0011472913410553304,0.0011472913410553304
UGT1A1,UGT,Mouse,Rectum,25,0.14395704079874372,0.08887058852476906,0.6318700540048058
UGT1A1,UGT,Mouse,Skin,165,0.07429843195444653,0.07736213005900379,0.23648661383256397
UGT1A1,UGT,Mouse,SmallIntestine,137,0.48491412421392704,0.5750225519442823,0.730534702972969
UGT1A1,UGT,Mouse,Spleen,66,0.008814673080436123,0.006105704150148357,0.0731372667532454
UGT1A1,UGT,Mouse,Stomach,14,0.011605788343050505,0.005090857522239207,0.03639695078017121
UGT1A1,UGT,Mouse,Thymus,13,0.0019209281415610683,0.0015625940877737091,0.004486432055255466
UGT1A1,UGT,Mouse,Undefined,25,0.003706550537176714,0.0014691405569783264,0.023723303792306027
UGT1A1,UGT,Mouse,UpperIleum,127,0.5109258689543856,0.5868026665850405,0.730534702972969
UGT1A1,UGT,Mouse,UpperJejunum,127,0.5139796257731073,0.5868026665850405,0.730534702972969
UGT1A4,UGT,Human,BloodCells,55,8.015566967300954e-5,5.584848779268725e-5,3.7050837902319344e-4
UGT1A4,UGT,Human,Brain,12,2.113509324904086e-5,1.6086163740603607e-5,6.761772130576497e-5
UGT1A4,UGT,Human,Breasts,1,6.341990591556692e-5,6.341990591556692e-5,6.341990591556692e-5
UGT1A4,UGT,Human,Caecum,21,0.01617919078823196,0.005200943679832888,0.11582388671355758
UGT1A4,UGT,Human,ColonAscendens,21,0.01617919078823196,0.005200943679832888,0.11582388671355758
UGT1A4,UGT,Human,ColonDescendens,21,0.01617919078823196,0.005200943679832888,0.11582388671355758
UGT1A4,UGT,Human,ColonSigmoid,38,0.008960109734586653,6.454750259219321e-5,0.11582388671355758
UGT1A4,UGT,Human,ColonTransversum,112,0.0030969409198689617,7.884556907854852e-5,0.11582388671355758
UGT1A4,UGT,Human,Duodenum,16,0.01898008152967852,0.0020473825441616514,0.11582388671355758
UGT1A4,UGT,Human,Embryo,4,6.955101418828492e-5,6.883858465428232e-5,1.2850096869082778e-4
UGT1A4,UGT,Human,Endometrium,4,6.431077017016556e-5,3.217233530765105e-5,1.693953997290578e-4
UGT1A4,UGT,Human,Esophagus,13,9.675819647613973e-4,7.818075050831229e-4,0.0019072729391193231
UGT1A4,UGT,Human,Eye,1,3.5648369580841396e-5,3.5648369580841396e-5,3.5648369580841396e-5
UGT1A4,UGT,Human,Fat,36,3.232434157428531e-5,2.5651405782287995e-5,1.5773945999729682e-4
UGT1A4,UGT,Human,GallBladder,7,6.774500060943772e-4,4.935077804245399e-4,0.0017399011518307306
UGT1A4,UGT,Human,Gonads,184,1.5225370627647056e-4,1.2918175610036263e-4,7.172768610765707e-4
UGT1A4,UGT,Human,Heart,14,3.162555286373383e-5,8.971804553776775e-6,3.1103234537413997e-4
UGT1A4,UGT,Human,Kidney,56,0.002670899026161442,1.987151643066925e-4,0.06439976843710266
UGT1A4,UGT,Human,LargeIntestine,131,0.002653673323880586,6.8368183418577e-5,0.11582388671355758
UGT1A4,UGT,Human,LowerIleum,12,0.02449907793543717,0.0017824460564903502,0.11582388671355758
UGT1A4,UGT,Human,LowerJejunum,12,0.02449907793543717,0.0017824460564903502,0.11582388671355758
UGT1A4,UGT,Human,Lung,1,4.5685042728921266e-5,4.5685042728921266e-5,4.5685042728921266e-5
UGT1A4,UGT,Human,LymphNode,65,3.221431280791874e-4,1.5247291619441383e-4,0.003124116219476482
UGT1A4,UGT,Human,Muscle,15,1.1798061963342138e-5,9.824544731671137e-6,2.465460678984707e-5
UGT1A4,UGT,Human,Myometrium,3,5.1107635601489427e-5,4.19638838620356e-5,8.568992237381831e-5
UGT1A4,UGT,Human,Pancreas,15,3.275186630041086e-5,3.018272013496072e-5,7.364079731405069e-5
UGT1A4,UGT,Human,Pericentral,95,0.033451022847723694,0.008193654902518813,1
UGT1A4,UGT,Human,Periportal,95,0.033451022847723694,0.008193654902518813,1
UGT1A4,UGT,Human,Plasma,13,2.179090468445804e-5,1.8107873224093706e-5,3.7638047758958234e-5
UGT1A4,UGT,Human,Rectum,23,0.014769047377824798,1.2521136546314002e-4,0.11582388671355758
UGT1A4,UGT,Human,SalivaryGland,18,5.8107058952784526e-5,4.601438953671653e-5,1.4978174570426657e-4
UGT1A4,UGT,Human,Skin,377,1.2331113392369486e-4,9.818161325235657e-5,9.934964287083674e-4
UGT1A4,UGT,Human,SmallIntestine,16,0.01898008152967852,0.0020473825441616514,0.11582388671355758
UGT1A4,UGT,Human,Spleen,1,0.0028767948055354,0.0028767948055354,0.0028767948055354
UGT1A4,UGT,Human,Stomach,81,5.689166913186357e-5,3.819808148840209e-5,6.017867373544707e-4
UGT1A4,UGT,Human,Thyroid,15,4.458329872086583e-5,3.644980025116349e-5,8.323768503512725e-5
UGT1A4,UGT,Human,Undefined,20,6.156264396847554e-5,4.694519932969198e-5,1.572176398904093e-4
UGT1A4,UGT,Human,UpperIleum,12,0.02449907793543717,0.0017824460564903502,0.11582388671355758
UGT1A4,UGT,Human,UpperJejunum,12,0.02449907793543717,0.0017824460564903502,0.11582388671355758
UGT1A4,UGT,Mouse,BloodCells,8,0.005381816707155151,0.00546728416165861,0.008191955347834259
UGT1A4,UGT,Mouse,Bone,20,0.01025761333881762,0.010137758459649746,0.02093420258061575
UGT1A4,UGT,Mouse,Brain,1,0.003362957974840794,0.003362957974840794,0.003362957974840794
UGT1A4,UGT,Mouse,Breasts,1,7.428813700941871e-4,7.428813700941871e-4,7.428813700941871e-4
UGT1A4,UGT,Mouse,Caecum,9,0.0013439084299407052,9.77176722985161e-4,0.002827312898658441
UGT1A4,UGT,Mouse,ColonAscendens,9,0.0013439084299407052,9.77176722985161e-4,0.002827312898658441
UGT1A4,UGT,Mouse,ColonDescendens,9,0.0013439084299407052,9.77176722985161e-4,0.002827312898658441
UGT1A4,UGT,Mouse,ColonSigmoid,11,0.0011761544325837473,8.324198086172475e-4,0.002827312898658441
UGT1A4,UGT,Mouse,ColonTransversum,9,0.0013439084299407052,9.77176722985161e-4,0.002827312898658441
UGT1A4,UGT,Mouse,Duodenum,113,0.00790414474148021,0.007193370331506802,0.03183863184272438
UGT1A4,UGT,Mouse,Embryo,6,0.0015803275598094224,0.0014885428157677182,0.0027343993987127345
UGT1A4,UGT,Mouse,Esophagus,1,0.0019823126539915002,0.0019823126539915002,0.0019823126539915002
UGT1A4,UGT,Mouse,Fat,96,0.004580386062565028,0.003766223463835868,0.03202804297594762
UGT1A4,UGT,Mouse,Gonads,81,0.0048598487133923295,0.004576292769550799,0.011400290172483507
UGT1A4,UGT,Mouse,Heart,1,0.0010241643303549163,0.0010241643303549163,0.0010241643303549163
UGT1A4,UGT,Mouse,Kidney,103,0.0023737797993306016,0.0016829522820338862,0.016186856034931595
UGT1A4,UGT,Mouse,LargeIntestine,11,0.0011761544325837473,8.324198086172475e-4,0.002827312898658441
UGT1A4,UGT,Mouse,LowerIleum,110,0.008069586615271962,0.007278205879363935,0.03183863184272438
UGT1A4,UGT,Mouse,LowerJejunum,110,0.008069934201373911,0.007278205879363935,0.03183863184272438
UGT1A4,UGT,Mouse,Lung,43,0.009967102371216157,0.005904240321973781,0.06123056294630434
UGT1A4,UGT,Mouse,Muscle,25,6.785700120886251e-4,6.170420622615274e-4,0.002125701561848073
UGT1A4,UGT,Mouse,Myometrium,2,0.014479659112448855,0.014479659112448855,0.015652371302600877
UGT1A4,UGT,Mouse,Pancreas,7,0.047168381796919207,0.006228153323529424,0.2645339096199174
UGT1A4,UGT,Mouse,Pericentral,266,0.14255116580739702,0.0715502292602709,1
UGT1A4,UGT,Mouse,Periportal,266,0.14255116580739702,0.0715502292602709,1
UGT1A4,UGT,Mouse,Placenta,3,0.0013029090505687689,0.0011354067461509043,0.0023357027859555986
UGT1A4,UGT,Mouse,Plasma,1,6.582808273161642e-4,6.582808273161642e-4,6.582808273161642e-4
UGT1A4,UGT,Mouse,Rectum,9,0.0013439084299407052,9.77176722985161e-4,0.002827312898658441
UGT1A4,UGT,Mouse,Skin,36,0.0023955186177871853,0.0014993178689349596,0.006471202076205292
UGT1A4,UGT,Mouse,SmallIntestine,115,0.007778016950340346,0.007157710644544398,0.03183863184272438
UGT1A4,UGT,Mouse,Spleen,10,0.008456919672517733,0.0071032480993622055,0.01792600063999623
UGT1A4,UGT,Mouse,Stomach,3,0.0013093804771500948,0.001408036567350226,0.0018855829466643125
UGT1A4,UGT,Mouse,Thymus,2,0.00433468612357988,0.00433468612357988,0.005679102549830817
UGT1A4,UGT,Mouse,UpperIleum,110,0.008069586615271962,0.007278205879363935,0.03183863184272438
UGT1A4,UGT,Mouse,UpperJejunum,110,0.008069934201373911,0.007278205879363935,0.03183863184272438
UGT1A6,UGT,Human,BloodCells,72,1.421861975115531e-4,4.9298442383521526e-5,0.004483395008928475
UGT1A6,UGT,Human,Bone,3,0.0014003112868320546,0.0013081326455587155,0.0019284404915249163
UGT1A6,UGT,Human,Brain,68,1.8972697439744375e-5,1.0975760069966576e-5,1.7164420633219142e-4
UGT1A6,UGT,Human,Breasts,5,6.816184174409358e-5,2.3232612950928282e-5,2.3533322672879457e-4
UGT1A6,UGT,Human,Caecum,30,0.015478951866826303,6.390763032223124e-4,0.16777223943184438
UGT1A6,UGT,Human,ColonAscendens,30,0.015478951866826303,6.390763032223124e-4,0.16777223943184438
UGT1A6,UGT,Human,ColonDescendens,30,0.015478951866826303,6.390763032223124e-4,0.16777223943184438
UGT1A6,UGT,Human,ColonSigmoid,57,0.008208471337406948,1.9393643305253878e-4,0.16777223943184438
UGT1A6,UGT,Human,ColonTransversum,133,0.0037963390200058647,3.9615803094101383e-4,0.16777223943184438
UGT1A6,UGT,Human,Duodenum,17,0.026474395435633374,8.720031807182485e-4,0.16777223943184438
UGT1A6,UGT,Human,Embryo,8,0.0011352754369739436,1.940292640280168e-4,0.00533741842217681
UGT1A6,UGT,Human,Endometrium,49,7.973038512935435e-4,1.1566117661829852e-4,0.006672611746008616
UGT1A6,UGT,Human,Esophagus,18,0.00475941163609393,0.004644793393763233,0.009295587467969196
UGT1A6,UGT,Human,Eye,8,4.234958611145084e-5,2.6289036688416436e-5,1.1306586194863255e-4
UGT1A6,UGT,Human,Fat,155,5.458214209922802e-5,2.263934910578243e-5,0.003561101988941183
UGT1A6,UGT,Human,GallBladder,7,0.0011231358001452816,0.0012760043723974816,0.002231485517568345
UGT1A6,UGT,Human,Gonads,315,7.488051257366488e-4,5.981885202443744e-4,0.005666360573135011
UGT1A6,UGT,Human,Heart,57,1.1878026597029772e-5,7.1970913511561215e-6,1.0948592053603753e-4
UGT1A6,UGT,Human,Kidney,95,0.02105950553954108,0.001904562773880486,1
UGT1A6,UGT,Human,LargeIntestine,167,0.003057874365438653,3.5553647058509286e-4,0.16777223943184438
UGT1A6,UGT,Human,LowerIleum,13,0.03435617215559141,8.257021190367363e-4,0.16777223943184438
UGT1A6,UGT,Human,LowerJejunum,13,0.03435617215559141,8.257021190367363e-4,0.16777223943184438
UGT1A6,UGT,Human,Lung,33,1.9735671014062449e-4,1.2061557493155138e-4,8.240497125899559e-4
UGT1A6,UGT,Human,LymphNode,77,7.453876259090916e-4,3.786768882493015e-4,0.0111476249090521
UGT1A6,UGT,Human,Muscle,51,1.4441558788741062e-5,8.247515259364968e-6,1.3348835560824974e-4
UGT1A6,UGT,Human,Myometrium,4,2.5232797949333872e-5,2.0465574637785714e-5,4.091523474374797e-5
UGT1A6,UGT,Human,Pancreas,89,4.95779268566504e-4,2.1605036890089322e-4,0.002990878926922601
UGT1A6,UGT,Human,Pericentral,100,0.008576315425530778,0.0027565364602083866,0.209172400335714
UGT1A6,UGT,Human,Periportal,100,0.008576315425530778,0.0027565364602083866,0.209172400335714
UGT1A6,UGT,Human,Placenta,4,3.706729964004127e-5,3.903705966223071e-5,5.2935506999876226e-5
UGT1A6,UGT,Human,Plasma,53,2.4096028048379975e-5,1.9225786763501458e-5,1.2817283604097738e-4
UGT1A6,UGT,Human,Rectum,30,0.015442881310206205,6.390763032223124e-4,0.16777223943184438
UGT1A6,UGT,Human,SalivaryGland,51,5.912923788381048e-4,2.0476549429985025e-4,0.0033635078223168114
UGT1A6,UGT,Human,Skin,436,0.0015722504645367035,0.0013735373450326428,0.010067754784628718
UGT1A6,UGT,Human,SmallIntestine,17,0.026474395435633374,8.720031807182485e-4,0.16777223943184438
UGT1A6,UGT,Human,Spleen,13,1.6485091641472521e-4,3.6197030188204996e-5,0.0016346494512840962
UGT1A6,UGT,Human,Stomach,121,0.002063290271010951,0.0013604161217706963,0.017325244529393238
UGT1A6,UGT,Human,Thyroid,110,1.5866065404683278e-4,8.752054486173803e-5,8.859452718355113e-4
UGT1A6,UGT,Human,Undefined,52,5.209960022013244e-4,4.266888541438403e-5,0.0031363206240398516
UGT1A6,UGT,Human,UpperIleum,13,0.03435617215559141,8.257021190367363e-4,0.16777223943184438
UGT1A6,UGT,Human,UpperJejunum,13,0.03435617215559141,8.257021190367363e-4,0.16777223943184438
UGT1A6,UGT,Mouse,BloodCells,37,0.013653549228101993,0.009014846082231782,0.04938688260103556
UGT1A6,UGT,Mouse,Bone,213,0.09337780543563307,0.07389505239103974,0.45201611215835885
UGT1A6,UGT,Mouse,Brain,356,0.015580258607406416,0.012301537496924744,0.17461266840479506
UGT1A6,UGT,Mouse,Breasts,2,0.17812340236563806,0.17812340236563806,0.1932164588445029
UGT1A6,UGT,Mouse,Caecum,34,0.14617905071070772,0.045288581005668876,0.7805428941531828
UGT1A6,UGT,Mouse,ColonAscendens,34,0.14617905071070772,0.045288581005668876,0.7805428941531828
UGT1A6,UGT,Mouse,ColonDescendens,34,0.14617905071070772,0.045288581005668876,0.7805428941531828
UGT1A6,UGT,Mouse,ColonSigmoid,36,0.14384374696446506,0.045288581005668876,0.7805428941531828
UGT1A6,UGT,Mouse,ColonTransversum,34,0.14617905071070772,0.045288581005668876,0.7805428941531828
UGT1A6,UGT,Mouse,Duodenum,134,0.16446474600006203,0.17034129939873094,0.47235081643924803
UGT1A6,UGT,Mouse,Embryo,54,0.024044740763970878,0.01046058575104265,0.10341244091426538
UGT1A6,UGT,Mouse,Esophagus,3,0.21913569484238815,0.23095721356121418,0.2567751663493778
UGT1A6,UGT,Mouse,Eye,7,0.005840389888285097,0.005157889212205467,0.014345375257724348
UGT1A6,UGT,Mouse,Fat,232,0.24907848044105524,0.23596043079111778,0.6693482104742392
UGT1A6,UGT,Mouse,Gonads,228,0.2565940543949329,0.2941726447421542,0.6420990035434544
UGT1A6,UGT,Mouse,Heart,215,0.006605976971389759,0.005317828479159519,0.035569744369845634
UGT1A6,UGT,Mouse,Kidney,226,0.051197651771572456,0.058154919349820845,0.11989365279140007
UGT1A6,UGT,Mouse,LargeIntestine,36,0.14384374696446506,0.045288581005668876,0.7805428941531828
UGT1A6,UGT,Mouse,LowerIleum,130,0.1596210827172109,0.16880666319611692,0.3523090294748981
UGT1A6,UGT,Mouse,LowerJejunum,130,0.15935720022664196,0.16880666319611692,0.3523090294748981
UGT1A6,UGT,Mouse,Lung,159,0.36382349205304737,0.35817188517538767,0.6924027259968943
UGT1A6,UGT,Mouse,Muscle,203,0.003107550884506692,0.0016670299052518418,0.07327476534162358
UGT1A6,UGT,Mouse,Myometrium,2,0.17700618532909235,0.17700618532909235,0.178002630895506
UGT1A6,UGT,Mouse,Pancreas,84,0.0903692399279878,0.05709285681047174,0.30651241399483176
UGT1A6,UGT,Mouse,Pericentral,322,0.2588045473723122,0.21124509266208163,1
UGT1A6,UGT,Mouse,Periportal,322,0.2588045473723122,0.21124509266208163,1
UGT1A6,UGT,Mouse,Placenta,8,0.031092305421505328,0.011687336294596389,0.10818468197843199
UGT1A6,UGT,Mouse,Plasma,10,0.02585548222279952,0.025120590658504572,0.03429457171381294
UGT1A6,UGT,Mouse,Rectum,34,0.14617905071070772,0.045288581005668876,0.7805428941531828
UGT1A6,UGT,Mouse,Skin,240,0.0714007326105022,0.06066985103225456,0.32255321478501353
UGT1A6,UGT,Mouse,SmallIntestine,140,0.15937723389333852,0.16512828075268393,0.47235081643924803
UGT1A6,UGT,Mouse,Spleen,122,0.034664344644857584,0.02242692027518084,0.5873545881703682
UGT1A6,UGT,Mouse,Stomach,15,0.1969712267523013,0.18038847900274277,0.30729554391244307
UGT1A6,UGT,Mouse,Thymus,15,0.021569605309871433,0.02240538669052414,0.0405943033336046
UGT1A6,UGT,Mouse,Thyroid,6,0.014953661506874974,0.014176687496270478,0.02141754972308867
UGT1A6,UGT,Mouse,Undefined,49,0.07805536824507703,0.037756851294810975,0.35010191026573595
UGT1A6,UGT,Mouse,UpperIleum,130,0.1596210827172109,0.16880666319611692,0.3523090294748981
UGT1A6,UGT,Mouse,UpperJejunum,130,0.15935720022664196,0.16880666319611692,0.3523090294748981
UGT1A9,UGT,Human,BloodCells,16,3.3829774911310905e-5,9.257212642469364e-6,1.8768451777762655e-4
UGT1A9,UGT,Human,Brain,17,1.2752379751205351e-5,7.885468363040129e-6,5.6708731826463057e-5
UGT1A9,UGT,Human,Caecum,22,0.004469834599349756,6.176781594174481e-5,0.03398534087699531
UGT1A9,UGT,Human,ColonAscendens,22,0.004469834599349756,6.176781594174481e-5,0.03398534087699531
UGT1A9,UGT,Human,ColonDescendens,22,0.004469834599349756,6.176781594174481e-5,0.03398534087699531
UGT1A9,UGT,Human,ColonSigmoid,41,0.0024122666330085984,1.7438720298997058e-5,0.03398534087699531
UGT1A9,UGT,Human,ColonTransversum,119,8.785714251748958e-4,6.215667367033817e-5,0.03398534087699531
UGT1A9,UGT,Human,Duodenum,8,0.012166818320491235,7.775835034741198e-5,0.03398534087699531
UGT1A9,UGT,Human,Embryo,3,0.0016415266296472427,7.330277609587445e-5,0.004799263668300603
UGT1A9,UGT,Human,Endometrium,1,1.6651817495118014e-5,1.6651817495118014e-5,1.6651817495118014e-5
UGT1A9,UGT,Human,Esophagus,5,6.842615095482416e-5,8.034783965149923e-6,1.7698706452059517e-4
UGT1A9,UGT,Human,Fat,22,1.3570850752665924e-5,5.801379786755531e-6,8.788488535180844e-5
UGT1A9,UGT,Human,GallBladder,3,7.543575858306866e-6,7.295966835090684e-6,8.066001147771843e-6
UGT1A9,UGT,Human,Gonads,45,3.48887231800202e-5,1.4230604881524295e-5,2.248125477979705e-4
UGT1A9,UGT,Human,Heart,11,6.096392934305988e-6,1.901493343671368e-6,3.5283052893065166e-5
UGT1A9,UGT,Human,Kidney,84,0.025496465407064926,0.0040258010031756185,1
UGT1A9,UGT,Human,LargeIntestine,141,7.452300016779674e-4,5.0190857467890514e-5,0.03398534087699531
UGT1A9,UGT,Human,LowerIleum,6,0.016218086095402446,0.01502028269554424,0.03398534087699531
UGT1A9,UGT,Human,LowerJejunum,6,0.016218086095402446,0.01502028269554424,0.03398534087699531
UGT1A9,UGT,Human,Lung,4,2.1660124123201764e-5,1.2688640018938537e-5,5.6284415564224733e-5
UGT1A9,UGT,Human,LymphNode,60,3.1445535733007505e-5,2.5421360791845638e-5,1.6083020033099386e-4
UGT1A9,UGT,Human,Muscle,11,3.2786621670820937e-6,2.8458595358306534e-6,1.0500344539364488e-5
UGT1A9,UGT,Human,Pancreas,16,8.541404952826114e-6,7.706184337807592e-6,1.921118286890852e-5
UGT1A9,UGT,Human,Pericentral,94,0.004143363581502322,0.0011600137647583908,0.09155673056294412
UGT1A9,UGT,Human,Periportal,94,0.004143363581502322,0.0011600137647583908,0.09155673056294412
UGT1A9,UGT,Human,Plasma,10,1.1071860755096498e-5,6.809947033779457e-6,3.32635171489501e-5
UGT1A9,UGT,Human,Rectum,26,0.0037845370122034086,2.2598786896442225e-5,0.03398534087699531
UGT1A9,UGT,Human,SalivaryGland,11,1.1523521269059702e-5,7.963158531777995e-6,2.727553380850861e-5
UGT1A9,UGT,Human,Skin,63,1.7448457418762928e-5,1.0455610472829344e-5,2.177730639579492e-4
UGT1A9,UGT,Human,SmallIntestine,8,0.012166818320491235,7.775835034741198e-5,0.03398534087699531
UGT1A9,UGT,Human,Spleen,5,1.0090771193777143e-4,1.4880294004698823e-5,4.4117498105144653e-4
UGT1A9,UGT,Human,Stomach,62,1.5087436339232532e-5,6.514597506474923e-6,1.0424315873725472e-4
UGT1A9,UGT,Human,Thyroid,10,9.495394213382305e-6,8.75716695959487e-6,1.7304617443727615e-5
UGT1A9,UGT,Human,Undefined,16,1.2611346257001007e-5,8.067752272580333e-6,3.3560281442379985e-5
UGT1A9,UGT,Human,UpperIleum,6,0.016218086095402446,0.01502028269554424,0.03398534087699531
UGT1A9,UGT,Human,UpperJejunum,6,0.016218086095402446,0.01502028269554424,0.03398534087699531
UGT1A9,UGT,Mouse,BloodCells,8,0.023037804628458253,0.018856585491876465,0.05794700808214426
UGT1A9,UGT,Mouse,Bone,2,0.02310356406532712,0.02310356406532712,0.02350064590306612
UGT1A9,UGT,Mouse,Brain,4,0.00427232916098074,0.003955874300866842,0.006277120585737116
UGT1A9,UGT,Mouse,Caecum,2,0.05908574868967424,0.05908574868967424,0.11044299055017844
UGT1A9,UGT,Mouse,ColonAscendens,2,0.05908574868967424,0.05908574868967424,0.11044299055017844
UGT1A9,UGT,Mouse,ColonDescendens,2,0.05908574868967424,0.05908574868967424,0.11044299055017844
UGT1A9,UGT,Mouse,ColonSigmoid,2,0.05908574868967424,0.05908574868967424,0.11044299055017844
UGT1A9,UGT,Mouse,ColonTransversum,2,0.05908574868967424,0.05908574868967424,0.11044299055017844
UGT1A9,UGT,Mouse,Duodenum,66,0.01785051528419885,0.01104442807479655,0.21184348525565047
UGT1A9,UGT,Mouse,Embryo,1,0.003660334602344399,0.003660334602344399,0.003660334602344399
UGT1A9,UGT,Mouse,Fat,26,0.015644632758750533,0.015700526764972467,0.04184319139979638
UGT1A9,UGT,Mouse,Gonads,30,0.01427756754234273,0.00955837877293974,0.043064357189709614
UGT1A9,UGT,Mouse,Heart,7,0.009156368957704107,0.008852686067774791,0.019442774251360692
UGT1A9,UGT,Mouse,Kidney,78,0.019745820653161203,0.004988561677405786,0.8859324937391445
UGT1A9,UGT,Mouse,LargeIntestine,2,0.05908574868967424,0.05908574868967424,0.11044299055017844
UGT1A9,UGT,Mouse,LowerIleum,65,0.0180482160511234,0.011165319357959206,0.21184348525565047
UGT1A9,UGT,Mouse,LowerJejunum,65,0.018116239048505563,0.011165319357959206,0.21184348525565047
UGT1A9,UGT,Mouse,Lung,8,0.03652669049881275,0.040637997665527684,0.04271991258579692
UGT1A9,UGT,Mouse,Muscle,7,0.0052678063312953825,0.0017602122630120086,0.02219852245912742
UGT1A9,UGT,Mouse,Myometrium,2,0.024686491482849352,0.024686491482849352,0.025580261270701614
UGT1A9,UGT,Mouse,Pancreas,1,0.01643157534616827,0.01643157534616827,0.01643157534616827
UGT1A9,UGT,Mouse,Pericentral,149,0.031392267434632984,0.006556614290653394,1
UGT1A9,UGT,Mouse,Periportal,149,0.031392267434632984,0.006556614290653394,1
UGT1A9,UGT,Mouse,Placenta,1,0.0034387261991794264,0.0034387261991794264,0.0034387261991794264
UGT1A9,UGT,Mouse,Rectum,2,0.05908574868967424,0.05908574868967424,0.11044299055017844
UGT1A9,UGT,Mouse,Skin,9,0.0035338951665936035,0.001988173658756246,0.009015893885618794
UGT1A9,UGT,Mouse,SmallIntestine,68,0.017480351082550444,0.010641734022029864,0.21184348525565047
UGT1A9,UGT,Mouse,Spleen,7,0.025171124150524516,0.0212382252041601,0.040167469880769295
UGT1A9,UGT,Mouse,Undefined,7,0.008712909380424917,0.003361569229813818,0.03665857342137209
UGT1A9,UGT,Mouse,UpperIleum,65,0.0180482160511234,0.011165319357959206,0.21184348525565047
UGT1A9,UGT,Mouse,UpperJejunum,65,0.018116239048505563,0.011165319357959206,0.21184348525565047
UGT2B7,UGT,Human,BloodCells,99,2.4237386825273638e-5,8.937859595732347e-6,2.189159252808912e-4
UGT2B7,UGT,Human,Brain,87,5.738203000344975e-6,3.02634731535673e-6,6.512731303657033e-5
UGT2B7,UGT,Human,Breasts,21,4.015786649038029e-5,2.0209073066324925e-5,1.558932410517227e-4
UGT2B7,UGT,Human,Caecum,32,0.02399317397797457,1.5149617925147693e-4,0.30059567126194836
UGT2B7,UGT,Human,Cartilage,2,7.79340829898177e-5,7.79340829898177e-5,9.216437923954979e-5
UGT2B7,UGT,Human,ColonAscendens,32,0.02399317397797457,1.5149617925147693e-4,0.30059567126194836
UGT2B7,UGT,Human,ColonDescendens,32,0.02399317397797457,1.5149617925147693e-4,0.30059567126194836
UGT2B7,UGT,Human,ColonSigmoid,61,0.01259473806499898,5.729662525011072e-5,0.30059567126194836
UGT2B7,UGT,Human,ColonTransversum,135,0.005713279393884297,3.48555937966903e-5,0.30059567126194836
UGT2B7,UGT,Human,Duodenum,22,0.03476975972943496,0.0011492445730122399,0.30059567126194836
UGT2B7,UGT,Human,Embryo,4,0.001045535116787635,7.69977742021891e-4,0.002635913484252351
UGT2B7,UGT,Human,Endometrium,88,6.731327137498946e-4,2.3561514232246902e-4,0.005072031606497252
UGT2B7,UGT,Human,Esophagus,3,1.4064464465798954e-5,1.786611299248595e-5,1.8813969542046227e-5
UGT2B7,UGT,Human,Eye,10,1.8857750525789096e-5,1.6174015186233657e-5,3.601963540567985e-5
UGT2B7,UGT,Human,Fat,66,4.941298316921617e-6,3.1884663271856844e-6,4.4470331969524555e-5
UGT2B7,UGT,Human,GallBladder,7,4.415435966029818e-4,5.024143186372219e-4,5.998767090673343e-4
UGT2B7,UGT,Human,Gonads,141,2.3662204287542692e-4,1.8560416430539976e-5,0.003512688055218791
UGT2B7,UGT,Human,Heart,45,2.6505264422928606e-5,1.4476537552689058e-6,9.928801687726198e-4
UGT2B7,UGT,Human,Kidney,105,0.02556096268863835,0.0014265203995092678,1
UGT2B7,UGT,Human,LargeIntestine,173,0.004466757206228945,3.2259204159223324e-5,0.30059567126194836
UGT2B7,UGT,Human,LowerIleum,18,0.04216464950720576,0.0010137111771508335,0.30059567126194836
UGT2B7,UGT,Human,LowerJejunum,18,0.04216464950720576,0.0010137111771508335,0.30059567126194836
UGT2B7,UGT,Human,Lung,39,6.881335715937452e-5,1.5553850981462267e-5,9.11967189662955e-4
UGT2B7,UGT,Human,LymphNode,82,1.732132044366379e-4,1.3612946015551466e-4,7.545170044281441e-4
UGT2B7,UGT,Human,Muscle,54,2.362028918881662e-6,1.2552169802591028e-6,3.25377738981396e-5
UGT2B7,UGT,Human,Myometrium,15,1.761798168657796e-4,8.64964401550932e-5,9.85150137794199e-4
UGT2B7,UGT,Human,Pancreas,142,2.0395023607032515e-4,1.5182429939738875e-4,0.0013403262536407642
UGT2B7,UGT,Human,Pericentral,132,0.015036401897662687,0.0012585108510440026,0.6190997110348818
UGT2B7,UGT,Human,Periportal,132,0.015036401897662687,0.0012585108510440026,0.6190997110348818
UGT2B7,UGT,Human,Placenta,7,8.262906096465455e-6,6.93340474812047e-6,1.4561709654228255e-5
UGT2B7,UGT,Human,Plasma,43,3.883552802198242e-6,2.5987571396208485e-6,4.230992143353483e-5
UGT2B7,UGT,Human,Rectum,33,0.02328388797526185,1.875354996642854e-4,0.30059567126194836
UGT2B7,UGT,Human,SalivaryGland,50,1.074234861738152e-4,1.0202438325047734e-4,3.8919920469418425e-4
UGT2B7,UGT,Human,Skin,328,1.6416916759429783e-5,1.198920838924625e-5,2.1199835980132244e-4
UGT2B7,UGT,Human,SmallIntestine,22,0.03476975972943496,0.0011492445730122399,0.30059567126194836
UGT2B7,UGT,Human,Spleen,11,4.612106629888459e-5,5.681461844225556e-6,4.482978913363914e-4
UGT2B7,UGT,Human,Stomach,60,1.366672033827926e-5,3.578724190995223e-6,2.3058981710506794e-4
UGT2B7,UGT,Human,Thyroid,46,6.820630633514489e-6,5.764903821113144e-6,2.7570045982733377e-5
UGT2B7,UGT,Human,Undefined,41,1.694308990865862e-5,5.105648997882859e-6,8.5935201447121e-5
UGT2B7,UGT,Human,UpperIleum,18,0.04216464950720576,0.0010137111771508335,0.30059567126194836
UGT2B7,UGT,Human,UpperJejunum,18,0.04216464950720576,0.0010137111771508335,0.30059567126194836
UGT2B7,UGT,Macaque,Brain,16,0.0013442747748081954,9.858129540292317e-4,0.002918536189007534
UGT2B7,UGT,Macaque,Caecum,2,0.0053610254231527855,0.0053610254231527855,0.00904839720590051
UGT2B7,UGT,Macaque,ColonAscendens,2,0.0053610254231527855,0.0053610254231527855,0.00904839720590051
UGT2B7,UGT,Macaque,ColonDescendens,2,0.0053610254231527855,0.0053610254231527855,0.00904839720590051
UGT2B7,UGT,Macaque,ColonSigmoid,2,0.0053610254231527855,0.0053610254231527855,0.00904839720590051
UGT2B7,UGT,Macaque,ColonTransversum,2,0.0053610254231527855,0.0053610254231527855,0.00904839720590051
UGT2B7,UGT,Macaque,Gonads,46,0.04019168491100106,0.021380909804459503,0.18069338062595333
UGT2B7,UGT,Macaque,Heart,31,0.001658741982012358,3.8471976442495845e-4,0.01782065093915233
UGT2B7,UGT,Macaque,Kidney,57,0.21246872240354614,0.19017762146326156,1
UGT2B7,UGT,Macaque,LargeIntestine,2,0.0053610254231527855,0.0053610254231527855,0.00904839720590051
UGT2B7,UGT,Macaque,LowerIleum,1,0.6051747240291674,0.6051747240291674,0.6051747240291674
UGT2B7,UGT,Macaque,Lung,6,0.013361569898450363,0.011541984350669856,0.03839678036629086
UGT2B7,UGT,Macaque,Muscle,6,7.063412281968222e-4,4.114579572997648e-4,0.001966983642229653
UGT2B7,UGT,Macaque,Pericentral,85,0.3536061415970256,0.3233739128945051,0.9508172122207738
UGT2B7,UGT,Macaque,Periportal,85,0.3536061415970256,0.3233739128945051,0.9508172122207738
UGT2B7,UGT,Macaque,Rectum,2,0.0053610254231527855,0.0053610254231527855,0.00904839720590051
UGT2B7,UGT,Macaque,SmallIntestine,1,0.6051747240291674,0.6051747240291674,0.6051747240291674
UGT2B7,UGT,Macaque,Spleen,2,4.1631722801440936e-4,4.1631722801440936e-4,5.497520605532183e-4
UGT2B7,UGT,Macaque,UpperIleum,1,0.6051747240291674,0.6051747240291674,0.6051747240291674
